shop,office,healthcare:speciality,building:part,clinic,addr:housenumber,addr:state,name:de,source,opening_hours:url,image,fax,survey:date,short_name,fixme,historic,name:uk,tourism,addr:street,contact:facebook,contact:fax,name,designation,level,addr:postcode,roof:material,ref:nid,source:user,WroclawGIS:building:ID,ewmapa:warstwa,full_name,building:usage:pl,description,wikipedia,mapillary,addr:street:sym_ul,ref,email,highway,WroclawGIS:building:ringIndex,barrier,contact:email,addr:source,addr:city:simc,roof:shape,source:geometry,addr:city,building:use:pl,source_ref,building:type:pl,lon,contact:website,roof:colour,height,lat,alt_name,operator,area,opening_hours,contact:phone,addr:housename,building:parts,heritage,start_date,website,addr:subdistrict,phone,official_name,emuia:id,dispensing,landuse,source:amenity,amenity,operator:type,WroclawGIS:building:date,wikidata,source_ref:3D,emergency,addr:district,building:levels,note,building:fireproof,source:addr,building:material,addr:county,building,building:colour,url,wheelchair,addr:place,building:levels:underground,healthcare,addr:country,heritage:operator
,,,,,11,,,Starostwo Powiatowe Będzin,,,,,,,,,,Siemońska,,,"""Promed"" NZOZ Przychodnia Rejonowo-Specjalistyczna",,,42-500,,,,,,,,,,,,,,,,,,,,,,Będzin,"Szpital lub zakład opieki medycznej, socjalnej",,,19.1605797,,,,50.3264501,,,,,,,,,,,,,,,,,,clinic,,,,,,,2,,,,,,healthcare,,,,,,,PL,
,,,,,,,,,,,,,,,,,,,,,ArtDent Medica Centrum Stomatologiczne,,,,,,,,,,,,,,,,,,,,,,,,,,,,,17.6076401,,,,52.5396295,,,,,,,,,,,,,,,,,,clinic,,,,,,,,,,,,,yes,,,,,,clinic,,
,,,,,1,,,UM Kielce,,,,,,,,,,Robotnicza,,,ArtMedik,,,25-662,,,,,,,,,,,,,,,,,,,,,,Kielce,,,,20.6270983,,,,50.8865612,,,,,,,,,,,,,,,,,,clinic,,,,,,,,,,,,,yes,,,,,,clinic,,
,,,,,21/25,,,,,,,,,,,,,Bukowińska,,,Artismed,,,02-703,,,,,,,,,,,02394,,,,,,,,0918123,,,Warszawa,,,,21.0266010,,,,52.1800046,,,,,,,,,,http://www.artismed.eu/,,,,,,,,clinic,,,,,,,,,,mapa.um.warszawa.pl,,,yes,,,,,,,,
,,,,,,,,,,,,,,,,,,,,,Bagłaj,,,,,,,,,,,,,,,,,,,,,,,,,,,,,17.0038434,,,,51.0687264,,,,,,,,,,https://www.baglaj.com.pl/chide/,,,,,,,,clinic,,,,,,,,,,,,,,,"https://dolny-slask.org.pl/6807697,Wroclaw,Szpital_Jednodniowy.html",,,,,,
,,,,,,,,,,,,,,,,,,,,,Bi-Med,,,,,,,,,,,,,,,,,,,,,,,,,,,,,18.8561291,,,,50.4485688,,,,,,,,,,,,,BI-MED Niepubliczny Zakład Opieki Zdrowotnej,,,,,clinic,,,,,,,,,,,,,yes,,,,,,,,
,,,,,22,,,UM Siemianowice Śląskie,,,,,,,,,,Świętej Barbary,,,BlueBall Centrum Rehabilitacji,,,41-100,,,,,,,,,,,,,,,,,info@blueball.pl,,,,,Siemianowice Śląskie,,,,19.0318362,,,,50.3048477,,,,,796969671,,,,,http://www.blueball.pl,,,,,,,,clinic,,,,,,,,,,,,,yes,,,,,,,,
,,,,,8,,,,,,,,,,,,,Tadeusza Sroczyńskiego,,,CENTRUM DIALIZ FRESENIUS NEPHROCARE XVII,,,,,,,,,,,,,,,,,,,,,,,,,Jasło,,,,21.4852492,,,,49.7512176,,,,,,,,,,,,+48 134453257,,,,,,clinic,,,,,,,,,,EMUiA (emuia.geoportal.gov.pl),,,yes,,,,,,,,
,,,,,,,,Starostwo Powiatowe w Sochaczewie,,,,,,,,,,,,,Centrum Dializ Fresenius,,,,,,,,,,,,,,,,dorota.sliwicka@fmc-ag.com,,,,,,,,,,,,,20.2295994,,,,52.2380685,,Fresenius Medical Care Polska S.A.,,Mo-Sa 07:00-23:00,,,,,,https://www.nephrocare.pl/stacje-dializ/clinic/mazowieckie/sochaczew.html,,+48 22 213 38 10,,,,,,clinic,,,,,,,1,,,,,,healthcare,,,,,,,,
,,,,,61,,,,,,,,,,,,,Marcelego Nenckiego,,,Centrum Dializ Fresenius,,,52-223,,,,,,Centrum Dializ Fresenius Ośrodek Dializ nr 54 we Wrocławiu,,,,,14074,54,,,,,,,,,,Wrocław,,,,17.0241769,,,,51.0578909,,,,,,,,,,https://www.nephrocare.pl/stacje-dializ/clinic/dolnoslaskie/wroclaw-mcd1.html,,,,,,,,clinic,,,,,,,,,,WroclawGIS,,,yes,,,,,,dialysis,,
,,,,,29,,,,,,,,,,,,,Karmelicka,,,Centrum Kardiologiczne NZOZ KardioMED,,,34-100,,,,,,,,,,,,,,,,,,,,,,Wadowice,,,,19.4890046,,,,49.8784903,,,,,,,,,,,,+48 33 8737442,,,,,,clinic,,,,,,,,,,EMUiA (wadowice.e-mapa.net),,,yes,,,,,,clinic,,
,,,,,,,,,,,,,,,,,,,,,Centrum Leczniczo-Rehabilitacyjne i Medycyny Pracy Attis,,,,,,,,,,,,,,,,,,,,,,,,,,,,,20.9500531,,,,52.2367786,,,,,,,,,,http://www.attis.com.pl,,,,,,,,clinic,,,,,,,,,,,,,,,,,,,,,
,,,,,9A,,,,,,+48 85 741 79 37,,,,,,,Piasta,,,Centrum Medycyny Oddechowej,,,15-044,,,,,,,,,,,,,,,,,,,,,,Białystok,,,,23.1800728,,,,53.1349662,,,,,+48 85 732 30 78,,,,,http://www.cmo-med.pl/,,,,,,,,clinic,,,,,,,,,,,,,yes,,,,,,,PL,
,,,,,19,,,,,,,,,,,,,Cybernetyki,,,Centrum Medycyny Pracy Medicover,,,02-677,,,,,,,,,,,,,,,,,,,,,,Warszawa,,,,20.9895136,,,,52.1769604,,,,Mo-Fr 08:00-20:00,,,,,,,,,,,,,,clinic,,,,,,,,,,,,,yes,,,,,,clinic,,
,,,,,99,,,,,,,,,,,,,Stefana Wyszyńskiego,,,Centrum Medyczne,,,65-536,,,,,,,,,,,,,,,,,,,,,,Zielona Góra,,,,15.4826562,,,,51.9375761,,,,,,,,,,,,,,,,,,clinic,,,,,,,,,,,,,yes,,,,,,clinic,,
,,,,,77,,,,,,,,,,,,,Aleja Stefana Batorego,,,"Centrum Medyczne ""Batorego""",,,33-300,,,,,,,,,,,,,,,,,,,,,,Nowy Sącz,,,,20.7008462,,,,49.6104278,,,,,,,,,,http://www.cmbatorego.pl/,,+48 18 4420006,,,,,,clinic,,,,,,,,,,EMUiA (emuia.gugik.gov.pl),,,yes,,,yes,,,,,
,,,,,18,,,,,,,,,,,,,Legionów Polskich,,,"Centrum Medyczne ""LEGIONÓW""",,,84-300,,,,,,,,,,,,,,,,,,,,,,Lębork,,,,17.7386372,,,,54.5334564,,,,,,,,,,,,,,,,,,clinic,,,,,,,3,,,mlebork.punktyadresowe.pl,,,hospital,,,,,,,,
,,,,,16A,,,,,,,,,,,,,Bolesława Chrobrego,,,Centrum Medyczne B.Larsen,,,15-057,,,,,,,,,,,,,,,,,,,,,,Białystok,,,,23.1862356,,,,53.1300641,,,,,,,,,,http://cmlarsen.pl/,,85 654 48 15 ‎,,,,,,clinic,,,,,,,2,,,EMUiA (emuia.gugik.gov.pl),,,hospital,,,,,,,PL,
,,,,,7,,,,,,,,,,,,,Lęborska,,,Centrum Medyczne Bieńkowski - Klinika Chirurgii Plastycznej,,,85-728,,,,,,,,,,,,,,,,,,,,,,Bydgoszcz,,,,18.0480079,,,,53.1214699,,,,Mo-Fr 09:00-19:00,,,,,,https://www.wbienkowski.pl/,,,,,,,,clinic,,,,,,,,,,,,,yes,,,,,,clinic,,
,,,,,,,,,,,,,,,,,,,,,Centrum Medyczne Boruta Sp. z o.o.,,,,,,,,,,,,,,,,sekretariat@cm-boruta.pl,,,,,,,,,,,,,19.4008564,,,,51.8508317,,,,,,,,,,http://cm-boruta.pl/,,,,,,,,clinic,,,,,,,,,,,,,,,,,,,,,
,,,,,23,,,,,,,2014-12-10,,,,,,Kłodnicka,,,Centrum Medyczne FEMINA,,,40-703,,,,,,,,,,,,,,,,,,,,,,Katowice,,,,18.9895957,http://www.femina.katowice.pl,,,50.2266684,,,,,+48 32 2064060,,,,,,,,,,,,,clinic,,,,,,,,,,,,,yes,,,,,,,,
,,,,,,,,,,,,,,,,,,,,22 465 24 91,Centrum Medyczne Gamma,,,,,,,,,,,,,,,,,,,,kontakt@cmgamma.pl,,,,,,,,,20.9769580,http://www.cmgamma.pl,,,52.2619808,,,,,22 273 90 00,,,,,,,,,,,,,clinic,,,,,,,,,,,,,,,,,,,clinic,,
,,,,,14,,,Starostwo Powiatowe Będzin,,,,,,,,,,Ignacego Krasickiego,,,Centrum Medyczne INTER-MED,,,42-500,,,,,,,,,,,,,,,,,,,,,,Będzin,"Szpital lub zakład opieki medycznej, socjalnej",,,19.1311417,,,,50.3159491,,,,,,,,,,,,,,,,,,clinic,,,,,,,2,,,,,,healthcare,,,,,,,,
,,,,,21/23,,,,,,,,,,,,,Ogrodowa,,,Centrum Medyczne Ogrodowa,,,96-100,,,,,,,,,,,14834,,,,,,,,0976942,,,Skierniewice,,,,20.1458121,,,,51.9559314,,,,Mo-Fr 07:30-20:00; Sa 07:30-12:00,,,,,,http://centrumogrodowa.pl/,,,,,,,,clinic,,,,,,,,,,emuia.gugik.gov.pl,,,yes,,,,,,clinic,,
,,,,,5,,,,,,,,,,,,,Belgradzka,,,Centrum Medyczne Onkologii i Hipertermii,,,02-793,,,,,,,,,,,00980,,,,,,,,0918123,,,Warszawa,,,,21.0614288,,,,52.1406036,,,,,,,,,,http://www.hipertermia.pl/,,,,,,,,clinic,,,,,no,,,,,mapa.um.warszawa.pl,,,clinic,,,,,,clinic,,
,,,,,10,,,Bing,,,,,,,,,,Aleja Józefa Piłsudskiego,,,Centrum Medyczne Wielkoszyński,,,41-300,,,,,,,,,,,,,rejestracja(@)wielkoszynski.pl,,,,,,,,,Dąbrowa Górnicza,,,,19.2135539,,,,50.3291677,,,,Mo-Th 08:00-20:00; Fr 08:00-16:00,,,,,,https://wielkoszynski.pl/,,+48 506 112 819,,,,,,clinic,,,,,,,,,,,,,yes,,,,,,,,
,,,,,38,,,,,,,,,,,,,Sowia,,,Centrum Narodzin MAMMA,,,,,,,,,,,,,,,,recepcja@centrumnarodzin.pl,,,,,,,,,,,,,14.6942769,,,,53.3752800,,Centrum Narodzin MAMMA Sp. z o.o.,,,,,,,,http://centrumnarodzin.pl/,,+48914628000,,,,,,clinic,,,,,,,2,,,gis.um.szczecin.pl,,,hospital,,,,,,,,
,,,,,,,,,,,,,,,,,,,,,Centrum Profilaktyczno-Diagnostyczne - Centrum Onkologii,,,,,,,,,,,,,,,,,,,,,,,,,,,,,18.1125555,,,,53.1482022,,,,,,,,,,,,,,,,,,clinic,,,,,,,,,,,,,yes,,,,,,,,
,,,,,,,,,,,,,,,,,,,,,Centrum Rehabilitacji Rolnikow KRUS w Jedlcu,,,,,,,,,,,,,,,,,,,,,,,,,,,,,17.9472778,,,,51.8184566,,,,,,,,,,http://www.jedlec.pl,,,,,,,,clinic,,,,,,,,,,,,,yes,,,,,,,,
,,,,,1A,,,,,,,,,,,,,Leśna,,,Centrum Rehabilitacyjno–Lecznicze Medpharma,,,83-200,,,,,,,,,,,,,,,,,,,,,,Nowa Wieś Rzeczna,,,,18.4870175,,,,53.9610455,,,,,,Centrum Rehabilitacyjno–Lecznicze Medpharma,,,,,,,,,,,,clinic,,,,,,,,,,,,,yes,,,,,,,,
,,,,,33,,,,,,,,,,,,,Grunwaldzka,,,Centrum Stomatologiczne,,,83-000,,,,,,,,,,,,,,,,,,,,,,Pruszcz Gdański,,,,18.6356674,,,,54.2603908,,,,,,,,,,,,,,,,,,clinic,,,,,,,2,,,,,,yes,,,,,,clinic,,
,,,,,28a,,,photograph,,,,,,,,,,Senatorska,,,Centrum Stomatologiczne Ossowscy,,,58-316,,,,,,,,,,,,,walbrzych@dentarama.pl,,,,,,,,,Wałbrzych,,https://www.flickr.com/photos/124589265@N07/14099529650/,,16.2880075,,,,50.8248404,,,,,,,,,,https://dentarama.pl/,,+48 74 84 19 595,,,,,,clinic,,,,,,,,,,,,,yes,,,,,,clinic,,
,,,,,,,,Starostwo Powiatowe Będzin,,,,,,,,,,,,,Centrum Stomatologiczno-Medyczne,,,,,,,,,,,,,,,,,,,,,,,,,,"Szpital lub zakład opieki medycznej, socjalnej",,,19.1324080,,,,50.3183425,,,,,,,,,,,,,,,,,,clinic,,,,,,,1,,,,,,healthcare,,,,,,,,
,,,,,47,,,,,,,,,,,,,Ludwika Zamenhofa,,,Centrum Usług Medycznych Eskulap sp. z o.o.,,,58-100,,,,,,,,,,,,,,,,,,,,,geoportal.gov.pl. GPS,Świdnica,,,,16.4725415,,,,50.8461411,,,,,,,,,,,,,,,,,,clinic,,,,,,,,,,,,,yes,,,,,,,,
,,,,,9,,,,,,,,,,,,,Romualda Traugutta,,,Centrum Zdrowia Psychicznego,,,,,,,,,,,,,,,,,,,,,,,,,Gdynia,,,,18.5361304,,,,54.5115296,,,,,,,,,,http://czpgdynia.pl,,,,,,,,clinic,,,,,,,,,,,,,yes,,,,,,,,
,,,,,21,,,,,,,,,,,,,,,,"Centrum leczenia uzależnień ""Zaroślak""",,,89-650,,,,,,,,,,,,,biuro@leczenie-uzaleznien.com,,,,,,,,,Kurcze,,,,17.9927526,,,,53.7405886,,,,,,,,,,https://www.leczenie-uzaleznien.com/,,,,,,,,clinic,,,,,,,,,,,,,yes,,,,Kurcze,,,,
,,,,,317,,,,,,,,,,,,,Krakowska,,,"Centrum medyczne ""Intermed""",,,32-080,,,,,,,,,,,,,info@cmintermed.pl,,,,,,,,,Zabierzów,,,,19.8329709,,,,50.1092264,,,,Mo-Fr 08:00-19:00; Sa 08:00-14:00,,,,,,http://www.cmintermed.pl/,,+48 12 267 0589,,,,,,clinic,,,,,,,2,,,EMUiA (emuia.geoportal.gov.pl),,,yes,,,,,,,,
,,,,,24,,,,,,,,,,,,,Prezydenta Gabriela Narutowicza,,,Centrum medyczne Farma-med,,,88-100,,,,,,,,,,,,,,,,,,,,,,Inowrocław,,,,18.2536102,,,,52.7983230,,,,,,,,,,,,,,,,,,clinic,,,,,,,,,,,,,yes,,,,,,clinic,,
,,,,,6,,,,,,,,Centrum Medyczne nr 2 Prywatnej Lecznicy Certus,,,,,Wagrowska,,,Certus,,,61-369,,,,,,,,,,,,,,,,,,,,,,Poznań,,,,16.9464350,,,,52.3781385,,,,,,,,,,https://certus.med.pl/,,+48 61 887 78 00,Prywatna Lecznica Certus Sp. z o.o. Centrum Medyczne nr 2,,,,,clinic,,,,,,,,,,,,,yes,,,,,,,PL,
,,,,,17,,,,,,,,,,,,,Druskienicka,,,Chirurgia Poznańska,,,60-476,,,,,,,,,,,,,,,,,,,,,,Poznań,,,,16.8875812,,,,52.4452398,,,,,,,,,,,,,,,,,,clinic,,,,,,,,,,EMUiA (emuia.geoportal.gov.pl),,,yes,,,,,,,,
,,,,,11,,,,,,,,,,,,,Józefa Montwiłła-Mireckiego,,,Clinica Medica,,,,,,,,,,,,,,,,,,,,,,,,,Gdynia,,,,18.5032336,,,,54.5287617,,,,,,,,,,http://www.clinica-medica.pl/,,,,,,,,clinic,,,,,,,,,,,,,hospital,,,,,,,PL,
,,,,,36,,,,,,,,,,,,,Kujawska,,,Dentico & Rehabilis Clinic,,,,,,,,,,,,,,,,,,,,,,,,,Białystok,,,,23.1989005,,,,53.1265947,,,,,,,,,,,,,,,,,,clinic,,,,,,,,,,,,,yes,,,,,,,,
,,,,,40,,,,,,,,Dolmed,,,,,Legnicka,,,Dolnośląskie Centrum Medyczne,,,53-674,,,,,,,,,,,,,,,,,,,,,,Wrocław,,,,17.0034750,,,,51.1138363,,,,,,,,,,http://www.dolmed.pl,,,,,,,,clinic,,,,,,,,,,,,,yes,,,,,,,,
,,general;psychiatry;internal;gynaecology;paediatrics,,,1,,,,,,,,,,,,,Gdyńska,,,Dom Medyczny „Gdyńska”,,0;1,80-340,,,,,,,,,,,,,gdynska@ncm.com.pl,,,,,,,,,Gdańsk,,,,18.5774876,,,,54.4210705,,Nadmorskie Centrum Medyczne,,Mo-Fr 07:00-19:00,,,,,,https://www.ncm.com.pl/domymedyczne/gdynska,,58 763 92 00,,,,,,clinic,,,,,,,2,,,,,,commercial,,,,,,clinic,PL,
,,cardiology;allergology;pulmonology;internal,,,7,,,,,,,,,,,,,Gospody,,,Dom Medyczny „Gospody”,,,80-344,,,,,,,,,,,,,gospody@ncm.com.pl,,,,,,,,,Gdańsk,,,,18.5802350,,,,54.4228198,,Nadmorskie Centrum Medyczne,,Mo-Th 07:00-19:00; Fr 07:00-15:00,,,,,,https://www.ncm.com.pl/domymedyczne/gospody,,58 763 92 90,,,,,,clinic,,,,,,,2,,,Urząd Miasta Gdańsk,,,commercial,,,,,,clinic,PL,
,,internal;paediatrics;gynaecology;surgery,,,34,,,,,,,,,,,,,Jana Kilińskiego,,,"Dom Medyczny „Kilińskiego""",,,80-452,,,,,,,,,,,,,,,,,,,,,,Gdańsk,,,,18.6050612,,,,54.3861296,,Nadmorskie Centrum Medycznego Sp. z o.o.,,Mo-Fr 07:00-19:00,,,,,,https://www.ncm.com.pl/domymedyczne/kilinskiego,,+48 58 763 9500,,,,,,clinic,,,,,,,,,,Urząd Miasta Gdańsk,,,yes,,,,,,clinic,PL,
,,,,,19,,,,,,,,,,,,,Kardynała Stanisława Hozjusza,,,Dom Opieki „Laurentius”,,,11-041,,,,,,,,,,,,,,,,,,,,,,Olsztyn,,,,20.4379525,,,,53.8097712,,,,,,,,,,http://www.laurentius.pl/,,,,,,,,clinic,,,,,,,,,,,,,yes,,,,,,,,
,company,,,,5,,,,,,,,,,,,spa_resort,Stanisława Rokosza,,,Dormed Medical Spa Klinika Zdrowia i Urody,,,28-100,,,,,,,,,,,18808,,,,,,,,0946651,,,Busko-Zdrój,,,,20.7124449,,,,50.4571478,,,,,,,,,,,,,,,,,,clinic,,,,,,,,,,,,,yes,,,,,,,,
,,,,,,,,,,,,,,,,,,,,,Dzienny Ośrodek Psychiatrii i Zaburzeń Mowy dla Dzieci i Młodzieży,,,,,,,,,,,,,,,,,,,,,,,,,,,,,17.0266807,,,,51.1461721,,,,,,,,,,http://www.dopdim.pl/,,,,,,,,clinic,,,,,,,,,,,,,,,,,,,,,
,,,,,40,,,,,,,,,,,,,Stanisława Żółkiewskiego,,,Euroklinika,,,43-300,,,,,,,,,,,,,rejestracja@euroklinika.pl,,,,,,,,,Bielsko-Biała,,,,19.0234155,,,,49.8262784,,,,,,,,,,www.euroklinika.pl,,+48 698 991 577,,,,,,clinic,,,,,,,,,,,,,yes,,,,,,,,
,,,,,88J,,,,,,,,,,,,,Konstantego Ciołkowskiego,,,FCMed,,,,,,,,,,,,,,,,,,,,,,,,,Białystok,,,,23.2154829,,,,53.1251810,,,,"Mo-Fr 08:00-20:00, Sa 08:00-14:00; Su, PH off",+48856777022,,,,,https://fcmed.pl/,,,,,,,,clinic,,,,,,,,,,,,,yes,,,,,,,,
,,,,,61a,,,,,,,,,,,,,Modlińska,,,"Filia przychodni lekarskiej ""BER-MED""",,,05-135,,,,,,,,,,,,,,,,,,,,,,Wieliszew,,,,20.9713013,,,,52.4503746,,,,,,,,,,,,,,,,,,clinic,,,,,,,,,,,,,yes,,,,,,,,
,,,,,25,,,,,,,,,,,,,,,,GK-MED,,,39-225,,,,,,,,,,,,,,,,,,,0821530,,,,,,,21.3046171,,,,49.8771313,,,,,,,,,,,,,,,,,,clinic,,,,,,,3,,,emuia1.gugik.gov.pl,,,yes,,,,Jodłowa,,,,
,,,,,22,,,geoportal.gov.pl:ortofoto,,,,,,,,,,Dworcowa,,,Gminny Ośrodek Zdrowia,,,,,,,,,,,,,,,,,,,,,,,,,Lubichowo,,,,18.3987802,,,,53.8485978,,,,,,,,,,,,585885213,,,,,,clinic,,,,,,,,,,emuia.gugik.gov.pl,,,yes,,,,,,,,
,,,,,3,,,,,,,,,,,,,Słoneczna,,,Gminny Ośrodek Zdrowia,,,42-120,,,,,,,,,,,,,,,,,,,,,,Miedźno,,,,18.9826709,,,,50.9678737,,,,,,Gminny Ośrodek Zdrowia,,,,,,,,,,,,clinic,,,,,,,,,,,,,yes,,,,,,,,
,,,,,23,,,,,,,,,,,,,Kaliska,,,Gminny Ośrodek Zdrowia w Gizałkach,,,63-308,,,,,,,,,,,,,,,,,,,,,,Gizałki,,,,17.7698767,,,,52.0420675,,,,,,,,,,,,,,,,,,clinic,,,,,,,,,,EMUiA (gizalki.e-mapa.net),,,yes,,,,,,,,
,,,,,,,,,,,,,,,,,,Mściwojów,,,Gminny Ośrodek Zdrowia w Mściwojowie,,,59-407,,,,,,,,,,,,,,,,,,,,,,Mściwojów,,,,16.2780295,,,,51.0443735,,,,,,,,,,,,,,,,,,clinic,,,,,,,,,,,,,yes,,,,,,,,
,,,,,20,,,WMS UM Siemianowice Śląskie,,,,,,,,,,Wiejska,,,Grupowa Praktyka Lekarzy Rodzinnych Familia,,,41-100,,,,,,,,,,,,,,,,,,,,,,Siemianowice Śląskie,,,,19.0513529,,,,50.3335175,,,,,,,,,,,,,,,,,,clinic,,,,,,,,,,,,,yes,,,,,,,,
,,,,,,,,,,,,,,,,,,,,,Halluxmed,,,,,,,,,,,,,,,,,,,,,,,,,,,,,16.8212082,,,,52.3371215,,,,,,,,,,,,,,,,,,clinic,,,,,,,,,,,,,hospital,,,,,,,,
,,,,,4A,,,,,,,,,,,,,Wągrowiecka,,,Hipokrates,,,62-085,,,,,,,,,,,,,,,,,,,0971459,,,Skoki,,,,17.1579822,,,,52.6717220,,,,,,,,,,,,+48 61 892 51 91,,,,,,clinic,,,,,,,,,,EMUiA (skoki.e-mapa.net),,,yes,,,,,,,,
,,,,,14,,,,,,,,,,,,,Indiry Gandhi,,,Instytut Hematologii i Transfuzjologii,,,02-776,,,,,,,,,pl:Instytut Hematologii i Transfuzjologii,,,,,,,,,,,,,Warszawa,,,,21.0324597,,,,52.1454246,,,,,,,,,,http://www.ihit.waw.pl,,+48 22 3496100,,,,,,clinic,,,Q11713050,,,,,,,mapa.um.warszawa.pl,,,hospital,,,yes,,,,,
,,,,,,,,,,,,,,,,,,,,,Instytut Medyczny im. Jana Pawła II,,,,,,,,,,,,,,,,biuro@insmed.com.pl,,,,,,,,,,,,,14.5516583,,,,53.4419946,,,,,,,,,,http://insmed.com.pl/,,+48 91 454 00 52,,,,,,clinic,,,,,,,,,,,,,,,,,,,,,
,,,,,52,Zachodniopomorskie,,survey,,,+48 94 713 62 44,,,,,,,Podporucznika Edmunda Łopuskiego,,,Inter Medical,,,78-100,,,,,,,,,,,,,kontakt@inter-medical.pl,,,,,,,flat,,Kołobrzeg,,,,15.5622254,,,,54.1714733,,,,Mo-Fr 07:30-21:00;Sa 10:00-18:00;PH off,,Inter Medical,,,,http://www.inter-medical.pl/,,+48 94 71 362 23;+48 94 71 362 24,,,,,,clinic,,,,,,,4.5,,,,brick,Kołobrzeski,hospital,firebrick,,yes,,,clinic,PL,
,,,,,2,,,,,,,,,,,,,Bolesława Krzywoustego,,,Intermedicatus,,,56-416,,,,,,,,,,,,,,,,,,,,,"geoportal.gov.pl, GPS",Twardogóra,,,,17.4669463,,,,51.3670339,,,,,,,,,,,,,,,,,,clinic,,,,,,,,,,,,,yes,,,,,,,,
,,,,,15,,,UM Ruda Śląska,,,,,,,,,,Ludwika Solskiego,,,KORLAB Laboratoria Medyczne sp. z o.o.,,,41-703,,,,,"Przyziemie budynku ognioodpornego, podpory, podcienia z pomiaru w terenie",,,,,,,,,,,,,,,,,Ruda Śląska,,,,18.8751279,,,,50.3150897,,,,,,,,,,,,,,,,,,clinic,,,,,,,2,,yes,,,,yes,,,,,,,,
,,,,,71-75,,,,,,,,,,,,,Częstochowska,,,Kalmedica,,,62-800,,,,,,,,,,,,,,,,,,,,,,Kalisz,,,,18.0956579,,,,51.7466875,,,,,,,,,,http://www.kalmedica.com.pl/,,,,,,,,clinic,,,,,,,4,,,,,,healthcare,,,,,,,,
,,,,,3,,,msi,,,,,,,,,,Wojciecha Oczki,,,Katedra i Klinika Chemii Medycznej,,,,,,,,,,,,,,,,,,,,,,,,,Warszawa,,,,20.9994555,,,,52.2239239,,,,,,,,,,,,,,,,,,clinic,,,,,,,,,,,,,yes,,,,,,,,
,,,,,4,,,,,,,,,,,,,Williama Heerleina Lindleya,,,Katedra i Klinika Ortopedii i Traumatologii Narządu Ruchu,,,02-005,,,,,,,,,,,11083,20,,,,,,,0918123,,,Warszawa,,,,20.9971800,,,,52.2247508,,,,,,,,,,,,,,,,,,clinic,,,,,,,,,,mapa.um.warszawa.pl,,,yes,,,,,,,,
,,,,,28,,,,,,+48422765585,,,,,,,Plac Tadeusza Kościuszki,,,Kliniczne Centrum Medyczne,,,95-070,,,,,,,,,,,09580,,,,,,,,0958654,,,Aleksandrów Łódzki,,,,19.3023440,,,,51.8199962,,,,Mo-Fr 08:00-22:00; Sa 19:00-16:00,,,,,,http://kcmaleksandrow.pl,,+48882137147,,,,,,clinic,,,,,,,,,,emuia.gugik.gov.pl,,,public,,,,,,,PL,
,,,,,26,,,,,,,,,,,,,Akademicka,,,Klinika Bocian,,,15-267,,,,,,,,,,,,,,,,,,,,,,Białystok,,,,23.1614163,,,,53.1285108,,,,,,,,,,,,,,,,,,clinic,,,,,,,2,,,,,,yes,,,,,,,,
,,,,,59C,,,,,,,,,,,,,Nowogrodzka,,,"Klinika Chirurgii Czaszkowo-Szczękowo-Twarzowej, Chirurgii Jamy Ustnej i Implantologii",,,02-006,,,,,,,,,,,,4,,,,,,,,,,Warszawa,,,,20.9990375,,,,52.2250375,,,,,,,,,,,,,,,,,,clinic,,,,,,,,,,mapa.um.warszawa.pl,,,yes,,,,,,,,
,,,,,59,,,,,,,,,,,,,Tytusa Chałubińskiego,,,Klinika Chirurgii Ogólnej i Transplantacyjnej,,,02-004,,,,,,,,,,,,,,,,,,,,,,Warszawa,,,,21.0020523,,,,52.2252206,,,,,,,,,,,,,,,,,,clinic,,,,,,,4,,,,,,yes,,,,,,,,
,,,,,59B,,,,,,,,,,,,,Nowogrodzka,,,Klinika Chorób Wewnętrznych i Kardiologii,,,02-006,,,,,,,,,,,,3,,,,,,,,,,Warszawa,,,,20.9997392,,,,52.2251919,,,,,,,,,,,,,,,,,,clinic,,,,,,,,,,mapa.um.warszawa.pl,,,yes,,,,,,,,
,,,,,82A,,,,,,,,,,,,,Koszykowa,,,Klinika Dermatologiczna WUM,,,02-008,,,,,,,,,,,09537,,,,,,,,0918123,,,Warszawa,,,,20.9994805,,,,52.2234106,,,,,,,,,,,,,,,,,,clinic,,,,,,,,,,mapa.um.warszawa.pl,,,yes,,,,,,,,
,,,,,324,,,,,,,,,,,,,Grunwaldzka,,,Klinika Grunwaldzka,,,,,,,,,,,,,,,,,,,,,,,,,Poznań,,,,16.8375532,,,,52.3839442,,,,,,,,,,http://klinikagrunwaldzka.pl/,,,,,,,,clinic,,,,,,,,,,,,,yes,,,,,,,,
,,,,,59E,,,,,,,,,,,,,Nowogrodzka,,,Klinika Okulistyki,,,02-006,,,,,,,,,,,14426,5,,,,,,,0918123,,,Warszawa,,,,20.9983858,,,,52.2248487,,,,,,,,,,,,,,,,,,clinic,,,,,,,,,,mapa.um.warszawa.pl,,,yes,,,,,,,,
,,,,,5A,,,,,,,,,,,,,Renesansowa,,,Klinika Renesansowa,,,01-905,,,,,,,,,,,18603,,,,,,,,0918123,,,Warszawa,,,,20.9372120,,,,52.2755494,,,,,,,,,,http://klinikarenesansowa.pl/,,,,,,,,clinic,,,,,,,,,,mapa.um.warszawa.pl,,,yes,,,,,,clinic,,
,,,,,6C,,,,,,,,,,,,,Wojciecha Oczki,,,Klinika Urologii,,,02-007,,,,,,,,,,,,7,,,,,,,,,,Warszawa,,,,20.9989413,,,,52.2247779,,,,,,,,,,,,,,,,,,clinic,,,,,,,,,,mapa.um.warszawa.pl,,,yes,,,,,,,,
,,,,,5,,,,,,,,,,,,,Legnicka,,,Klinika okulistyczna VITA-MED,,,67-200,,,,,,,,,,,10780,,,,,,,,0954082,,,Głogów,,,,16.0807762,,,,51.6497701,,,,,,,,,,http://www.vita-med.glogow.pl/,,,,,,,,clinic,,,,,,,,,,mglogow.e-mapa.net,,,yes,,,,,,optometrist,,
,,,,,,,,,,,,,,,,,,,,,Klinika położnictwa i ginekologii Instytutu Matki i Dziecka,,,,,,,,,,,,,,,,,,,,,,,,,,,,,20.9726221,,,,52.2251790,,,,,,,,,,,,,,,,,,clinic,,,,,,,,,,,,,hospital,,,,,,,,
,,,,,6,,,Bing; knowledge,,,,,,,,,,Wincentego Witosa,,,Laboratorium Analityki Medycznej,,,44-196,,,,,,,,,,,,,,,,,plamed@wp.pl,,,,,Knurów,,,,18.6577419,,,,50.2368171,,,,"Mo-Fr 07:15-16:00, Sa 07:30-09:00",32 235-19-00,,,,,,,,,,,,,clinic,,,,,,,2,,,,,,civic,,,,,,,PL,
,,,,,,,,,,,,,,,,,,Czerkaska,,,Leśna. Przychodnia Rejonowa,,,,,,,,,,,,,,,,,,,,,,,,,Bydgoszcz,,,,18.0299548,,,,53.1385600,,,,,,,,,,,,,,,,,,clinic,,,,,,,,,,,,,yes,,,,,,,,
,,,,,46,,,,,,,,,,,,,Antoniego Chołoniewskiego,,,Lux-Med,,,,,,,,,,,,,,,,,,,,,,,,,Bydgoszcz,,,,18.0048223,,,,53.1123633,,,,,,,,,,,,,,,,,,clinic,,,,,,,,,,,,,yes,,,,,,,,
,,,,,,,,,,,,,,,,,,,,,LuxMed,,,,,,,,,,,,,,,,,,,,,,,,,,,,,19.4743033,,,,51.7486517,,,,,,,,,,,,,,,,,,clinic,,,,,,,,,,,,,yes,,,,,,,,
,,,,,9,,,Knowledge,http://www.doz.pl/lekarze/l44135-Specjalistyczna_Przychodnia_Lekarska_Mar-Vita_s.c.,,,,,,,,,Stefana Żeromskiego,,,MAR-VITA,,,,,,,,,,,,,,,,,,,,,,,,,Lębork,,,,17.7523834,,,,54.5326452,,,,,,,,,,,,,,,,,,clinic,,,,,,,,,,,,,yes,,,,,,,,
,,,,,252,,,,,,,,,,,,,Pabianicka,,,MEDICOR,,,,,,,,,,,,,,,,,,,,,,,,,,,,,19.4241625,,,,51.7069861,,,,,,,,,,,,,,,,,,clinic,,,,,,,,,,,,,yes,,,,,,,,
,,,,,16,,,,,,,,,,,,,Bartosza Głowackiego,,,MaGra,,,39-200,,,,,,,,,,,,,,,,,,,,,,Dębica,,,,21.4100418,,,,50.0549858,,,,,,,,,,,,,,,,,,clinic,,,,,,,,,,EMUiA (emuia.gugik.gov.pl),,,yes,,,,,,,,
,,,,,,,,,,,,,,,,,,,,,Medcom,,,,,,,,,,,Klinika stomatologiczno-lekarska,,,,,,,,,,,,,,,,,,17.0708811,,,,50.9807074,,,,,,,,,,,,,,,,residential,,clinic,,,,,,,,,,,,,,,,,,,centre,,
,,,,,7,,,,,,,,,,,,,Generała Władysława Sikorskiego,,,Medica - Niepubliczny Zakład Opieki Zdrowotnej,,,18-100,,,,,,,,,,,,,,,,,,,,,,Łapy,,,,22.8878469,,,,52.9929864,,,,,,,,,,,,,,,,,,clinic,,,,,,,,,,EMUiA (lapy.e-mapa.net),,,yes,,,,,,,,
,,,,,11,,,,,,,,,,,,,Aleja Zwycięstwa,,,Medica Centrum Edward Kisiel,,,21-200,,,,,,,,,,,26322,,,,,,,,0922254,,,Parczew,,,,22.9126046,,,,51.6400975,,,,08:00-21:00,,,,,,http://medicacentrum.com.pl,,83 355 02 12,,,,,,clinic,,,,,,,,GABINET LEKARSKI LEK. MED. EDWARD KISIEL SPECJALISTA CHORÓB WEWNĘTRZNYCH SPECJALISTA KARDIOLOGII,,parczew.e-mapa.net,,,public,,,,,,clinic,,
,,,,,2,,,,,,,,,,,,,Jagiellońska,,,Medica. Niepubliczny Zakład Opieki Zdrowotnej Medycyny Rodzinnej w Bielsku Podlaskim,,,17-100,,,,,,,,,,,07029,,,,,,,,0922685,,,Bielsk Podlaski,,,,23.1947317,,,,52.7673695,,,,,,,,,,,,,,,,,,clinic,,,,,,,,,,emuia.gugik.gov.pl,,,hospital,,,,,,,,
,,,,,,,,,,,,,,,,,,Krakowska,,,Medican,,,34-120,,,,,,,,,,,,,,,,,,,,,,Andrychów,,,,19.3314895,,,,49.8563740,,,,,,,,,,,,,,,,,,clinic,,,,,,,,,,,,,yes,,,,,,,,
,,,,,30,,,,,,,,,,,,,Jerzego Waszyngtona,,,Medicover,,,,,,,,,,,,,,,,,,,,,,,,,Białystok,,,,23.1523318,,,,53.1247742,,,,,,,,,,,,,,,,,,clinic,,,,,,,2,,,EMUiA (emuia.gugik.gov.pl),,,yes,,,,,,,,
,,,,,278,,,,,,,,,,,,,Puławska,,,Medicover,,,02-819,,,,,,,,,,,18102,,,,,,,,0918123,,,Warszawa,,,,21.0170298,,,,52.1510278,,,,"Mo-Fr 07:00-20:00, Sa 08:00-14:00",,,,,,,,,,,,,,clinic,,,,,,,4,,,mapa.um.warszawa.pl,,,yes,,,,,,,,
,,,,,49,,,,,,,,,,,,,Generała Tadeusza Kościuszki,,,Meditrans,,,07-410,,,,,,,,,,,,,,,,,,,,,,Ostrołęka,,,,21.5727852,,,,53.0875383,,,,,,,,,,,,,,,,,,clinic,,,,,,,,,,EMUiA UM Ostrołęka,,,yes,,,,,,,,
,,,,,1,,,,,,,,,,,,,Folwarczna,,,Medix,,,62-700,,,,,,,,,,,,,,,,,,,,,,Turek,,,,18.5063945,,,,52.0091079,,,,,,,,,,,,,,,,,,clinic,,,,,,,,,,EMUiA (mturek.e-mapa.net),,,yes,,,,,,centre,,
,,,,,42B,,,http://ump.waw.pl/ retrieved 17:43:01 10/18/09 (UMP-Warszawa/src/WARSZAWA.szpitale.pnt-converted.txt),,,,,,,,,,Puławska,,,Medvit,,,05-500,,,,,,,,,,,18102,,medvit@medvit.pl,,,,,,0921438,,,Piaseczno,,,,21.0211333,,,,52.0855535,,,,Mo-Fr 07:00-19:00,,,,,,http://www.medvit.pl/,,+48 22 716 51 00,,,,,,clinic,,,,,,,2,,,piaseczno.e-mapa.net,,,yes,,,,,,clinic,,
,,,,,1,,,bing,,,,,,,,,,Romualda Traugutta,,,Medvita,,,59-600,,,,,,,,,,,22965,,,,,,,,0936227,half-hipped,,Lwówek Śląski,,,,15.5843763,,#CD8368,,51.1099872,,,,,,,,,,,,,,,,,,clinic,,,,,,,,,,lwowekslaski.e-mapa.net,,,yes,#F5DBC0,,,,,clinic,,
,,,,,1b,,,mglogow.e-mapa.net,,,,,,,,,,Sportowa,,,Miedziowe Centrum Zdrowia,,,67-200,,,,,,,,,,,,,,,,,,,,,,Głogów,,,,16.0987650,,,,51.6538456,,Miedziowe Centrum Zdrowia,,,,,,,,,,,,,,,,clinic,,,,,,,,,,,,,yes,,,,,,clinic,,
,,,,,34,,,,,,,,,,,,,Armii Krajowej,,,Miejska Przychodnia Rejonowa nr 2,,,97-500,,,,,,,,,,,,,,,,,,,,,,Radomsko,,,,19.4467765,,,,51.0577595,,,,,,,,,,,,,,,,,,clinic,,,,,,,2,,,,,,civic,,,,,,,,
,,,,,,,,,,,,,,,,,,,,,Międzynarodowe Centrum Dializ Zabrze,,,,,,,,,,,,,,,,,,,,,,,,,,,,,18.7433983,,,,50.3043926,,,,,,,,,,,,,,,,,,clinic,,,,,,,,,,,,,,,,,,,,,
,,,,,10,,,,,,,,,,,,,Teatralna,,,"N.Z.O.Z. Instytut Zdrowia ""Centrum""",,,41-200,,,,,,,,,,,,,,,,,,,,,,Sosnowiec,,,,19.1259304,,,,50.2724086,,,,,,,,,,,,,,,,,,clinic,,,,,yes,,,,,,,,yes,,,,,,,,
,,,,,105,,,,,,,,,,,,,,,,NZOZ,,,26-624,,,,,,,,,,,,,,,,,,,0627070,,,,,,,21.0677779,,,,51.3250384,,,,,,,,,,,,,,,,,,clinic,,,,,,,,,,kowala.e-mapa.net,,,yes,,,,Kowala,,clinic,,
,,,,,119,,,,,,,,,,,,,,,,"NZOZ ""Medicina"" Zuzanna Rejowska",,,33-388,,,,,,,,,,,,,,,,,,,,,,,,,,20.5774228,,,,49.5437708,,,,,,,,,,,,,,,,,,clinic,,,,,,,,,,,,,yes,,,,Gołkowice Górne,,,,
,,,,,34,,,ortofotomapa geoportal,,,,,,,,,,Marszałka Józefa Piłsudskiego,,,"NZOZ ""Przychodnia""",,,08-430,,,,,,,,,,,,,,,,,,,,,,Żelechów,,,,21.9005297,,,,51.8126058,,,,,,,,,,,,,,,,,,clinic,,,,,,,2,,,,,,yes,,,,,,,,
,,,,,6,,,,,,,,,,,,,Jana Radwańskiego,,,"NZOZ ""ZDROWIE""",,,07-300,,,,,,,,,,,,,,,,,,,,,,Ostrów Mazowiecka,,,,21.9072807,,,,52.7981101,,,,,,,,,,,,,,,,,,clinic,,,,,,,,,,,,,yes,,,,,,,,
,,,,,18,,,,,,,,,,,,,29 Stycznia,,,"NZOZ ""Zdrowie""",,,14-230,,,,,,,,,,,,,,,,,,,,,,Zalewo,,,,19.6000145,,,,53.8461632,,,,,,,,,,,,,,,,,,clinic,,,,,,,,,,,,,yes,,,,,,,,
,,,,,2a,,,UM Racibórz,,,,,,,,,,Bielska,,,NZOZ - Twój Lekarz,,,47-400,,,,,,,,,,,,,,,,,,,,,,Racibórz,,,,18.2263469,,,,50.0971094,,,,24/7,,,,,,,,+48324170200,,,,,,clinic,,,,,,,,,,,,,yes,,,,,,clinic,PL,
,,,,,30,,,Starostwo Powiatowe Będzin,,,,,,,,,,Zwycięstwa,,,NZOZ Centrum Medyczne Syberka,,,42-500,,,,,,,,,,,,,,,,,,,,,,Będzin,"Szpital lub zakład opieki medycznej, socjalnej",,,19.1200631,,,,50.3235847,,,,,,,,,,,,,,,,,,clinic,,,,,,,3,,,,,,healthcare,,,,,,clinic,,
,,,,,,,,,,,,,,,,,,,,,NZOZ Centrum Usług Medycznych,,,,,,,,,,,,,,,,,,,,,,,,,,,,,18.8656737,,,,50.4433017,,,,,,,,,,,,,,,,,,clinic,,,,,no,,,,,,,,yes,,,,,,,,
,,,,,,,,,,,,,,,,,,,,,NZOZ Eskulap,,,,,,,,,,,,,,,,,,,,,,,,,,,,,19.7243528,,,,51.7322550,,,,,,,,,,http://www.galkowek.pl/informacje/nzoz-eskulap-galkowek/,,,,,,,,clinic,,,,,,,,,,,,,yes,,,,,,,,
,,,,,1,,,,,,,,,,,,,Adama Mickiewicza,,,NZOZ Eskulap,,,63-322,,,,,,,,,,,,,,,,,,,,,,Gołuchów,,,,17.9287061,,,,51.8493504,,,,,,,,,,,,,,,,,,clinic,,,,,,,,,,,,,yes,,,,,,,,
,,,,,26a,,,,,,,,,,,,,Władysława Broniewskiego,,,NZOZ Eskulap,,,58-400,,,,,,,,,,,02125,,,,,,,,,,,Kamienna Góra,,,,16.0290044,,,,50.7830144,,,,,,,,,,,,,,,,,,clinic,,,,,,,,,,mkamiennagora.e-mapa.net,,,yes,,,,,,clinic,,
,,,,,17,,,UM Katowice,,,,,,,,,,Stolarska,,,NZOZ Euroklinika,,,40-767,,,,,,,,,,,,,,,,,klinika@euroklinika.com.pl,,,,,Katowice,,,,18.9536452,http://www.euroklinika.com.pl/,,,50.2272987,,Jerzy Wilgus,,,+48 32 252 40 40,,,,,,,,,,,,,clinic,,,,,,,,,,,,,yes,,,,,,,,
,,,,,14,,,,,,,,,,,,,Ignacego Paderewskiego,,,NZOZ HOMED,,,36-060,,,,,,,,,,,,,,,,,,,,,geoportal.gov.pl:ortofoto,Głogów Małopolski,,,,21.9710600,,,,50.1421046,,,,,,,,,,,,,,,,,,clinic,,,,,,,,,,UG Głogów Małopolski,,,residential,,,,,,,,
,,,,,5/7,,,,,,,,,,,,,Bankowa,,,NZOZ Karkonoskie Centrum Medyczne,,,58-500,,,,,,,,,,,,,,,,,,,,,,Jelenia Góra,,,,15.7372013,,,,50.9020235,,KCM Clinic S.A.,,,,,,,,,,,,,,,,clinic,,,,,,,,,,"EMUiA (emuia.gugik,gov.pl)",,,yes,,,,,,clinic,,
,,,,,5/7,,,,,,,,,,,,,Bankowa,,,NZOZ Karkonoskie Centrum Medyczne,,,58-500,,,,,,,,,,,,,,,,,,,,,"geoportal.gov.pl, GPS",Jelenia Góra,,,,15.7371967,,,,50.9020215,,KCM Clinic S.A.,,,,,,,,,,,,,,,,clinic,,,,,,,,,,"EMUiA (emuia.gugik,gov.pl)",,,yes,,,,,,clinic,,
,,,,,26,,,,,,,,,,,,,Karmelicka,,,NZOZ Karmelicka,,,00-181,,,,,,,,,,,08061,,,,,,,,0918123,,,Warszawa,,,,20.9896804,,,,52.2509578,,,,8:00-18:00,,,,,,,,,,,,,,clinic,,,,,,,,,,mapa.um.warszawa.pl,,,yes,,,,,,,,
,,,,,23,,,UM Racibórz,,,,,,,,,,Hetmana Jana Karola Chodkiewicza,,,NZOZ Lecznica Imienia Świętego Łazarza,,,47-400,,,,,,,,,,,,,,,,,,,,,,Racibórz,,,,18.1982298,,,,50.0870154,,,,,,,,,,http://www.lazarz-raciborz.pl/,,+4832 419 08 88,,,,,,clinic,,,,,,,,,,,,,yes,,,,,,clinic,,
,,,,,1a,,,UM Zielona Góra,,https://images.mapillary.com/nl-5v-jc9KS3h_XDY-JsKw/thumb-2048.jpg,,,,,,,,Jelenia,,,NZOZ Lopit,,,,,,,,,,,,,https://www.mapillary.com/map/im/nl-5v-jc9KS3h_XDY-JsKw,,,,,,,,,,,,Zielona Góra,,,,15.5004090,,,,51.9425327,,Lubuski Ośrodek Profilaktyki i Terapii Osób Uzależnionych i Współuzależnionych,,,,,,,,,,,,,,,,clinic,,,,,,,,,,,,,yes,,,,,,clinic,,
,,,,,21a,,,Starostwo Powiatowe Będzin,,,,,,,,,,Majora Bolesława Zagórnego,,,NZOZ MEDICA,,,42-500,,,,,,,,,,,,,,,,,,,,,,Będzin,"Szpital lub zakład opieki medycznej, socjalnej",,,19.0846210,,,,50.3500431,,,,,,,,,,,,,,,,,,clinic,,,,,,,2,,,,,,healthcare,,,,,,,,
,,,,,32,,,,,,,,,,,,,Armii Krajowej,,,NZOZ MEDiFARM,,,97-500,,,,,,,,,,,,,,,,,,,,,,Radomsko,,,,19.4462811,,,,51.0578493,,,,,,,,,,,,,,,,,,clinic,,,,,,,1,,,,,,civic,,,,,,,,
,,,no,,35,,,,,,,,,,,,,Radomska,,,NZOZ Med-Star,,,,,,,,,,,,,,,,,,,,,,,,,Starachowice,,,,21.0672418,,,,51.0593555,,,,,,,yes,,,,,,,,,,,clinic,,,,,,,,,,,,,yes,,,,,,,,
,,,,,8A,,,,,,,,,,,,,Apteczna,,,NZOZ Medicus X,,,26-110,,,,,,,,,,,00377,,,,,,,,0947716,,,Skarżysko-Kamienna,,,,20.8560961,,,,51.1134630,,,,,,,,,,,,,,,,,,clinic,,,,,,,,,,emuia.gugik.gov.pl,,,yes,,,,,,,,
,,,,,,,,Starostwo Powiatowe Będzin,,,,,,,,,,,,,NZOZ Medyk,,,,,,,,,,,,,,,,,,,,,,,,,,"Szpital lub zakład opieki medycznej, socjalnej",,,19.1387074,,,,50.3197425,,,,,,,,,,,,,,,,,,clinic,,,,,,,2,,,,,,healthcare,,,,,,,,
,,,,,12a,,,UM Racibórz,,,,,,,,,,Marii Skłodowskiej-Curie,,,NZOZ Neuro-Med,,,47-400,,,,,,,,,,,,,rejestracja@neuro-med.com.pl,,,,,,,,,Racibórz,,,,18.2089040,,,,50.0799927,,,,,,,,,,http://www.neuro-med.com.pl,,32 414969395,,,,,,clinic,,,,,,,,,,,,,yes,,,,,,clinic,,
,,,,,239,,,,,,,,,,,,,,,,NZOZ Ośrodek Zdrowia w Lipsku,,,22-400,,,,,,,,,,,,,,,,,,,,,,Lipsko,,,,23.2411472,,,,50.6586771,,,,,,,,,,,,,,,,,,clinic,,,,,,,,,,,,,yes,,,,Lipsko,,,,
,,,,,70,,,,,,,,,,,,,Ignacego Paderewskiego,,,NZOZ PRZYCHODNIA ALMA-MED,,,44-100,,,,,,,,,,,,,,,,,,,,,,Gliwice,,,,18.6907553,,,,50.3193649,,,,8:00-18:00,,,,,,http://www.alma-med.pl/,,32 279 50 17,,,,,,clinic,,,,,,,,,,,,,yes,,,,,,,,
,,,,,4,,,,,,,,,,,,,Wojska Polskiego,,,NZOZ Przychodnia Nr 1 Optima Sp. z o. o.,,,43-100,,,,,,,,,,,,,,,,,,,,,,Tychy,,,,18.9693328,,,,50.1323709,,,,,,,,,,,,+48 32 327 00 90,,,,,,clinic,,,,,,,,,,,,,yes,,,,,,,,
,,,,,24,,,UM Racibórz,,,,,,,,,,Stanisława Moniuszki,,,"NZOZ Przychodnia „Studzienna""",,,47-400,,,,,,,,,,,,,,,,,,,,,,Racibórz,,,,18.2007587,,,,50.0689053,,NZOZ Centrum Zdrowia,,,,,,,,http://centrum-zdrowia.net/temida-osrodek-mediacyjny,,,,,,,,clinic,,,,,,,,,,,,,yes,,,,,,clinic,,
,,,,,,,,UM Racibórz,,,,,,,,,,,,,NZOZ Raciborskie Centrum Medyczne,,,,,,,,,,,,,,,,,,,,,,,,,,,,,18.2033008,,,,50.1024114,,,,,,,,,,http://rcm-raciborz.pl/,,+4832 45 45 985,,,,,,clinic,,,,,,,,,,,,,yes,,,,,,clinic,,
,,,,,44,,,,,,,,,,,,,Wiejska,,,NZOZ SALUS S.C,,,73-115,,,,,,,,,,,,,,,,,,,,,,Dolice,,,,15.2058251,,,,53.1867579,,,,,,,,,,,,+48915640383,,,,,,clinic,,,,,,,,,,dolice.e-mapa.net,,,yes,,,,,,,,
,,,,,5,,,,,,,,,,,,,Kościuszki,,,NZOZ Sanus,,,,,,,,,,,"Przychodnia POZ, podstawowa opieka lekarska.",,,,,,,,,,,,,,,,,,18.9468755,,,,49.9746092,,,,,,,,,,,,322103158,,,,,,clinic,,,,,,,,,,,,,,,,,,,,,
,,,,,1,,,,,,,,,,,,,Przytorowa,,,"NZOZ Zakład Opiekuńczo-Leczniczy ""Dom Rodzinny""",,,05-100,,,,,,,,,,,18006,,,,,,,,0921148,,,Nowy Dwór Mazowiecki,,,,20.7210563,,,,52.4248507,,,,,,,,,,,,,,,,,,clinic,,,,,,,,,,nowydwormazowiecki.e-mapa.net,,,yes,,,,,,,,
,,,,,15,,,,,,,,,,,,,Janowska,,,NZOZ Zdrowie,,,47-480,,,,,,,,,,,,,poz_pietrowice@op.pl,,,,,,,,,Pietrowice Wielkie,,,,18.0959575,,,,50.0825681,,,,,,,,,,http://zdrowie.pietrowicewielkie.pl/,,+4832 419 80 24,,,,,,clinic,,,,,,,,,,,,,yes,,,,,,clinic,,
,,,,,60,,,,,,,,,,,,,Wyzwolenia,,,NZOZ Zdrowie - Filia Krowiarki,,,47-494,,,,,,,,,,,25133,,,,,,,,0218905,,,Krowiarki,,,,18.0762895,,,,50.1331733,,NZOZ Zdrowie,,,,,,,,http://zdrowie.pietrowicewielkie.pl/,,+4832 419 83 28,,,,,,clinic,,,,,,,,,,emuia.gugik.gov.pl,,,yes,,,,,,,,
,,,,,18,,,,,,,,,,,,,Hetmana Żółkiewskiego,,,NZOZ w Żółkiewce,,,22-335,,,,,,,,,,,,,,,,,,,,,,Żółkiewka,,,,22.8364836,,,,50.9108052,,,,Mo-Fr 08:00-18:00,,,,,,,,,,,,,,clinic,,,,,,,,,,,,,yes,,,,,,,,
,,,,,51,,,,,,,,,,,,,Ogrodniczki,https://www.facebook.com/klinikaalfa,,"NZOZ „Alfa"" Centrum Ortopedii i Traumatologii",,,15-763,,,,,,,,,,,,,,,,,,,,,,Białystok,,,,23.1247731,,,,53.1445305,,,,,+48 85 654 01 69,,,,,http://www.centrumortopediialfa.pl/,,,,,,,,clinic,,,,,,,,,,,,,yes,,,,,,,,
,,,,,30,,,,,,,,,,,,,Łazienna,,,Nasz Lekarz,,,87-100,,,,,,,,,,,,,,,,,,,,,,Toruń,,,,18.6067546,http://naszlekarz.pl/,,,53.0101338,,,,Mo-Fr 08:00-19:00,"(48) 566 10 3330, (48) 566 10 3331",,,,,,,,,,,,,clinic,,,,,,,,,,,,,yes,,,,,,,,
,,,,,91,,,Starostwo Powiatowe Będzin,,,,,,,,,,Pokoju,,,"Niepubliczna Poradnia Lekarska ""Zdrowie""",,,42-500,,,,,,,,,,,,,,,,,,,,,,Będzin,"Szpital lub zakład opieki medycznej, socjalnej",,,19.1406800,,,,50.3576862,,,,,,,,,,,,,,,,,,clinic,,,,,,,1,,,,,,healthcare,,,,,,,,
,,,,,19,,,photograph,,,,,,,,,,Kolejowa,,,Niepubliczny Ośrodek Opieki Zdrowotnej NEX-MEDICAL,,,58-160,,,,,,,,,,,,,,,,,,,,,"geoportal.gov.pl, GPS",Świebodzice,,https://www.flickr.com/photos/124589265@N07/14282338214,,16.3294844,,,,50.8596136,,,,Mo-Fr 08:00-18:00,,,,,,,,+48 74 854 40 89,,,,,,clinic,,,,,,,,,,,,,yes,,,,,,,PL,
,,,,,85a,,,,,,,,,,,,,Niepodległości,,,"Niepubliczny Ośrodek Zdrowia ""BER-MED"" w Wieliszewie",,,05-135,,,,,,,,,,,,,,,,,,,,,,Wieliszew,,,,20.9537984,,,,52.4580920,,,,,,,,,,,,,,,,,,clinic,,,,,,,,,,,,,yes,,,,,,,,
,,,,,,,,Starostwo Powiatowe Będzin,,,,,,,,,,,,,"Niepubliczny Samodzielny ZOZ ""EŁ-MED"" Fundacji Pracowniczej Elektrowni ""Łagisza""",,,,,,,,,,,,,,,,,,,,,,,,,,Inny niemieszkalny,,,19.1367559,,,,50.3483399,,,,,,,,,,,,,,,,,,clinic,,,,,,,2,,,,,,service,,,,,,,,
,,,,,9,,,,,,,,,,,,,Sportowa,,,Niepubliczny Zakład Opieki Zdrowotnej,,,58-210,,,,,,,,,,,,,,,,,,,,,,Łagiewniki,,,,16.8364082,,,,50.7907844,,,,,,,,,,,,,,,,,,clinic,,,,,no,,,,,,,,,,,,,,,,
,,,,,5,,,,,,,,,,,,,Mogileńska,,,Niepubliczny Zakład Opieki Zdrowotnej,,,88-190,,,,,,,,,,,,,renataspychalskaadamczak@onet.eu,,,,,,,,,Barcin,,,,17.9406671,,,,52.8559823,,,,,,,,,,,,+48523833390,,,,,,clinic,,,,,,,,,,,,,yes,,,,,,,,
,,,,,66,,,,,,,,,,,,,Międzyrzecka,,,"Niepubliczny Zakład Opieki Zdrowotnej ""CENTRUM""",,,21-400,,,,,,,,,,,,,,,,,,,,,,Łuków,,,,22.3860146,,,,51.9321752,,,,,,,,,,,,,,,,,,clinic,,,,,,,,,,,,,yes,,,,,,,,
,,,,,68A,,,,,,,,,,,,,,,,"Niepubliczny Zakład Opieki Zdrowotnej ""Eskulap"" w Iwanowicach Dworskich",,,32-095,,,,,,,,,,,,,,,,,,,0320526,,,,,,,19.9789427,,,,50.2188720,,,,,,,,,,,,,,,,,,clinic,,,,,,,,,,emuia.gugik.gov.pl,,,yes,,,,Iwanowice Dworskie,,clinic,,
,,,,,,,,,,,,,,,,,,,,,"Niepubliczny Zakład Opieki Zdrowotnej ""GAMED""",,,,,,,,,,,,,,,,,,,,,,,,,,,,,21.1623677,,,,51.4047356,,,,,,,,,,http://www.gamed.pl/,,,,,,,,clinic,,,,,,,,,,,,,,,,,,,,,
,,,,,475,,,,,,,,,,,,,,,,"Niepubliczny Zakład Opieki Zdrowotnej ""Lub-Med"" w Lubniu",,,32-433,,,,,,,,,,,,,,,,,,,0441247,,,,,,,19.9764015,,,,49.7151806,,,,,,,,,,,,,,,,,,clinic,,,,,,,,,,emuia.gugik.gov.pl,,,yes,,,,Lubień,,clinic,,
,,,,,,,,,,,,,,,,,,,,,"Niepubliczny Zakład Opieki Zdrowotnej ""Przychodnia Obozisko""",,,,,,,,,,,,,,,,,,,,,,,,,,,,,21.1544313,,,,51.4095188,,,,,,,,,,,,,,,,,,clinic,,,,,,,,,,,,,,,,,,,,,
,,,,,6,,,,,,,,,,,,,Świętej Faustyny,,,"Niepubliczny Zakład Opieki Zdrowotnej ""Rehabilitacja""",,,23-200,,,,,,,,,,,,,,,,,,,,,,Kraśnik,,,,22.2191691,,,,50.9341587,,,,,,,,,,,,,,,,,,clinic,,,,,,,,,,,,,yes,,,,,,,,
,,,,,2,,,local knowledge,,,,,,,,,,Stefana Żeromskiego,,,Niepubliczny Zakład Opieki Zdrowotnej - QMEDIC,,,41-300,,,,,,,,,,,,,,,,,,,,,,Dąbrowa Górnicza,,,,19.1778558,,,,50.3249500,,,,,,,,,,,,,,,,,,clinic,,,,,,,,,,,,,yes,,,,,,,,
,,,,,2,,,Starostwo Powiatowe Będzin,,,,,,,,,,Biskupa Adama Śmigielskiego,,,Niepubliczny Zakład Opieki Zdrowotnej DERMA,,,42-500,,,,,,,,,,,,,,,,,,,,,,Będzin,"Szpital lub zakład opieki medycznej, socjalnej",,,19.1163140,,,,50.3197593,,,,,,,,,,,,,,,,,,clinic,,,,,,,1,,,,,,healthcare,,,,,,,,
,,,,,231a,,,,,,,,,,,,,,,,Niepubliczny Zakład Opieki Zdrowotnej INMED,,,33-172,,,,,,,,,,,,,,,,,,,,,,,,,,21.0095632,,,,49.8694438,,,,,,,,,,,,,,,,,,clinic,,,,,,,,,,,,,yes,,,,Siedliska,,,,
,,,,,28,,,,,,,,,,,Недержавний медичний центр Intermed,,Niepodległości,,,Niepubliczny Zakład Opieki Zdrowotnej Intermed,,,74-100,,,,,,,,,,,,,gryfino@nzozintermed.pl,,,,,,,,,Gryfino,,,,14.4906494,,,,53.2547439,,,,,,,,,,http://www.nzozintermed.pl/index.php/placowki/przychodnia-gryfino.html,,+48-91-4162041,,,,,,clinic,,,,,,,3,,,gryfino.e-mapa.net,,,healthcare,,,,,,,,
,,,,,2,,,,,,,,,,,,,Generała Józefa Bema,,,Niepubliczny Zakład Opieki Zdrowotnej KAMEN Poradnia Medycyny Pracy,,,,,,,,,,,,,,,,,,,,,,,,,Białystok,,,,23.1495429,,,,53.1263297,,,,,,,,,,,,,,,,,,clinic,,,,,,,4,,,,,,yes,,,,,,,,
,,,,,5,,,,,,,,,,,,,Wojska Polskiego,,,Niepubliczny Zakład Opieki Zdrowotnej MEDYK,,,83-110,,,,,,,,,,,,,,,,,,,,,,Tczew,,,,18.7899644,,,,54.0858876,,,,,,,,,,,,,,,,,,clinic,,,,,,,,,,,,,yes,,,,,,clinic,,
,,,,public,260,,,http://szukaj.sluzbazdrowia.pl/Niepubliczny-zaklad-opieki-zdrowotnej-piomar/Wielopole-skrzynskie/Ul-260/z10276.html,,,,,,,,,,,,,Niepubliczny Zakład Opieki Zdrowotnej PIOMAR,,,39-110,,,,,,,,,,,,,,,,,,,,,,,,,,21.6113015,,,,49.9446372,,,,,,,,,,,,+48172214816,,,,,,clinic,,,,,,,,,,,,,yes,,,,Wielopole Skrzyńskie,,,,
,,,,,,,,,,,,,,,,,,Andrzeja Struga,,,Niepubliczny Zakład Opieki Zdrowotnej Poradnia Medycyny Rodzinnej - Śródmieście 3,,,,,,,,,,,,,,,,kontakt@nzoz-srodmiescie3.pl,,,fence,,,,,,,,,,21.1639923,,,,51.4071615,,,,,,,,,,http://nzoz-srodmiescie3.pl/,,48 36 406 77,,,,,,clinic,,,,,,,,,,,,,,,,,,,,,
,,,,,7,,,Bing,,,,,,,,,,Ludowa,,,"Niepubliczny Zakład Opieki Zdrowotnej Przychodnia Lekarska ""Med-Mydlice"" s. c.",,,41-300,,,,,,,,,,,,,,,,,,,,,,Dąbrowa Górnicza,,,,19.1672906,,,,50.3155097,,,,,,,,,,,,,,,,,,clinic,,,,,,,,,,,,,yes,,,,,,,,
,,,,,254/258,,,,,,,,,,,,,Szosa Chełmińska,,,"Niepubliczny Zakład Opieki Zdrowotnej Przychodnia Lekarska ""WRZOSY""",,,87-100,,,,,,,,,,,,,,,,,,,,,,Toruń,,,,18.5779139,http://www.nzozwrzosy.pl/,,,53.0469880,,,,Mo-Fr 7:40-17:30,+48 (56) 6511609,,,,,,,,,,,,,clinic,,,,,,,,,,,,,yes,,,,,,,,
,,,,,327,,,,,,,,NZOZ Stadmedica,,,,,Nakielska,,,Niepubliczny Zakład Opieki Zdrowotnej Stadmedica,,,85-391,,,,,,,,,,,,,,,,,,,,,,Bydgoszcz,,,,17.9142407,,,,53.1339820,,,,,,,,,,http://www.stadmedica.pl/,,,,,,,,clinic,,,,,,,,,,,,,yes,,,,,,,,
,,,,,,,,,,,,,NZOZ św. Pawła,,,,,,,,Niepubliczny Zakład Opieki Zdrowotnej św. Pawła,,,,,,,,,,,,,,,,,,,,,,,,,,,,,18.9448892,,,,50.3085287,,,,"Mo-Fr 07:00-19:00; Sa[1],Sa[3] 08:00-13:00; PH off",+48 32 24 96 216;+48 32 34 81 216,,,,,http://nzoz-medycynapracy.pl,,,,,,,,clinic,,,,,,,,,,,,,,,,,,,,,
,,,,,,,,,,,,,,,,,,,,,Niepubliczny Zakład Opiekuńczo-Leczniczy dla Przewlekle Chorych,,,,,,,,,,,,,,,,,,,,,,,,,,,,,21.1595408,,,,51.3957351,,,,,,,,,,,,,,,,,,clinic,,,,,,,,,,,,,,,,,,,,,
,,,,,15,,,,,,,,,,,,,,,,"Niepubliczny Zakład Pielęgnacyjno Opiekuńczy ""Podlasie""",,,18-218,,,,,,,,,,,,,,,,,,,0405702,,,,,,,22.7525735,,,,52.9516548,,,,,,,,,,,,,,,,,,clinic,,,,,,,,,,sokoly.e-mapa.net,,,hospital,,,,Dworaki-Staśki,,,,
,,,,,1,,,,,,,,,,,,,Krótka,,,Niepubliczny Zakład Podstawowej Opieki Zdrowotnej w Sulmierzycach,,,63-750,,,,,,,,,,,,,3000738@zoz.org.pl,,,,,,,,,Sulmierzyce,,,,17.5394179,,,,51.6054676,,,,,,,,,,,,627223117,,,,,,clinic,,,,,,,,,,msulmierzyce.e-mapa.net,,,yes,,,,,,,,
,,,,,29,,,,,,,,,,,,,Osiedle Ogrody,,,"Niepubliczny Zespół Opieki Zdrowotnej ""Rodzina""",,,27-400,,,,,,,,,,,,,,,,,,,,,,Ostrowiec Świętokrzyski,,,,21.3982194,,,,50.9445591,,,,,,,,,,,,+48 41 266 38 36,,,,,,clinic,,,,,,,2,,,,,,yes,,,,,,,,
,,,,,,,,,,,,,,,,,,Juliusza Słowackiego,,,NoMag - Med,,,49-330,,,,,,,,,,,,,,,,,,,,,,Łosiów,,,,17.5674191,,,,50.7914873,,,,,,,,,,,,,,,,,,clinic,,,,,,,,,,,,,yes,,,,,,,,
,,,,,7,,,,,,,,,,,,,Kłosowa,,,Nova,,,,,,,,,,,,,,,,,,,,,,,,,Kędzierzyn-Koźle,,,,18.1628452,,,,50.3509798,,,,,,,,,,,,,,,,,,clinic,,,,,,,,,,,,,yes,,,,,,,,
,,,,,,,,,,,,,,,,,,,,,Novena Clinica,,,,,,,,,,,,,,,,,,,,,,,,,,,,,23.4558436,,,,51.1466156,,,,,,,,,,,,,,,,,,clinic,,,,,,,,,,,,,yes,,,,,,clinic,,
,,,,,25a/4,,,e.czestochowa.pl,,,,,,,,,,Bohaterów Katynia,,,NovoMed,,,42-208,,,,,,,,,,,,,,,,,,,,,geoportal.gov.pl:ortofoto,Częstochowa,,,,19.1511348,,,,50.7728841,,,,,,,,,,http://www.novomed.pl/,,+48 34 366 3190,,,,,,clinic,,,,,,,,,,,,,yes,,,,,,,,
,,,,,82,,,,,,,,,,,,,Uzdrowiskowa,,,OKOmed,,,,,,,,,,,,,,,,,,,,,,,,,,,,,18.9805729,,,,49.9365866,,,,,,,,,,,,,,,,,,clinic,,,,,,,,,,,,,yes,,,,,,,,
,,,,,1,,,,,,,,,,,,,Słoneczna,,,OMP Lubin,,,59-300,,,,,,,,,,,,,,,,,,,,,,Lubin,,,,16.2030295,,,,51.4015592,,,,,,,,,,http://www.omplubin.pl/przychodnia.html,,,,,,,,clinic,,,,,,,,,,"EMUiA (emuia.gugik,gov.pl)",,,yes,,,,,,,,
,,,,,50,,,,,,,,,,,,,Sokola,,,Obwód Lecznictwa Kolejowego SP ZOZ w Skarżysku-Kamiennej,,,26-110,,,,,,,,,,,,,,,,,,,,,,Skarżysko-Kamienna,,,,20.8781205,,,,51.1262609,,,,,,,,,,,,,,,,,,clinic,,,,,,,,,,,,,yes,,,,,,clinic,,
,,gynaecology,,,,,,,,,,,,,,,,Krakowska,,,Oddział Położniczo-Ginekologiczny,,,,,,,,,,,,,,,,,,,,,,,,,,,,,20.4208629,,,,49.9667460,,,,,,,,,,,,,,,,,,clinic,,,,,no,,,,,,,,hospital,,,,,,clinic,,
,,laryngology,,,,,,,,,,,,,,,,,,,Odział Laryngologii,,,96-100,,,,,,,,,,,,,,,,,,,0976942,,,Skierniewice,,,,20.1511956,,,,51.9626755,,,,,,,,,,,,,,,,,,clinic,,,,,,,1,,,,,,yes,,,,,,clinic,,
,,,,,,,,,,,,,,,,,,,,,Odział Ortopedii,,,,,,,,,,,,,,,,,,,,,,,,,,,,,20.1519105,,,,51.9631026,,,,,,,,,,,,,,,,,,clinic,,,,,,,,,,,,,yes,,,,,,clinic,,
,,physiatry,,,,,,,,,,,,,,,,,,,Odział Rechabilitacji,,,96-100,,,,,,,,,,,,,,,,,,,0976942,,,Skierniewice,,,,20.1511511,,,,51.9630587,,,,,,,,,,,,,,,,,,clinic,,,,,,,,,,,,,yes,,,,,,clinic,,
,,,,,,,,,,,,,,,,,,,,,Ośrodek Medyczny Zdrowie,,,,,,,,,,,,,,,,,,,,,,,,,,,,,19.9266595,,,,50.0194165,,,,,,,,,,,,,,,,,,clinic,,,,,,,4,,,,,,health,,,,,,,,
,,,,,109,,,,,,,,,,,,,Osiedle Jana III Sobieskiego,,,"Ośrodek Rehabilitacji Dzieci ""ZAWSZE RAZEM""",,,60-688,,,,,,,,,,,,,,,,,,,,,,Poznań,,,,16.9102385,,,,52.4626054,,,,,,,,,,,,,,,,,,clinic,,,,,,,2,,,EMUiA (emuia.geoportal.gov.pl),,,yes,,,,,,,,
,,,,,27,,,gis.um.szczecin.pl,,,,,,,,,,Strzałowska,,,Ośrodek Rehabilitacji Psychospołecznej i Medycznej Osób Niepełnosprawnych z Poradnią Medycyny Paliatywnej,,,,,,,,,,Inny niemieszkalny lub podziemny,,,,,,,,,,,,,,,,,,,14.5912115,,,,53.4672343,,Zachodniopomorskie Centrum Onkologii,,,,,,,,https://onkologia.szczecin.pl/struktura-zco/osrodek-rehabilitacji-psychospolecznej-i-medycznej-osob-niepelnosprawnych-poradnia-medycyny-paliatywnej-i-hospicjum-domowe/,,+48-91-425-1564,,,,,,clinic,,,,,,,1.5,,,,,,service,,,,,,,,
,,,,,,,,,,,,,,,,,,,,,Ośrodek Rehabilitacyjno - Edukacyjno - Wychowawczy,,,,,,,,,,,,,,,,,,,,,,,,,,,,,16.4726725,,,,50.8493816,,,,,,,,,,,,,,,,,,clinic,,,,,,,,,,,,,no,,,,,,clinic,,
,,,,,7,,,WMS UM Chorzów,,,,,,,,,,Czysta,,,Ośrodek Rehabilitacyjno – Edukacyjno – Wychowawczy,,,41-500,,,,,,,,,,,,,,,,,,,,,,Chorzów,,,,18.9473449,,,,50.2851552,,,,,,,,,,,,,,,,,,clinic,,,,,,,2,,,,,,yes,,,,,,rehabilitation,,
,,,,,,,,,,,,,,,,,,,,,Ośrodek Zdrowia,,,59-305,,,,,,,,,,,,,,,,,,,,,,Rudna,,,,16.2591100,,,,51.5108856,,,,,,,,,,,,,,,,,,clinic,,,,,,,,,,,,,yes,,,,,,,,
,,,,,31,,,,,,,,,,,,,,,,Ośrodek Zdrowia,,,87-134,,,,,,,,,,,,,,,,,,,,,,Zławieś Wielka,,,,18.3303215,,,,53.0949580,,,,,,,,,,,,,,,,,,clinic,,,,,,,,,,,,,yes,,,,,,clinic,,
,,,,,545,,,,,,,,,,,,,,,,Ośrodek Zdrowia,,,34-642,,,,,,,,,,,,,,,,,,,0423172,,,,,,,20.2480231,,,,49.7160533,,,,,,,,,,,,,,,,,,clinic,,,,,,,,,,emuia.gugik.gov.pl,,,yes,,,,Dobra,,,,
,,,,,363,,,,,,,,,,,,,,,,Ośrodek Zdrowia,,,38-100,,,,,,,,,,,,,,,,,,,,,,,,,,21.8198388,,,,49.8407448,,,,,,,,,,,,,,,,,,clinic,,,,,,,2,,,,,,yes,,,,Godowa,,,,
,,,,,40,,,,,,,,,,,,,Władysława Sikorskiego,,,Ośrodek Zdrowia,,,59-940,,,,,,,,,,,,,,,,,,,,,,Węgliniec,,,,15.2191937,,,,51.2887898,,,,,,,,,,,,,,,,,,clinic,,,,,,,,,,,,,yes,,,,,,,,
,,,,,,,,,,,,,,,,,,Podhalańska,,,Ośrodek Zdrowia,,,34-471,,,,,,,,,,,,,,,,,,,,,,Ludźmierz,,,,19.9793226,,,,49.4634025,,,,,,,,,,,,,,,,,,clinic,,,,,,,,,,,,,yes,,,,,,,,
,,,,,12,,,,,,,,,,,,,Partyzantów,,,Ośrodek Zdrowia,,,21-110,,,,,,,,,,,,,,,,,,,,,,Ostrów Lubelski,,,,22.8544342,,,,51.4952939,,,,08:00-16:00,,,,,,,,,,,,,,clinic,,,,,,,2,,,,,,yes,,,,,,,,
,,,,,,,,,,,,,,,,,,,,,Ośrodek Zdrowia,,,,,,,,,,,,,,,,,,,,,,,,,,,,,20.5235443,,,,51.9725985,,,,,,,,,,,,,,,,,,clinic,,,,,,,,,,,,,yes,,,,,,,,
,,,,,42,,,,,,,,,,,,,Księdza Jerzego Popiełuszki,,,Ośrodek Zdrowia,,,,,,,,,,,,,,,,,,,,,,,,,Kraków,,,,20.0410818,,,,50.0152767,,,,,,,,,,,,,,,,,,clinic,,,,,,,,,,EMUiA (emuia.gugik.gov.pl),,,yes,,,,,,clinic,,
,,,,,,,,,,,,,,,,,,,,,Ośrodek Zdrowia,,,,,,,,,,,,,,,,,,,,,,,,,,,,,18.5699403,,,,51.0139847,,,,,,,,,,,,,,,,,,clinic,,,,,,,,,,,,,yes,,,,,,,,
,,,,,,,,,,,,,,,,,,,,,Ośrodek Zdrowia,,,,,,,,,,,,,,,,,,,,,,,,,,,,,21.0574748,,,,51.1375814,,,,,,,,,,,,,,,,,,clinic,,,,,,,,,,,,,,,,,,,,,
,,,,,283,,,,,,,,,,,,,,,,Ośrodek Zdrowia,,,32-853,,,,,,,,,,,,,,,,,,,0819148,,,,,,,20.7363098,,,,49.9346887,,,,,,,,,,,,,,,,,,clinic,,,,,,,,,,debnobrzeskie.e-mapa.net,,,yes,,,,Łysa Góra,,,,
,,,,,14,,,,,,,,,,,,,Aleja Jana Pawła II,,,"Ośrodek Zdrowia "" Rodzina """,,,14-200,,,,,,,,,,,33262,,,,,,,,0964650,,,Iława,,,,19.5739966,,,,53.5996630,,,,,,,,,,,,,,,,,,clinic,,,,,,,,,,,,,yes,,,,,,,,
,,,,,9,,,,,,,,,,,,,3 Maja,,,Ośrodek Zdrowia Bralin,,,63-640,,,,,,,,,,,,,,,,,,,,,,Bralin,,,,17.8998165,,,,51.2860228,,,,,,,,,,,,,,,,,,clinic,,,,,,,,,,bralin.e-mapa.net,,,yes,,,,,,clinic,,
,,,,,,,,,,,,,,,,,,,,,Ośrodek Zdrowia w Bierwcach,,,,,,,,,,,,,,,,,,,,,,,,,,,,,21.1706879,,,,51.5641716,,,,,,,,,,,,,,,,,,clinic,,,,,,,,,,,,,yes,,,,,,,,
,,,,,27,,,,,,,,,,,,,Zacisze,,,Ośrodek Zdrowia w Kornowacu,,,44-285,,,,,,,,,,,25314,,,,,,,,0216349,,,Kornowac,,,,18.3152542,,,,50.0759878,,,,,,,,,,,,,,,,,,clinic,,,,,,,1,,,emuia.gugik.gov.pl,,,yes,,,,,,,,
,,,,,4,,,UG Lesznowola,,,,,,,,,,Józefa Górskiego,,,Ośrodek Zdrowia w Mrokowie,,,05-552,,,,,,,,,,,,,,,,,,,,,,Mroków,,,,20.8584977,,,,52.0388983,,,,,,,,,,,,,,,,,,clinic,,,,,,,,,,,,,yes,,,,,,clinic,,
,,,,,260,,,,,,,,,,,,,,,,Ośrodek Zdrowia w Paszowicach,,,,,,,,,,,,,,,,,,,,,,,,,,,,,16.1663912,,,,51.0192484,,,,,,,,,,,,,,,,,,clinic,,,,,,,,,,paszowice.e-mapa.net,,,yes,,,,Paszowice,,,,
,,,,,2,,,,,,,,,,,,,Żagańska,,,Ośrodek Zdrowia w Ruszowie,,,59-950,,,,,,,,,,,,,,,,,,,,,"geoportal.gov.pl,GPS",Ruszów,,,,15.1812486,,,,51.3998255,,,,,,,,,,,,,,,,,,clinic,,,,,,,,,,,,,yes,,,,,,,,
,,,,,16,,Gesundheitszentrum,Starostwo Powiatowe w Gorzowie Wlkp.,,,,,,,,,,Niepodległości,,,Ośrodek Zdrowia w Różankach,,,66-416,,,,,,,i2,,,,14203,,,,,,,,0181881,,,Różanki,,,,15.3247777,,,,52.7944939,,,,,,,,,,,,,,,,,,clinic,,,,,,,2,,,klodawa.e-mapa.net,,,yes,,,,,,clinic,,
,,,,,,,,,,,,,,,,,,,,,Ośrodek Zdrowia w Strykowie,,,,,,,,,,,,,,,,,,,,,,,,,,,,,19.5985300,,,,51.9011969,,,,Mo-Fr 07:00-18:00; Sa 08:00-12:00,+42 717 4515,,,,,,,,,,,,,clinic,,,,,,,,,,,,,yes,,,,,,,,
,,,,,210,,,,,,,,,,,,,,,,Ośrodek zdrowia,,,37-100,,,,,,,,,,,,,,,,,,,0647227,,,,,,,22.2328388,,,,50.1183377,,,,,,,,,,,,,,,,,,clinic,,,,,,,,,,czarnalancucka.e-mapa.net,,,yes,,,,Dąbrówki,,,,
,,,,,30B,,,http://sdi.opolskie.pl/mapa_bazowa/request.aspx,,,,,,,,,,Opolska,,,Ośrodek zdrowia Medyk,,,49-100,,,,,,,,,,,,,,,,,,,,,,Niemodlin,,,,17.6313194,,,,50.6412976,,,,,,,,,,,,,,,,,,clinic,,,,,,,,,,,,,residential,,,,,,clinic,,
,,,,,46/48,,,,,,,,,,,,,Ludwika Narbutta,,,PODOS Klinika Leczenia Ran,,,02-541,,,,,,,,,,,13995,,,,,,,,0918123,,,Warszawa,,,,21.0109528,,,,52.2060163,,,,,,,,,,,,,,,,,,clinic,,,,,,,,,,mapa.um.warszawa.pl,,,yes,,,,,,clinic,,
,,,,,28,,,,,,,,,,,,,Stefana Batorego,,,Panaceum,,,43-200,,,,,,,,,,,,,,,,,,,,,,Pszczyna,,,,18.9478513,,,,49.9745028,,,,,,,,,,,,32 212 86 66,,,,,,clinic,,,,,,,,,,,,,yes,,,,,,clinic,,
,,,,,4,,,,,,,,,,,,,Transportowa,,,Podlaskie Centrum Medyczne,,,,,,,,,,,,,,,,,,,,,,,,,Białystok,,,,23.1236148,,,,53.1130168,,JARD,,,,,,,,http://www.pcm.jard.pl/,,+48 85 742 28 08,,,,,,clinic,,,,,,,,,,,,,yes,,,,,,,,
,,,,,,,,,,,,,,,,,,,,,Pogotowie Ratunkowe,,,,,,,,,,,,,,,,,,,,,,,,,,,,,19.0115285,,,,49.9124944,,,,,,,,,,,,,,,,,,clinic,,,,,,,,,,,,,,,,,,,,,
,,,,,23,,,,,,,,,,,,,Wschodnia,,,Pogotowie Ratunkowe,,,28-200,,,,,,,,,,,,,,,,,,,,,,Staszów,,,,21.1725302,,,,50.5659129,,,,,,,,,,,,,,,,,,clinic,,,,,,,,,,EMUiA (emuia.gugik.gov.pl),,,yes,,,,,,clinic,,
,,,,,19,,,,,,,,,,,,,Ludwika Zamenhofa,,,Poliklinika Ginekologiczno-Położnicza Arciszewscy,,,15-435,,,,,,,,,,,,,,,,,,,,,,Białystok,,,,23.1595026,,,,53.1343674,,,,,,,,,,,,,,,,,,clinic,,,,,,,,,,,,,yes,,,,,,,PL,
,,,,,1,,,,,,,,,,,,,Startowa,,,Polmed,,,80-461,,,,,,,,,,,,,,,,,,,,,,Gdańsk,,,,18.5979955,,,,54.3932480,,,,,,,,,,,,,,,,,,clinic,,,,,,,,,,Urząd Miasta Gdańsk,,,yes,,,,,,,PL,
,,,,,1a,,,Bing,,,,,,,,,,Dębowa,,,Poradnia Chirurgii Stomatologicznej,,,80-208,,,,,,,,,,,,,,,,,,,,,,Gdańsk,,,,18.6302540,,,,54.3626209,,,,,,,,,,,,,,,,,,clinic,,,,,,,,,,Urząd Miasta Gdańsk,,,yes,,,,,,clinic,PL,
,,,,,9,,,,,,,,,,,,,Srebrniki,,,Poradnia Profilaktyki i Terapii Uzależnień,,,80-282,,,,,,,,,,,,,,,,,,,,,,Gdańsk,,,,18.5779797,,,,54.3757675,,,,,,,,,,,,,,,,,,clinic,,,,,,,,,,,,,yes,,,,,,,,
,,,,,13,,,,,,,,,,,,,Jagiellońska,,,Poradnia urologiczna PROSTA-LITH,,,25-613,,,,,,,,,,,,,,,,,,,,,,Kielce,,,,20.6153014,,,,50.8818612,,,,Mo-Fr 08:00-18:00,,,,,,,,,,,,,,clinic,,,,,,,,,,UM Kielce,,,yes,,,,,,clinic,,
,,,,,15A,,,,,,,,,,,,,Jerzego Waszyngtona,,,Poradnie USK,,,,,,,,,,,,,,,,,,,,,,,,,Białystok,,,,23.1571296,,,,53.1243393,,,,"Mo,We-Fr 08:00-15:00; Tu 08:00-18:00",,,,,,,,,,,,,,clinic,,,,,,,,,,,,,yes,,,,,,,,
,,,,,86,,,,,,,,,,,,,Księdza Marcina Załuskiego,,,Promed,,,05-230,,,,,,,,,,,25522,,,,,,,,0920539,,,Kobyłka,,,,21.2126745,,,,52.3415748,,,,,,,,,,,,,,,,,,clinic,,,,,,,,,,kobylka.e-mapa.net,,,yes,,,,,,,,
,,,,,63,,,,,,,,,,,,,Bierutowska,,,Provita,,,51-317,,,,,,,,,,,01316,,,,,,,,,,,Wrocław,,,,17.1297144,,,,51.1517002,,,,,,,,,,http://www.provita.wroclaw.pl/,,,"Specjalistyczny Zakład Profilaktyczno-Leczniczy ""Provita""",,,,,clinic,,,,,,,,,,WroclawGIS,,,,,,,,,,,
,,,,,1,,,http://sdi.opolskie.pl/mapa_bazowa/request.aspx,,,,,,,,,,Józefa Pankiewicza,,,Prywatna Klinika,,,46-020,,,,,,,,,,,,,,,,,,,,,,Opole,,,,17.9032654,,,,50.7198472,,,,,,,,,,,,,,,,,,clinic,,,,,,,,,,,,,yes,,,,,,clinic,,
,,,,,,,,,,,,,,,,,,Modrzewiowa,,,Prywatna Klinika Okulistyczna OFTALMIKA,,,,,,,,,,,,,,,,,,,fence,,,,,,Bydgoszcz,,,,18.0284630,,,,53.1445314,,,,,,,,,,,,,,,,,,clinic,,,,,,,,,,,,,,,,,,,clinic,,
,,,,,11,,,UG Jerzmanowa,,,,,,,,,,Obiszowska,,,Przychodnia,,,67-222,,,,,,,,,,,,,,,,,,,,,,Jerzmanowa,,,,16.0491668,,,,51.5945058,,,,,,,,,,,,,,,,,,clinic,,,,,no,,,,,,,,yes,,,,,,,,
,,,,,,,,,,,,,,,,,,,,,Przychodnia,,,,,,,,,,,,,,,,,,,,,,,,,,,,,16.1947866,,,,54.1931696,,,,,,,,,,,,,,,,,,clinic,,,,,,,,,,,,,yes,,,,,,,,
,,,,,,,,,,,,,,,,,,,,,Przychodnia,,,,,,,,,,,,,,,,,,,,,,,,,,,,,16.7092552,,#696969,,51.2656538,,,,,,,,,,,,,,,,,,clinic,,,,,,,,,,,,,yes,,,,,,,,
,,,,,36,,,,,,,,,,,,,Radomska,,,Przychodnia,,,31-411,,,,,,,,,,,,,,,,,,,,,,Kraków,,,,19.9601745,,,,50.0832977,,,,,,,,,,,Olsza II,,,,,,,clinic,,,,,,Prądnik Czerwony,,,,,,,yes,,,,,,clinic,PL,
,,,,,1,,,,,,,,,,,,,Zofii Nałkowskiej,,,Przychodnia,,,32-300,,,,,,,,,,,13967,,,,,,,,0941777,,,Olkusz,,,,19.5697494,,,,50.2649962,,,,,,,,,,,,,,,,,,clinic,,,,,,,,,,emuia.gugik.gov.pl,,,yes,,,,,,,,
,,,,,3,,,Bing,,,,,,,,,,Wojciecha Korfantego,,,Przychodnia,,,41-605,,,,,,,,,,,,,,,,,,,,,,Świętochłowice,,,,18.9126114,,,,50.3014129,,,,,,,,,,,,,,,,,,clinic,,,,,no,,,,,UM Świętochłowice,,,yes,,,,,,,,
,,,,,24,,,,,,,,,,,,,Kronikarza Galla,,,Przychodnia,,,,,,,,,,,,,,,,,,,,,,,,,Kraków,,,,19.9137370,,,,50.0719324,,,,,,,,,,,,,,,,,,clinic,,,,,,,,,,,,,commercial,,,,,,,PL,
,,,,,76B,,,,,,,,,,,,,Jagiellońska,,,"Przychodnia ""ISKRA""",,,25-734,,,,,,,,,,,,,,,,,,,,,,Kielce,,,,20.6020974,,,,50.8688357,,,,Mo-Fr 07:00-17:00,,,,,,http://www.nzozpatron.pl/index.php/iskraprzychodnia,,+48 41 345 66 08,,,,,,clinic,,,,,,,,,,,,,yes,,,,,,clinic,,
,,,,,69,,,,,,,,,,,,,Łochowska,,,"Przychodnia ""Przy Belmie""",,,85-372,,,,,,,,,,,,,,,,,,,,,,Białe Błota,,,,17.8972667,,,,53.1235183,,,,,,,,,,http://www.przybelmie.pl,,,,,,,,clinic,,,,,,,,,,,,,yes,,,,,,,,
,,,,,43,,,,,,,,,,,,,Osiedle Słoneczne,,,Przychodnia (Niepubliczny Zakład Opieki Zdrowotnej Rodzina w Ostrowcu Świętokrzyskim),,,27-400,,,,,,,,,,,,,,,,,,,,,,Ostrowiec Świętokrzyski,,,,21.3892678,,,,50.9462327,,,,,,,,,,,,+48 41 265 36 29,,,,,,clinic,,,,,,,,,,,,,,,,,,,,,
,,,,,4,,,photograph,,,+48 74 856 84 50,,,,building,,,Marii Konopnickiej,,,Przychodnia Ars Medica,,,58-100,,A/4791/1313/WŁ,,,,,,,,,,,ars-medica@wp.p,,,,,,,,geoportal.gov.pl. GPS,Świdnica,,https://www.flickr.com/photos/124589265@N07/14067569657,,16.4855754,,,,50.8445392,,,,,,,,2,,http://ars-medica.org.pl,,+48 74 852 03 67,,,,,,clinic,,,,https://www.flickr.com/photos/124589265@N07/14067497368,,,,,,,,,yes,,,,,,,,nid
,,,,,,,,,,,,,,,,,,,,,Przychodnia CEntrum Zdrowia,,,,,,,,,,,,,,,,,,,,,,,,,,,,,23.4183441,,,,50.4445188,,,,,,,,,,,,,,,,,,clinic,,,,,,,,,,,,,yes,,,,,,,,
,,,,,37,,,,,,,,,,,,,Wolska,,,Przychodnia Chorób Zakaźnych,,,01-201,,,,,,,,,,,24694,,,,,,,,0918123,,,Warszawa,,,,20.9718268,,,,52.2342998,,NFZ,,,,,,,,,,,,,,,,clinic,,,,,,,,,,mapa.um.warszawa.pl,,,yes,,,,,,,,
,,,,,64a,,,,,,,,,,,,,Bolesława Chrobrego,,,Przychodnia Ewa-Med,,,,,,,,,,,,,,,,,,,,,,,,"geoportal.gov.pl, GPS",Oława,,,,17.3031891,,,,50.9455657,,,,,,,,,,,,,,,,,,clinic,,,,,,,,,,,,,yes,,,,,,,,
,,,,,6,,,,,,,,,,,,,Fabryczna,,,Przychodnia FŁT - Kraśnik S. A.,,,23-204,,,,,,,,,,,,,,,,,,,,,,Kraśnik,,,,22.1771073,,,,50.9653088,,,,,,,,,,,,,,,,,,clinic,,,,,,,,,,,,,yes,,,,,,,,
,,,,,59,,,UM Ruda Śląska,,,,,,,,,,Kłodnicka,,,Przychodnia Halemba,,,41-706,,,,,"Przyziemie budynku ognioodpornego, podpory, podcienia z pomiaru w terenie",,,,,,,,,,,,,,,,,Ruda Śląska,"Szpital lub zakład opieki medycznej, socjalnej",,"Blok budynku, wiata, przejazd pod budynkiem",18.8536569,,,,50.2401966,,,,,,,,,,,,,,,,,,clinic,,,,,,,4,,yes,,,,yes,,,,,,,,
,,,,,30,,,,,,,,,,,,,Warszawska,,,Przychodnia Hipokrates,,,55-200,,,,,,,,,,,,,,,,,,,,,geoportal.gov.pl.GPS,Oława,,,,17.2873455,,,,50.9521409,,,,,,,,,,,,,,,,,,clinic,,,,,,,,,,molawa.e-mapa.net,,,yes,,,,,,,,
,,,,,27,,,gis.um.szczecin.pl,,,,,,,,,,3 Maja,,,Przychodnia Kolejowa nr 5,,,,,,,,,,zakład opieki medycznej,,,,,,,,,,,,,,,Szczecin,,,,14.5500692,,,,53.4218184,,,,,,,,,,,,,,,,,,clinic,,,,,,,9,,,,,,public,,,,,,clinic,,
,,,,,76,,,,,,,,,,,,,Bydgoska,,,Przychodnia Lekarska,,,87-100,,,,,,,,,,,,,,,,,,,,,,Toruń,,,,18.5790781,,,,53.0105268,,Wojewódzki Ośrodek Medycyny Pracy w Toruniu,,,,,,,,http://womp.torun.pl/,,56 62 280 19,,,,,,clinic,,,,,,,,,,,,,yes,,,,,,,,
,,,,,21,,,,,,,,,,,,,Adama Mickiewicza,,,Przychodnia Lekarska Medicus,,,16-070,,,,,,,,,,,,,,,,,,,,,,Choroszcz,,,,22.9912422,,,,53.1449996,,,,Mo-Fr 08:00-18:00,,,,,,,,0048857191999,,,,,,clinic,,,,,,,2,,,,,,yes,,,yes,,,,,
,,,,,19a,,,,,,,,,,,,,Konstytucji 3 Maja,,,Przychodnia Lekarska Na Skarpie,,,87-100,,,,,,,,,,,,,,,,,,,,,,Toruń,,,,18.6807566,,,,53.0241021,,,,Mo-Fr 7:00-18:00,,,,,,,,,,,,,,clinic,,,,,,,,,,EMUiA (emuia.gugik.gov.pl),,,yes,,,,,,,,
,,,,,9,,,,,,,,,,,,,Tadeusza Kościuszki,,,Przychodnia Lekarska SPZOZ,,,05-300,,,,,,,,,,,,,,,,,,,,,,Mińsk Mazowiecki,,,,21.5588500,,,,52.1807093,,,,,,,,,,,,,,,,,,clinic,,,,,,,,,,,,,yes,,,,,,,,
,,,,,1,,,,,,,,,,,,,Polna,,,Przychodnia Lekarska w Ruciane-Nida,,,12-220,,,,,,,,,,,17011,,,,,,,,0977841,,,Ruciane-Nida,,,,21.5326521,,,,53.6411181,,,,,,,,,,,,,,,,,,clinic,,,,,,,,,,emuia.gugik.gov.pl,,,yes,,,,,,,,
,,,,,,,,,,,,,,,,,,,,,Przychodnia Lekarza Rodzinnego Medyk,,,,,,,,,,,,,,,,,,,,,,,,,,,,,18.5104569,,,,52.0156483,,,,,,,,,,,,,,,,,,clinic,,,,,no,,,,,,,,yes,,,,,,,,
,,general;dermatology;allergology;orthopaedics;neurology,,,58,,,,,,,,,,,,,Opolska,,,"Przychodnia Lekarzy Rodzinnych ""Zdrowa Rodzina""",,,,,,,,,,,,,,,,,,,,,,,,,Poznań,,,,16.8942059,,,,52.3660541,,,,Mo-Fr 08:00-18:00,,,,,,zdrowarodzina.com.pl,,,,,,,,clinic,,,,,,,,,,,,,yes,,,,,,clinic,,
,,,,,8,,,,,,,,,,,,,Henryka Sienkiewicza,,,Przychodnia Medan,,,55-200,,,,,,,,,,,,,,,,,,,,,,Oława,,,,17.2935842,,,,50.9400687,,,,,,,,,,,,,,,,,,clinic,,,,,,,,,,molawa.e-mapa.net,,,yes,,,,,,,,
,,,,,14,,,,,,,,,,,,,11 Listopada,,,Przychodnia Medica,,,55-200,,,,,,,,,,,,,,,,,,,,,"geoportal.gov.pl, GPS",Oława,,,,17.2960033,,,,50.9406611,,,,,,,,,,,,,,,,,,clinic,,,,,,,,,,molawa.e-mapa.net,,,yes,,,,,,,,
,,general,,,5A,,,,,,,,,,,,,Wojska Polskiego,,,Przychodnia Medical,,,83-110,,,,,,,,,,,,,,,,,,,,,,Tczew,,,,18.7902119,,,,54.0865614,,,,,,,,,,,,,,,,,,clinic,,,,,,,,,,,,,yes,,,,Tczew,,clinic,,
,,,,,,,,,,,,,,,,,,,,,Przychodnia Medycyny Pracy,,,,,,,,,,,,,,,,,,,fence,,,,,,,,,,21.1483643,,,,51.4087651,,,,,,,,,,,,,,,,,,clinic,,,,,,,,,,,,,,,,,,,,,
,,,,,3,,,"UM Ruda Śląska, survey",,,,,,,,,,Harcerska,,,Przychodnia Medycyny Rodzinnej Med-Dental s.c.,,,,,,,,"Przyziemie budynku ognioodpornego, podpory, podcienia z pomiaru w terenie",,,,,,,,,,,,,,,,,,"Szpital lub zakład opieki medycznej, socjalnej",,,18.8443971,,,,50.2482690,,,,Mo-Fr 08:00-20:00; Sa 08:00-14:00,,,,,,,,503 720 717,,,,,,clinic,,,,,,,2,,yes,,,,healthcare,,,,,,,,
,,,,,2,,,,,,,,,,,,,Władysława Jagiełły,,,Przychodnia Miejska,,,59-330,,,,,,,,,,,,,,,,,,,,,,Ścinawa,,,,16.4293622,,,,51.4147473,,,,07:00-15:00,,,,,,http://przychodnia.scinawa.pl/,,76 817 48 20,,,,,,clinic,,,,,,,,,,,,,yes,,,,,,,,
,,,,,,,,,,,,,,,,,,,,,Przychodnia NOMED,,,,,,,,,,,,,,,,,,,,,,,,"geoportal.gov.pl, GPS",,,,,17.2982543,,,,50.9484442,,,,,,,,,,,,,,,,,,clinic,,,,,,,,,,,,,yes,,,,,,,,
,,,,,1,,,,,,,,,,,,,Szkolna,,,Przychodnia NORDMEDIC,,,21-002,,,,,,,,,,,,,,,,,,,,,,Panieńszczyzna,,,,22.4363713,,,,51.3041228,,,,,,,,,,,,,,,,,,clinic,,,,,,,,,,jastkow.e-mapa.net,,,yes,,,,,,,,
,,,,,29,,,,,,,,,,,,,Adama Mickiewicza,,,Przychodnia NZOZ MEDAX,,,97-500,,,,,,,,,,,,,,,,,,,,,,Radomsko,,,,19.4502908,,,,51.0711778,,,,Mo-Fr 08:30-20:00,,,,,,,,,,,,,,clinic,,,,,,,4,,,,,,civic,,,,,,,,
,,,,,2,,,gis.um.szczecin.pl,,,,,,,,,,Energetyków,,,Przychodnia Portowa,,,70-656,,,,,,,Inny niemieszkalny lub podziemny,,,,,,,,,,,,,,,Szczecin,,,,14.5615631,,,,53.4206416,,,,7:00-18:00,,,,,,https://przychodniaportowa.pl/,,+48 91 44 12 147,,,,,,clinic,,,,,,,4,,,,,,yes,,,,,,,,
,,,,,8,,,,,,,,,,,,,Ogrodowa,,,Przychodnia Rejonowa,,,59-610,,,zVID,,,,,,,,,,,,,,,,,,geoportal.gov.pl:ortofoto,Wleń,,,,15.6734583,,,,51.0154280,,,,,,,,,,,,,,,,,,clinic,,,,,,,1,,,,,,hospital,,,,,,,,
,,,,,17,,,,,,,,,,,,,Fabryczna,,,Przychodnia Rejonowa,,,36-060,,,,,,,,,,,,,,,,,,,,,geoportal.gov.pl:ortofoto,Głogów Małopolski,,,,21.9573586,,,,50.1536383,,,,,,,,,,,,,,,,,,clinic,,,,,,,,,,UG Głogów Małopolski,,,yes,,,,,,,,
,,,,,54,,,,,,,,,,,,,Tadeusza Kościuszki,,,Przychodnia Rejonowa,,,23-460,,,,,,,,,,,09572,,,,,,,,0987897,,,Józefów,,,,23.0545144,,,,50.4812539,,,,,,,,,,,,084-6878008,,,,,,clinic,,,,,,,,"Podstawowa opieka zdrowotna, Opieka domowa, Pogotowie, Opieka doraźna",,jozefowbilgorajski.e-mapa.net,,,yes,,,yes,,,,,
,,,,,5,,,,,,,,,,,,,Karmelicka,,,Przychodnia Rejonowa,,,34-100,,,,,,,,,,,,,,,,,,,,,,Wadowice,,,,19.4917741,,,,49.8808694,,ZZOZ Wadowice,,,,,,,,,,,,,,,,clinic,,,,,,,,,,EMUiA (wadowice.e-mapa.net),,,yes,,,,,,clinic,,
,,,,,,,,,,,,,,,,,,,,,Przychodnia Rejonowa SPZOZ,,,,,,,,,,,,,,,,,,,,,,,,,,,,,15.8892986,,,,51.0176145,,,,,,,,,,,,,,,,,,clinic,,,,,,,,,,,,,,,,,,,,,
,,,,,29,,,UM Ruda Śląska,,,,,,,,,,Jana Gierałtowskiego,,,Przychodnia Rejonowa Samodzielny Publiczny Zakład Opieki Zdrowotnej,,,41-700,,,,,"Przyziemie budynku ognioodpornego, podpory, podcienia z pomiaru w terenie",,,,,,,,,,,,,,,,,Ruda Śląska,"Szpital lub zakład opieki medycznej, socjalnej",,,18.8518619,,,,50.3199901,,,,,,,,,,,,,,,,,,clinic,,,,,,,2,,yes,,,,healthcare,,,,,,,,
,,,,,1,,,,,,,,,Duplicate address in import (zdublowany adres w promieniu 100 metrów),,,,Szpitalna,,,Przychodnia Rejonowa W Opocznie,,,26-300,,,,,,,,,,,,,,,,,,,0967943,,,Opoczno,,,,20.2862205,,,,51.3755824,,,,,,,,,,,,44 754 48 33,,,,,,clinic,,,,,,,,,,emuia.gugik.gov.pl,,,yes,,,,,,clinic,,
,,,,,9,,,,,,,,,,,,,Aleksandra Putry,,,Przychodnia Rejonowa nr 2,,,16-400,,,,,,,,,,,,,,,,,,,,,,Suwałki,,,,22.9354024,,,,54.1218222,,,,,,,,,,,,,,,,,,clinic,,,,,,,,,,,,,yes,,,,,,clinic,,
,,,,,7,,,,,,,,,sprawdzić godziny otwarcia,,,,Apteczna,,,Przychodnia Rejonowa nr 3,,,26-110,,,,,,,,,,,,,,,,,,,,hipped,,Skarżysko-Kamienna,,,,20.8574696,,#b04840,,51.1136183,,,,,,,,,,,,,,,,,,clinic,,,,,,,2,,,,,,yes,,,,,,,,
,,,,,,,,,,,,,,,,,,,,,Przychodnia Rejonowa w Złotoryi,,,,,,,,,,,,,,,,,,,,,,,,,,,,,15.9030978,,,,51.1188780,,,,,,,,,,,,,,,,,,clinic,,,,,,,,,,,,,,,,,,,clinic,,
,,,,,,,,,,,,,,,,,,,,,Przychodnia Rejonowo Specjalistyczna,,,,,,,,,,,,,,,,,,,,,,,,,,,,,22.3302748,,,,49.4705924,,,,,,,,,,,,,,,,,,clinic,,,,,,,,,,,,,,,,,,,,,
,,,,,45,,,,,,,,,,,,,Strażacka,,,Przychodnia Rejonowo – Specjalistyczna Nr 1 Myszków,,,42-300,,,,,,,,,,,,,,,,,,,,,,Myszków,,,,19.3283478,,,,50.5775140,,,,,,Przychodnia Rejonowo – Specjalistyczna Nr 1 Myszków,,,1968-11-28,,,,,,,,,clinic,,,,,,,,,,,,,yes,,,yes,,,,,
,,,,,14,,,rokoski,,,,,,,,,,Krzysztofa Kamila Baczyńskiego,,,"Przychodnia Rejonowo-Specjalistyczna ""Milowice""",Przychodnia Milowice,,41-203,,,,,,,,,,,,,,,,,,,,,,Sosnowiec,,,,19.0788928,,,,50.2903231,,,,,,"Przychodnia Rejonowo-Specjalistyczna ""Milowice""",,,,,,,,,,,,clinic,,,,,,,,,,,,,public,,,,,,,,
,,,,,10c,,,,,,,,,,,,,Konstytucji 3 Maja,,,Przychodnia Rodzinna,,,28-200,,,,,,,,,,,,,,,,,,,,,,Staszów,,,,21.1792391,,,,50.5593759,,,,,,,,,,,,,,,,,,clinic,,,,,,,,,,,,,yes,,,,,,clinic,,
,,,,,,,,Starostwo Powiatowe Będzin,,,,,,,,,,,,,Przychodnia Specjalistyczna,,,,,,,,,,,,,,,,,,,,,,,,,,"Szpital lub zakład opieki medycznej, socjalnej",,,19.1319522,,,,50.3241764,,,,,,,,,,,,,,,,,,clinic,,,,,,,3,,,,,,healthcare,,,,,,,,
,,,,,2A,,,,,,,,,,,,,Księdza Jerzego Popiełuszki,,,Przychodnia Zdrowia Skawina,,,32-050,,,,,,,,,,,,,,,,,,,,,,Skawina,,,,19.8291700,,,,49.9727109,,,,,,,,,,,,,,,,,,clinic,,,,,,,,,,http://portal.gison.pl/skawina,,,yes,,,,,,,,
,,general;paediatrics,,,11,,,,,,,,,,,,,Franciszka Stawickiego,,,"Przychodnia Zespołu Lekarza Rodzinnego ""Medyk""",,,62-700,,,,,,,,,,,,,,,,,,,,,,Turek,,,,18.5088158,,,,52.0164568,,,,Mo-Fr 08:00-18:00,,,,,,,,+48632780180,,,,,,clinic,,,,,,,,,,,,,yes,,,yes,,,clinic,,
,,,,,,,,,,,,,,,,,,,,,Przychodnia lekarska,,,,,,,,,,,,,,,,,,,,,,,,,,,,,19.1975016,,,,50.9212656,,,,,,,,,,,,,,,,,,clinic,,,,,,,,,,,,,,,,,,,,,
,,,,,,,,,,,,,,,,,,,,,Przychodnia lekarska,,,63-510,,,,,,,,,,,,,,,,,,,,,,Mikstat,,,,17.9697932,,,,51.5305529,,,,Mo-Fr 08:00-18:00,,,,,,,,,,,,,,clinic,,,,,,,,,,,,,yes,,,,,,,,
,,general,,,13/17,,,,,,,,,,,,,Chełmska,,,Przychodnia lekarska,,,00-724,,,,,,,,,,,02709,,,,,,,,0918123,,,Warszawa,,,,21.0447429,,,,52.2021079,,,,,,,,,,http://zozmokotow.pl/index.php?option=com_content&view=category&layout=blog&id=44&Itemid=61,,,,,,,,clinic,,,,,,,,,,mapa.um.warszawa.pl,,,yes,,,,,,clinic,,
,,,,,10,,,Starostwo Powiatowe w Wałczu,,,,,,,,,,Kościuszkowców,,,Przychodnia lekarska,,,78-600,,,,,,,,,,,09586,,,,,,,,0967245,,,Wałcz,,,,16.4677939,,,,53.2726423,,,,,,,,,,,,,,,,,,clinic,,,,,,,,,,mwalcz.e-mapa.net,,,yes,,,,,,,,
,,,,,18A,,,,,,,,,,,,,Wojska Polskiego,,,Przychodnia lekarska,,,59-975,,,,,,,,,,,,,,,,,,,,,,Sulików,,,,15.0618045,,,,51.0776631,,,,,,,,,,,,,,,,,,clinic,,,,,,,,,,,,,yes,,,,,,,,
,,,,,,,,,,,,,,,,,,,,,Przychodnia lekarska,,,,,,,,,,,,,,,,,,,,,,,,,,,,,21.1982253,,,,51.5245398,,,,,,,,,,,,,,,,,,clinic,,,,,,,,,,,,,yes,,,,,,,,
,,,,,84,,,,,,,,,,,,,Królowej Elżbiety,,,Przychodnia lekarska Salmed,,,58-160,,,,,,,,,,,,,,,,,,,,,,Świebodzice,,,,16.3167199,,,,50.8679475,,,,Mo-Fr 08:00-18:00,,,,,,,,,,,,,,clinic,,,,,,,,,,,,,yes,,,,,,,PL,
,,,,,1,,,Geoportal 2: Ortofotomapa (aerial image),,,,,,,,,,Bolesława Prusa,,,Przychodnia nr 4 Prusa,,,25-110,,,,,,,,,,,,,,,,,,,,,,Kielce,,,,20.6253545,,,,50.8491525,,Niepubliczny Zakład Opieki Zdrowotnej CENTRUM Sp. z o.o.,,,,,,,,http://www.centrum.nzozy.com/,,+48 41 3614286,,,,,,clinic,,,,,,,2,,,,,,civic,,,,,,clinic,,
,,,,,,,,,,,,,,,,,,,,,Przychodnia psychologiczno-pedagogiczna,,1,,,,,,,,,,,,,,,,,,,,,,,,,,,18.4976234,,,,52.0190279,,,,,,,,,,,,,,,,,,clinic,,,,,,,,,,,,,,,,,,,,,
,,,,,,,,www.gis.kielce.eu (ortofoto),,,,,,,,,,,,,Przychodnia rejonowa nr 16,,,,,,,,,,,,,,,,,,,,,,,,,,,,,20.6692144,,,,50.8907179,,,,,,,,,,,,,,,,,,clinic,,,,,,,,,,,,,yes,,,,,,clinic,,
,,,,,30,,,,,,,,,,,,,Armii Krajowej,,,Przychodnia w gomunicach,,,97-545,,,,,,,,,,,,,,,,,,,,,,Gomunice,,,,19.4889644,,,,51.1690807,,,,"Mo,We-Fr 07:30-15:30; Tu 08:00-16:00",,,,,,,,+48 44 685 02 45;+48 44 684 24 85,,,,,,clinic,,,,,,,,,,,,,yes,,,,,,,,
,,,,,4,,,UM Gorzów,,,,,,,,,,Dworcowa,,,"Przychodnia zdrowia ""Dworcowa""",,,,,,,,,,"Ochrony zdrowia, opieki socjalnej",,,,,,,,,,,,,,,,,,,15.2294785,,,,52.7290020,,,,,,,,,,,,,,,,,,clinic,,,,,,,3,,,,,,yes,,,,,,,,
,,,,,35,,,,,,,,,,,,,Świerczewo,,,Przychodnia Świerczewo,,,06-300,,,,,,,,,,,,,,,,,,,0966398,,,Przasnysz,,,,20.8862266,,,,53.0229920,,,,,,,,,,,,,,,,,,clinic,,,,,,,,,,mprzasnysz.e-mapa.net,,,yes,,,,,,clinic,,
,,,,,42,,,,,,,,,,,,,Jubileuszowa,,,Przychodnia Świętego Jana,,,41-506,,,,,,,,,,,,,,,,,,,,,,Chorzów,,,,18.9341114,,,,50.2684633,,,,,,,,,,http://przychodniajana.pl/,,+48881048810,,,,,,clinic,,,,,,,,,,,,,yes,,,,,,,,
,,,no,,104,,,,,,,,,do poprawy tracerem2,,,,Legionów,,,Publiczna Przychodnia Nr 2,,,26-110,,,,,,,,,,,,,,,,,,,,,,Skarżysko-Kamienna,,,,20.8561687,,,,51.1028403,,,,Mo-Fr 08:00-20:00; Sa 08:00-15:00; Su off,,,,,,,,+48 412524548,,,,,,clinic,,,,,,,,,,,,,yes,,,,,,,,
,,,,,,,,,,,,,,,,,,,,,RUDAK-MED,,,,,,,,,,,,,,,,,,,,,,,,,Toruń,,,,18.6418189,,,,53.0011453,,,,"Mo-Fr 08:00-18:00,Su 10:00-15:00; Sa off",,,,,,http://www.rudak-med.pl,,56 6547820,,,yes,,,clinic,,,,,,,,,,,,,hospital,,,,,,,,
,,,,,,,,,,,,,,,,,,,,,Regionalne Centrum Krwiodawstwa i Krwiolecznictwa,,,,,,,,,,,,,,,,sekretariat@krew.gda.pl,,,fence,,,,,,,,,,18.6287585,,,,54.3655680,,,,,,,,,,http://krew.gda.pl/,,+48 58 520 40 40;+48 58 520 40 10,,,,,,clinic,,,,,,,,,,,,,,,,,,,blood_donation,,
,,,,,9,,,,,,,,,,,,,Kaszubska,,,Regionalne Centrum Krwiodawstwa i Krwiolecznictwa,,,62-800,,,,,,,,,,,,,,,,,,,,,,Kalisz,,,,18.1034291,,,,51.7699238,,,,,,,,,,http://krwiodawstwo.kalisz.pl/,,,,,,,,clinic,,,,,,,1,,,,,,healthcare,,,,,,,,
,,,,,,,,,,,,,,,,,,,,,Regionalne Centrum Krwiodawstwa i Krwiolecznictwa,,,,,,,,,,,,,,,,,,,,,,,,,,,,,21.0603076,,,,52.2332242,,,,,,,,,,,,,,,,,,clinic,,,,,,,,,,,,,,,,,,,blood_donation,,
,,,,,40,,,,,,,,,,,,,Mennicza,,,S-Medi,,,43-400,,,,,,,,,,,,,,,,,,,,,,Cieszyn,,,,18.6304928,,,,49.7503694,,,,,,,,,,,,,,,,,,clinic,,,,,,,,,,,,,yes,,,,,,,,
,,,,,16,,,,,,,,,,,,,Handlowa,,,SALUS,,,64-061,,,,,,,,,,,06507,,,,,,,,0584248,,,Kamieniec,,,,16.4540186,,,,52.1624997,,,,7:30 - 18:00,,,,,,,,,,,,,,clinic,,,,,,,,,,kamieniec.e-mapa.net,,,yes,,,,,,,,
,,,,,15,,,photograph,,,,,,,,,,Aleje Lipowe,,,SP ZOZ Miejski Ośrodek Zdrowia w Świebodzicach,,,58-160,,,,,,,,,,,,,,,,,,,,,"geoportal.gov.pl, GPS",Świebodzice,,https://www.flickr.com/photos/124589265@N07/14250029062,,16.3263322,,,,50.8600529,,,,Mo-Fr 07:30-18:00,,,,,,,,,,,,,,clinic,,,,,,,,,,,,,yes,,,yes,,,,,
,,,,,23,,,,,,,,,,,,,Janusza Korczaka,,,SP ZOZ Przychodnia Rejonowa w Łapach,,,18-100,,,,,,,,,,,,,,,,,,,,,,Łapy,,,,22.8674965,,,,52.9876318,,,,,,,,,,,,,,,,,,clinic,,,,,,,,,,,,,hospital,,,,,,,,
,,,,,6,,,,,,,,,,,,,Szkolna,,,SPZOZ - SAMODZIELNY PUBLICZNY ZAKŁAD OPIEKI ZDROWOTNEJ,,,43-512,,,,,,,,,,,,,,,,,,,,,,Bestwina,,,,19.0608857,,,,49.8966330,,,,,,,,,,,,,,,,,,clinic,,,,,,,,,,,,,yes,,,,,,,,
,,,,,8A,,,,,,,,,,,,,Bartosza Głowackiego,,,SPZOZ Promyk,,,65-301,,,,,,,,,,,,,,,,,,,,,,Zielona Góra,,,,15.5058522,,,,51.9283007,,Zespół Rehabilitacji Dzieci i Młodzieży Niepełnosprawnej Promyk,,,,,,,,,,,,,,,,clinic,public,,,,,,,,,,,,yes,,,,,,clinic,,
,,,,,17,,,,,,,,NZOZ „SALUS”,,,,,Stefana Żeromskiego,,,Salus,,,39-300,tar_paper,,,,,,,,,,,,salus1@op.pl,,,,,,,flat,,Mielec,,,,21.4353487,,gray,11,50.2895079,,,,,,,,,,http://www.salus.go3.pl,,+48 175863133,Niepubliczny Zakład Opieki Zdrowotnej „SALUS”,,,,,clinic,,,,,,,3,,,EMUiA (emuia.gugik.gov.pl),plaster,,civic,antiquewhite,,,,,,,
,,,,,,,,,,,,,,,,,,,,,Samodzielny Publiczny Zakład Opieki Zdrowotnej,,,,,,,,,,,,,,,,,,,,,,,,,,,,,20.4268231,,,,49.4394474,,,,,,,,,,,,,,,,,,clinic,,,,,,,,,,,,,yes,,,,,,,,
,,,,,6,,,,,,,,,,,,,Kardynała Stefana Wyszyńskiego,,,Samodzielny Publiczny Zakład Opieki Zdrowotnej,,,08-404,,,,,,,,,,,48861,,,,,,,,0671645,,,Górzno,,,,21.7100266,,,,51.8452574,,,,,,,,,,,,,,,,,,clinic,,,,,,,,,,gorzno.e-mapa.net,,,yes,,,,,,,,
,,,,,12,,,,,,,,,,,,,Kajakowa,,,Samodzielny Publiczny Zakład Opieki Zdrowotnej Warszawa-Ursynów,,,02-838,,,,,,,,,,,,,,,,,,,,,,Warszawa,,,,21.0190047,,,,52.1301011,,,,,,,,,,,,,,,,,,clinic,,,,,,,,,,,,,hospital,,,,,,,,
,,,,,4,,,,,,,,,,,,,Eugeniusza Romera,,,Samodzielny Publiczny Zakład Opieki Zdrowotnej Warszawa-Ursynów,,,02-784,,,,,,,,,,,18846,,,,,,,,0918123,,,Warszawa,,,,21.0304552,,,,52.1552092,,,,,,,,,,https://zozursynow.pl/,,+48 22 643 04 97,,,,,,clinic,,,,,,,,,,mapa.um.warszawa.pl,,,yes,,,,,,clinic,,
,,,,,7,,,,,,,,,,,,,Kolejowa,,,Samodzielny Publiczny Zakład Opieki Zdrowotnej w Nałęczowie,,,24-150,,,,,,,,,,,,,,,,,,,,,,Nałęczów,,,,22.2127945,,,,51.2898067,,,,,,,,,,,,,,,,,,clinic,,,,,,,,,,EMUiA (emuia.gugik.gov.pl),,,yes,,,,,,clinic,,
,,,,,1,,,,,,,,,,,,,Otwocka,,,Samodzielny Zespół Publicznych Zakładów Lecznictwa Otwartego,,,,,,,,,,,,,,,,,,,,,mapa.um.warszawa.pl,,,,Warszawa,,,,21.0577632,,,,52.2585018,,,,,,,,,,,,,,,,,,clinic,,,,,,,,,,,,,yes,,,,,,,PL,
,,general;psychiatry;paediatrics;surgery;otolaryngology,,,5,,,,,,,,,,,,,Armii Krajowej,,,Scanmed S.A.,,,,,,,,,,,,,,,U-10,,,,,,,,,,Kraków,,,,19.9002344,,,,50.0699496,,,,24/7,,U-10,,,,https://scanmed.pl/,,,,,,,,clinic,,,,,,,3,,,,,,yes,,,,,,clinic,PL,
,,,,,2,,,,,,,,,,,,,Wyzwolenia,,,Scapula s.c. Praktyka grupowa lekarzy,,,34-350,,,,,,,,,,,,,,,,,,,,,,Węgierska Górka,,,,19.1264772,,,,49.6096719,,,,,+48338641516,,,,,,,,,,,,,clinic,,,,,,,,,,,,,yes,,,,,,,,
,,,,,,,,,,,,,,,,,,,,,Servi-Med,,,,,,,,,,,,,,,,,,,,,,,,,,,,,17.6186388,,,,52.5413973,,,,,,,,,,,,,,,,,,clinic,,,,,,,,,,,,,yes,,,,,,clinic,,
,,,,,75,,,,,,,,,,,,,Aleja Jana Pawła II,,,Sharley,,,01-038,,,,,,,,,,,07120,,,,,,,,0918123,,,Warszawa,,,,20.9830695,,,,52.2530679,,,,,,,,,,http://sharley.pl,,,,,,,,clinic,,,,,,,,,,mapa.um.warszawa.pl,,,yes,,,,,,,,
,,dermatology,,,4B lok. 3,,,,,,,,,,,,,Stawki,,,SkinClinic,,,00-193,,,,,,,,,,,,,stawki@skinclinic.pl,,,,,,,,,Warszawa,,,,20.9921952,,,,52.2538020,,,,Mo-Sa 08:00-21:00,,,,,,https://skinclinic.pl,,+48 22 424 46 46,,,,,,clinic,,,,,,,,,,,,,yes,,,,,,clinic,,
,,,,,2,,,WMS UM Żory,,,,,,,,,,Bankowa,,,Sport-klinika,,,44-240,,,,,,,,,,,,,,,,,info@sport-klinika.pl,,,,,Żory,,,,18.6997588,http://www.sport-klinika.pl,,,50.0294563,,Klinika Chirurgii Endoskopowej Spółka z ograniczoną odpowiedzialnością,,,,,,,,,,,,,,,,clinic,,,,,,,,,,EMUIA/WMS UM Żory,,,yes,,,,,,clinic,,
,,,,,6E,,,,,,,,,,,,,Wojciecha Oczki,,,Stacja Dializ i Poradnia Nefrologiczno-Transplantacyjna,,,02-007,,,,,,,,,,,,6,,,,,,,,,,Warszawa,,,,20.9982905,,,,52.2246108,,,,,,,,,,,,,,,,,,clinic,,,,,,,,,,mapa.um.warszawa.pl,,,yes,,,,,,,,
,,,,,7,,,,,,,,,,,,,Karmelicka,,+48815287907,Stomatologiczne Centrum Medyczne Uniwerystetu Medycznego w Lublinie,,,20-081,,,,,,,,,,,,,,,,,sekretariat@sck.lublin.pl,,,,,Lublin,,,,22.5641214,http://www.sck.lublin.pl/,,,51.2491268,,,,,+48815287900,,,,,,,,,,,,,clinic,,,,,,,,,,,,,yes,,,,,,,,
,,,,,1,,,,,,,,,,,,,Uroczysko Pustelnia,,,Szpital Rehabilitacyjno-Uzdrowiskowy Holmed Uzdrowisko,,,,,,,,,,,,,,,,,,,,,,,,,,,,,23.3254108,,,,53.2205199,,,,,,,,,,https://www.szpitalsuprasl.pl/,,,,,,,,clinic,,,,,,,,,,,,,hospital,,,,,,,,
,,,,,52,,,geoportal.szczecin.pl,,,,,,,,,,aleja Wyzwolenia,,,Szpital Rehabilitacyjny Świętego Karola Boromeusza,,,,,1132,,,,,Szpital lub zakład opieki medycznej,,,,,,rejestracja@szpitalrkb.pl,,,,,,,,,,,,,14.5521505,,,,53.4407571,,Instytut Medyczny im. Jana Pawła II,,,,,,2,,http://szpitalrkb.pl/,,+48 603 319 951; +48 913114720,,,,,,clinic,,,,,,,5,,,,,,healthcare,,,,,0,,,nid
,,,,,53a,,,UM Katowice,,,,,,,,,,Mikołowska,,,Teresa Fryda Laboratorium Medyczne,,,40-065,,,,,,,,,,,,,,,,,,,,,,Katowice,,,,19.0061597,,,,50.2518994,,,,,,,,,,http://fryda.pl,,,,,,,,clinic,,,,,,,,,,,,,commercial,,,,,,,,
,,,,,13a,,,,,,,,,,,,,Szkolna,,,"Trimed. NZOZ. Bednarczyk C., Smyczek K.",,,44-238,,,,,,,,,,,,,,,,,,,,,,Przegędza,,,,18.6305422,,,,50.1223029,,,,,,,,,,,,+48 32 431 56 75,,,,,,clinic,,,,,,,,,,,,,yes,,,,,,,,
,,,,,37,,,UM Cieszyn,,,,,,,,,,Bielska,,,Ubezpieczalnia,,,43-400,,,,,,,,,,,,,,,,,,,,,geoportal.gov.pl:ortofoto,Cieszyn,,,,18.6428577,,,,49.7492263,,,,,,,,,,,,,,PKT_140,,,,clinic,,,,,,,,,,,,,yes,,,,,,,,
,,general;ophthalmology;occupational;neurology;otolaryngology;gynaecology,,,1,,,,,,,,,,,,,Doktora Władysława Borkowskiego,,,VITA Centrum Zdrowia,,,27-200,,,,,,,,,,,,,przychodnia@vita-starachowice.pl,,,,,,,,,Starachowice,,,,21.0692069,,,,51.0502681,,,,,,,,,,http://www.vita-starachowice.pl/,,+48 41 275 33 42,,,,,,clinic,,,,,,,,,,,,,yes,,,,,,clinic,,
,,,,,17a,,,,,,,,,,,,,Starowiejska,,,Vena,,,34-120,,,,,,,,,,,20998,,,,,,,,0924023,,,Andrychów,,,,19.3464477,,,,49.8583353,,,,,,,,,,,,,,,,,,clinic,,,,,,,,,,andrychow.e-mapa.net,,,yes,,,,,,,,
,,,,,24,,,,,,,,,,,,,Miłosna,,,Villa Med Całodobowa Opieka Medyczna,,,,,,,,,,,,,,,,,,,,,,,,,Białystok,,,,23.0840922,,,,53.1338402,,,,,,,,,,,,,,,,,,clinic,,,,,,,,,,EMUiA (emuia.gugik.gov.pl),,,yes,,,,,,,,
,,,,,10,,,,,,,,,,,,,Antoniuk Fabryczny,,,Virtus s.c.,,,,,,,,,,,,,,,,,,,,,,,,,Białystok,,,,23.1261446,,,,53.1464253,,,,,,,,,,,,,,,,,,clinic,,,,,,,,,,,,,yes,,,,,,,,
,,,,,6,,,gis.um.szczecin.pl,,,,,,,,,,Jasełkowa,,,Vulmed,,,71-206,,,,,,,Szpital lub zakład opieki medycznej,,,,,,,,,,,,,,,Szczecin,,,,14.5842913,,,,53.4846813,,,,,,,,,,https://vulmed.ifg.pl/,,+48 91 881 28 12,,,,,,clinic,,,,,,,1,,,,,,healthcare,,,,,,,,
,,,,,1,,,,,,,,,,,,,Medyczna,,,Wiejski Ośrodek Zdrowia,,,,,,,,,,,,,,,,,,,,,,,,,,,,,19.7276586,,,,52.7816788,,,,,,,,,,,,,,,,,,clinic,,,,,,,,,,,,,yes,,,,,,,,
,,,,,12A,,,,,,,,,,,,,Jakuba Wejhera,,,Wojewódzka Poradnia Leczenia Zeza i Niedowidzenia,,,80-346,,,,,,,,,,,,,,,,,,,,,,Gdańsk,,,,18.5847925,,,,54.4209957,,,,,,,,,,,,,,,,,,clinic,,,,,,,,,,Urząd Miasta Gdańsk,,,yes,,,,,,,PL,
,,,,,,,,photograph,,,,,,,,,,,,,Wojewódzki Zespół Specjalistycznej Opieki Zdrowotnej,,,,,,,,,,,,,,,,,,,,,,,,,,,https://www.flickr.com/photos/124589265@N07/14066784990/,,17.0459716,,,,51.1069260,,,,,,,,,,,,,,,,,,clinic,,,,,,,,,,,,,yes,,,,,,,,
,,oncology,,,,,,,,,,,,,,,,,,,Wojewódzkie Centrum Onkologii,,,,,,,,,,,,,,,,,,,,,,,,,,,,,18.6278746,,,,54.3662273,,Copernicus Podmiot Leczniczy Sp. z o. o.,,,,,,,,,,,,,,,,clinic,,,,,,,,,,,,,,,,,,,clinic,,
,,,,,2,,,,,,,,,,,,,Leona Szumana,,,Wojskowa Specjalistyczna Przychodnia Lekarska,,,87-100,,,,,,,,,,,,,,,,,,,,,,Toruń,,,,18.6101975,,,,53.0129156,,,,,,,,,,,,,,,,commercial,,clinic,,,,,,,,,,,,,,,,,,,,,
,,,,,1,,,,,,,,,,,,,Generała Jana Henryka Dąbrowskiego,,,Wojskowa Specjalistyczna Przychodnia Lekarska,,,87-100,,,,,,,,,,,,,,,,,wspltorun@poczta.onet.pl,,,,,Toruń,,,,18.6116293,www.wspl-torun.pl,,,53.0140328,,,,,56 62 27 432,,,,,,,,,,,,,clinic,,,,,,,,,,,,,yes,,,,,,,,
,,,,,,,,,,,,,,,,,,,,,Wojskowy Ośrodek Medycyny Prewencyjnej,,,,,,,,,,,,,,,,,,,,,,,,,,,,,20.7401440,,,,52.4200757,,,,,,,,,,,,,,,,,,clinic,,,,,,,,,,,,,yes,,,,,,clinic,,
,,,,,27,,,,,,,,,,,,,Śląska,,,ZOZ Gminny Ośrodek Zdrowia,,,42-130,,,,,,,,,,,22308,,,,,,,,0147418,,,Wręczyca Wielka,,,,18.9181892,,,,50.8436421,,,,Mo-Fr 08:00-18:00,,,,,,,,+48 34 317 02 12,,,,,,clinic,,,,,,,,,,emuia.gugik.gov.pl,,,yes,,,,,,clinic,,
,,,,,27A,,,,,,,,,,,,,Śląska,,,ZOZ Gminny Ośrodek Zdrowia,,,42-130,,,,,,,,,,,22308,,,,,,,,0147418,,,Wręczyca Wielka,,,,18.9178970,,,,50.8437799,,,,Mo-Fr 08:00-18:00,,,,,,,,,,,,,,clinic,,,,,,,,,,emuia.gugik.gov.pl,,,yes,,,,,,clinic,,
,,,,,1,,,,,,,,,,,,,Stefana Żeromskiego,,,ZOZ Święta Katarzyna,,,55-010,,,,,,,,,,,26469,,,,,,,,0881213,,,Święta Katarzyna,,,,17.1185589,,,,51.0296497,,,,,,,,,,,,,,,,,,clinic,,,,,,,,,,emuia.gugik.gov.pl,,,yes,,,,,,,,
,,,,,A17,,,,,,,,,,,,,Osiedle Zachód,,,Zachód. NZOZ. Przychodnia medycyny rodzinnej,,,,,,,,,,,,,,,,,,,,,,,,,Stargard,,,,15.0118941,,,,53.3402319,,,,,,,,,,,,,,,,,,clinic,,,,,,,,,,UM Stargard Szczeciński,,,yes,,,,,,clinic,,
,,,,,,,,,,,,,,,,,,,,,Zakład Lecznictwa Ambulatoryjnego,,,,,,,,,,,,,,,,,,,,,,,,,,,,,18.1880231,,,,50.1268636,,,,,,,,,,,,+4832 410 67 77,,,,,,clinic,,,,,,,,,,,,,yes,,,,,,clinic,,
,,,,,127,,,,,,,,,,,,,Leśnianka,,,Zakład Opieki Zdrowotnej Medyk,,,,,,,,,,,,,,,,,,,,,,,,,Żywiec,,,,19.1640206,,,,49.6738106,,,,,,,,,,,,,,,,,,clinic,,,,,,,,,,,,,yes,,,,,,clinic,,
,,,,,38,,,e.czestochowa.pl,,,,,,,,,,Mikołaja Kopernika,,,Zakład Opieki Zdrowotnej Ministerstwa Spraw Wewnętrznych i Administracji w Katowicach im. sierżanta Grzegorza Załogi,,,42-217,,,,,,,,,,,,,,,,,,,,,,Częstochowa,,,,19.1092197,,,,50.8085642,,,,,,,,,,http://www.zozmsw.katowice.pl/,,,,,,,,clinic,,,,,,,,,,,,,yes,,,,,,clinic,,
,,,,,,,,,,,,,,,,,,,,,Zakład Opiekuńczo-Leczniczy o profilu Rehabilitacyjnym,,,,,,,142844,,,,,,,,,,,,,,,,,,,,,,17.0478676,,,0.1,51.1132930,,,,,,,,,,,,,,,,,,clinic,,,,,,,,,,,,,yes,,,,,,,,
,,,,,9,,,,,,,,,,,,,Szpitalna,,,Zakład Pielęgnacyjno-Opiekuńczy w Krzanowicach,,,47-470,,,,,,,,,,,22073,,,,,,,,0215427,,,Krzanowice,,,,18.1184461,,,,50.0152745,,,,,,,,,,,,+4832 4108005,,,,,,clinic,,,,,,,,,,emuia.gugik.gov.pl,,,yes,,,,,,,,
,,,,,3,,,EMUiA (geoportal.gov.pl),,,,,,,building,,,Lipowa,,,Zakład Pulmonologii Zespół Poradni Specjalistycznych,,,,,A/1481/92,,,,,,,,,,,,,,,,,,,,Tarnowskie Góry,,,,18.8577305,,,,50.4394136,,,,,,,,2,,,,,,,,,,clinic,,,,,no,,,,,,,,yes,,,,,,,,nid
,,,,,,,,,,,,,,,,,,,,,Zakład Rehabilitacji,,,,,,,,,,,,,,,,,,,,,,,,,,,,,21.1616342,,,,51.4027039,,,,,,,,,,,,,,,,,,clinic,,,,,,,,,,,,,,,,,,,,,
,,,,,32,,,Starostwo Powiatowe Będzin,,,,,,,,,,Zwycięstwa,,,Zakład Rehabilitacji Leczniczej,,,42-500,,,,,,,,,,,,,,,,,,,,,,Będzin,"Szpital lub zakład opieki medycznej, socjalnej",,,19.1212145,,,,50.3229127,,,,Mo-Fr 08:00-18:00,,,,,,,,,,,,,,clinic,,,,,,,1,,,,,,healthcare,,,,,,,,
,,,,,2,,,,,,,,,,,,,Zdrojowa,,,Zdrojowa Clinic - Lubuskie Centrum Gastroenterologii i Hepatologii,,,65-142,,,,,,,,,,,,,,,,,,,,,,Zielona Góra,,,,15.5182794,,,,51.9566933,,,,,,,,,,,,,,,,,,clinic,,,,,,,,,,,,,yes,,"https://polska-org.pl/562943,Zielona_Gora,ZOZ_Zdrojowa_Lubuskie_Centrum_Gastroenterologii_i_Hepatologii.html",,,,clinic,,
,,,,,,,,,,,,,,,,,,,,,Zespoł Opieki Zdrowotnej w Polanowie,,,,,,,,,,,,,,,,,,,,,,,,,,,,,16.6807535,,,,54.1173329,,,,,,,,,,http://zozpolanow.pl/,,,,,,,,clinic,,,,,,,,,,,,,,,,,,,,,
,,,,,,,,,,,,,,,,,,,,,Zespół Opieki Zdrowotnej Dla Szkół Wyższych,,,,,,,,,,,,,,,,,,,,,,,,,,,,,18.6223026,,,,54.3700316,Szpital Akademicki,,,,,,,,,,,,,,,,,clinic,,,,,,,,,,,,,,,,,,,clinic,,
,,,,,40,,,,,,,,,,,,,Konstytucji 3 Maja,,,Zespół Specjalistycznych Poradni Dziecięcych,,,87-100,,,,,,,,,,,,,,,,,,,,,,Toruń,,,,18.6907404,,,,53.0222870,,,,,,,,,,,,,,,,,,clinic,,,,,,,,,,EMUiA (emuia.gugik.gov.pl),,,yes,,,,,,,,
,,,,,10,,,,,,,,,,,,,Strzelców,,,Łużyckie Centrum Medyczne,,,68-200,,,,,,,,,,,21364,,,,,,,,0988684,,,Żary,,,,15.1299456,,,,51.6418374,,Łużyckie Centrum Medyczne s.c.,,,,,,,,,,,,,,,,clinic,,,,,,,,,,mzary.e-mapa.net,,,yes,,,,,,clinic,,
,,,,,5,,,,,,,,,,,,,Kasztanowa,,,Śląskie Centrum Medycyny Inwazyjnej,,,44-144,,,,,,,,,,,,,,,,,,,,,,Nieborowice,,,,18.6110571,,,,50.2213480,,,,,,,,,,http://www.advancemed.pl/,,32 728 43 00,,,,,,clinic,,,,,,,,,,,,,yes,,,,,,,PL,
