health_facility:type,roof:levels,amenity,building:colour,healthcare:speciality,medical_system:western,roof:colour,source:name,layer,height,loc_name,wikidata,alt_name,operator,barrier,name:ca,addr:housenumber,emergency,lon,building:levels,opening_hours,contact:phone,addr:housename,name,source,building:material,roof:material,mappinggroup,catastro:ref,email,b5m:url,website,fax,description,short_name,contact:email,addr:province,sorting_name,fence_type,source:date,phone,b5m:id,old_name,lat,smoking,addr:street,building,nohousenumber,min_level,name:en,contact:fax,addr:city,designation,roof:shape,addr:postcode,wheelchair,source:geometry,b5m:urlOrto,name:gl,building:levels:underground,roof:orientation,source:geometry:date,max_level,healthcare,name:eu,landuse,addr:country,name:es,operator:zbs
,,doctors,,neurology;surgery,,,,,,,,,Institut Chiari & Siringomielia & Escoliosis de Barcelona,,,16,,2.1216419,,,,,16,,,,,,,,,,,,,,,,,,,,41.3901433,,Passeig de Manuel Girona,,,,,,Barcelona,,,08034,,,,,,,,,doctor,,,,,
,,doctors,,,,,,,,,,,Osakidetza,,,4,,-2.6793094,,Mo-Fr 08:00-17:00,,,Abetxukoko osasun zentroa/Centro de Salud de Abetxuko,,,,,,csabetxuko@osakidetza.eus,,http://www.osakidetza.euskadi.eus/r85-gkoara03/es/contenidos/sanidad_centro/abetxuko/es_def/index.html,+34 945278931,,,,Araba/Álava,,,,+34 945278900,,,42.8755955,,Kristo kalea/Calle el Cristo,yes,,,,,Vitoria-Gasteiz,,,01013,,,,,,,,,,Abetxukoko osasun zentroa,,ES,Centro de Salud de Abetxuko,
,,doctors,,,,,,,,,,,,,,,,-0.6582539,,,,,Ambulatori,,,,,,,,,,,,,,,,,,,,38.7168134,,,yes,,,,,,,,,,,,,,,,,,,,,,
,,doctors,,,,,,,,,,,,,,,,1.9167521,,,,,Ambulatori ICS,,,,,,,,,,,,,,,,,,,,41.4723871,,,,,,,,,,,,,,,,,,,,,,,,,
,,doctors,,,,,,,,,,,,,,,,2.5068585,,,,,Ambulatori de Calvià,,,,,,,,,,,,,,,,,,,,39.5674176,,,yes,,,,,,,,,,,,,,,,,,,,,,
,,doctors,,,,,,,,,,,,,,,,-5.4472302,,,,,Ambulatorio San Garcia,,,,,,,,,,,,,,,,,,,,36.1047117,,,,,,,,,,,,,,,,,,,,,,,,,
,,doctors,,,,,,,,,,,Osakidetza,,,23,,-2.6589571,,Mo-Fr 08:00-20:00,,,Aranbizkarra II osasun zentroa/Centro de Salud Aranbizkarra II,,,,,,csaranbizkarra2@osakidetza.eus,,http://www.osakidetza.euskadi.eus/r85-gkoara03/es/contenidos/sanidad_centro/aranbizkarra_ii/es_def/index.html,+34 945006858,,,,Araba/Álava,,,,+34 945006850,,,42.8542082,,Burgos kalea/Calle Burgos,yes,,,,,Vitoria-Gasteiz,,,01002,,,,,,,,,,Aranbizkarra II osasun zentroa,,ES,Centro de Salud Aranbizkarra II,
,,doctors,white,,,,,,,,,,,,,18,,-0.3625639,1,08:00-18:00,,,Asepeyo,,cement_block,,,,,,,,,,,,,,,+34 974482991,,,42.5157386,,Avenida de Huesca,yes,,,,,Sabiñánigo,,,22600,,,,,,,,,,,,,,
,,doctors,,,,,,,,,,,,,,,,2.0406678,,,,,Assamblea local Creu Roja,,,,,,,,,,,,,,,,,,,,41.3790863,,,,,,,,,,,,,,,,,,,,,,,,,
,,doctors,,,,,,,,,,,,,,,,0.6191535,,,,,Avantmèdic,"PNOA, Walking Papers",,,,,,,,,,,,,,,,,,,41.6211730,,,yes,,,,,,,,,,,,,,,,,,,,,,
,,doctors,,,,,,,,,,,,,,,,-3.0124334,,,,,Bidezabal anbulategia,Eusko Jaurlaritza/Gobierno Vasco,,,,,,,,,,,,,,,,,,,43.3571058,,,yes,,,,,,,,,,,,,,,,,doctor,,,,Centro de Salud de Bidezabal,
,,doctors,grey,,,black,,,,,,,,,,,,-0.3040274,1,,,,Botiquín,,stone,slate,,,,,,,,,,,,,,,,,42.6191489,,,yes,,,,,,,hipped,,,,,,,along,,,doctor,,,,,
,,doctors,,,,,,,,,,,,,,,,2.0766427,,,,,C.A.P. Sant Quirze del Vallès,,,,,,,,,,,,,,,,,,,,41.5358312,,Avinguda d'Egara,yes,yes,,,,Sant Quirze del Vallés,,,08192,,,,,,,,,doctor,,,,,
,,doctors,,,,,,,,,,,,,,,,-4.7812347,,,,,C.E.P. Avenida de América,,,,,,,,,,,,,,,,,,,,37.8911313,,,yes,,,,,,,,,,,,,,,,,,,,,,
,,doctors,,,,,,,,,Q21530067,,,,,,,2.1287241,,,,,CAP,,,,,,,,,,,,,,,,,,,,41.5479254,,,yes,,,,,,,,,,,,,,,,,doctor,,,,,
therapy,,doctors,,,,,,,,,,,,,,,,-6.1249104,,,,,CPM-Centro Psicopedagógico Multidisciplinar,,,,,,,,https://www.centrocpm.es,,,,,,,,,,,,37.3782007,,,yes,,,,,,,,,,,,,,,,,,,,,,
,,doctors,,,,,,1,,,,,,,,,,2.7797424,,,,,Cap II,,,,,,,,,,,,,,,,,,,,41.6694937,,,yes,,,,,,,,,,,,,,,,,,,,,,
,,doctors,,,,,,,,,,,,,,,,-9.1265894,,,,,Casa do Mar,,,,,,,,,,,,,,,,,,,,42.8002596,,,yes,,,,,,,,,,,,,,,,,doctor,,,,,
,,doctors,,,,,,,,,,,,,,,,-7.0407407,,,,,Casa do Mar,PNOA;Catastro,,,,,,,,,,,,,,,,,,,43.5347759,,,yes,,,,,,,,,,,,,,,,,doctor,,,,,
,,doctors,,,,,,,,,,,,,,,,-7.2538983,,,,,Casa do Mar,,,,,,,,,,,,,,"Mar, Casa do",,,,,,43.5673807,,,yes,,,,,,,,,,,,Casa do Mar,,,,,,,,,Casa del Mar,
,,doctors,,,,,,,,,,,,,,,,-3.4803801,,,,,Cemaj,,,,,,,,,,Centro Medico Privado,,,,,,,,,,40.5313217,,,medical,,,,,,Clinica Privada,,,,,,,,,,,,,,,,
,,doctors,,,,,,,,,,,,,,,,-6.0100386,,,,,"Cento de Salud ""El Cachorro""",,,,,,,,,,,,,,,,,,,,37.3896852,,,,,,,,,,,,,,,,,,,,,,,,,
,,doctors,,general,,,,,,,,CAP Camprodon,,,,,yes,2.3722852,2,Mo-Su 08:00-20:00,+34972741213,,Centre d'Atenció Primària Camprodon,,,,,,,,,,,,eap_camprodon.girona.ics@gencat.cat,,,,,,,,42.3138182,,carrer de Mossèn Cinto Verdaguer,,,,,,Camprodon,,,17867,,,,,,,,,doctor,,,,,
,,doctors,,,,,,,,,,,,,,,no,-0.0969327,,,,,Centre d'Especialitats Torrehermosa,,,,,,,,,,,,,,,,,,,,39.9380979,,,yes,,,,,,,,,,,,,,,,,,,,,,
,,doctors,,,,,,,,,,,,,,,,2.0777712,,,,,Centre de Prevenció i Rehabilitació Asepeyo,,,,,,,,,,,,,,,,,,,,41.4904757,,,,,,,,,,,,,,,,,,,,,,,,,
,,doctors,,,,,,,,,,,,,,,,4.2713142,3,,,,Centre de Salut Verge del Toro,,,,,,,,,,,,,,,,,,,,39.8891184,,,public,,,,,,,,,,,,,,,,,,,,,,
,,doctors,,,,,,,,,,,,,,,,2.6667017,,,,,Centre sanitari,,,,,,,,,,,,,,,,,,,,39.6616163,,,yes,,,,,,,,,,,,,,,,,,,,,,
,,doctors,,,,,,,,,,,,,,68,,-3.7803150,,,(+34) 91 180 29 00,,Centro IVI reproducción asistida,,,,,,,,https://www.ivi.es/,,,,ivimadrid@ivi.es,,,,,,,,40.4474814,,Avenida del Talgo,yes,,,,(+34) 91 180 29 10,Madrid,,,28023,,,,,,,,,,,,ES,,
,,doctors,,,,,,,,,,,,,,15,,-3.6656652,,,,,Centro Madrid Salud Puente de Vallecas,,,,,,,,http://madridsalud.es/cms-de-puente-vallecas/,,,,,,,,,+34 91 5886016;+34 91 5133025,,,40.3951980,,Calle Concordia,public,,,,,Madrid,,,,,,,,,,,,,,,,,
,,doctors,,,,,,,,,,,,,,,,-2.7588015,,,,,Centro Médico,,,,,,,,,,,,,,,,,,,,42.5644365,,,yes,,,,,,,,,,,,,,,,,,,,,,
,,doctors,,,,,,,,,,,,,,,,-16.4805241,,,,,Centro Médico de Arico,,,,,,,,,,,,,,,,,,,,28.1807943,,,hospital,,,,,,,,,,,,,,,,,,,,,,
,,doctors,,,,,,,,,,,,,,,,-0.8890070,,,,,Centro Médico de Especialidades Ramón y Cajal,,,,,,,,,,,,,,,,,,,,41.6507305,,,yes,,,,,,,,,,,,,,,,,,,,,,
,,doctors,,,,,,,,,,,Cruz Roja,,,4,,-0.3714885,,,,,Centro Privado de Educación Especial Parálisis Cerebral Infantil,,,,,,cpcicole@cruzroja.es,,www.cruzroja.es,,,,,,,,,+34 963695954,,,39.4802895,,Calle Alboraya,,,,,,,,,46010,,,,,,,,,doctor,,,ES,,
,,doctors,,general,,,,,,,,,Salud,,,2,,-1.2817395,,,,,Centro Salud Epila,,,,,,,,,,,,,,,,,,,,41.5995940,,Calle Escuelas,yes,,,,,Épila,,,50290,,,,,,,,,,,,,,
,,doctors,,,,,,,,,,,,,,,,-8.6919822,,,,,Centro Salud Teis,,,,,,,,,,,,,,,,,,,,42.2523537,,Avenida de Galicia,,,,,,Vigo,,,36216,,,,,,,,,,,,,,
,,doctors,,,,,,,,,,,,,,,yes,-6.7206050,,,,,Centro Salud de Navia,,,,,,,,,,,,,,,,,,,,43.5417803,,,hospital,,,,,,,,,,,,,,,,,,,,,,
,,doctors,,,,,,,,,,,,,,,yes,-6.7485774,,,,,Centro Sanitario Valverde del Camino,,,,,,,,,,,,,,,,,,,,37.5735695,,,,,,,,,,,,,,,,,,,,,,,,,
,,doctors,,,,,,,,,,,,,,,,-3.8519835,,,,,Centro base nº 4 Atención a personas con discapacidad,,,,,,,,,,,,,,,,,,,,40.3300776,,,,,,,,,,,,,,,,,,,,,,,,,
,,doctors,,,,,,,,,,,,,,,,-3.8524023,,,,,Centro base nº 4 Atención a personas con discapacidad,,,,,,,,,,,,,,,,,,,,40.3299061,,,yes,,,,,,,,,,,,,,,,,,,,,,
,,doctors,,,,,,,,,,,Madrid Salud,,,5,,-3.6245227,,,,,Centro de Atención Integral a Drogodependientes,,,,,,,,,,,,,,,,,,,,40.3673105,,Calle de Cincovillas,yes,,,,,Madrid,,,28051,,,,,,,,,,,,,,
,,doctors,,,,,,,,,,,,,,,,-6.9103982,,,,,Centro de Atención Sanitaria,,,,,,,,,,,,,,,,,,,,41.9743568,,,yes,,,,,,,,,,,,,,,,,doctor,,,,,
,,doctors,,,,,,,,,,,,,,,,-0.4311056,,,,,Centro de Atención a Minusválidos Psíquicos Santa Faz,,,,,,,,,,,,,,,,,,,,38.3554589,,,,,,,,,,,,,,,,,,,,,,,,,
,,doctors,,,,,,,,,,,,,,,,-3.9152729,,,,,Centro de Consultas Médicas CCM,,,,,,,,,,,,,,,,,,,,43.4351771,,,yes,,,,,,,,,,,,,,,,,,,,,,
,,doctors,,,,,,,,,,,,,,,,-3.6284526,,,,,Centro de Diagnóstico,,,,,,,,,,,,,,,,,,,,37.1971468,,,yes,,,,,,,,,,,,,,,,,,,,,,
,,doctors,,,,,,,,,,,,,,,,-5.9347668,,,,,Centro de Diálisis Montequinto,,,,,,,,,,,,,,,,,,,,37.3465009,,,yes,,,,,,,,,,,,,,,,,,,,,,
,,doctors,,,,,,,,,,,,,,,,-0.5028284,,,,,Centro de Día y Residencia para personas con Autismo,,,,,,,,,,,,,,,,,,,,38.3511862,,,,,,,,,,,,,,,,,,,,,,,,,
,,doctors,,,,,,,,,,,,,,,,-1.3330412,,,,,Centro de Especialidades,,,,,,,,,,,,,,,,,,,,38.4736250,,,,,,,,,,,,,,,,,,,,,,,,,
,,doctors,,,,,,,,,,,,,,,,-1.1697436,,,,,Centro de Medicina del Deporte,,,,,,,,,,,,,,,,,,,,38.0142658,,,yes,,,,,,,,,,,,,,,,,,,,,,
,,doctors,,,,,,,,,,,,,,,,-6.6120246,2,,,,Centro de Salud,,,,,,,,,,,,,,,,,,,,43.2711427,,,yes,,,,,,,,,,,,,,,,,,,,,,
,,doctors,,,,,,,,,,,,,,,,-2.9623001,,,,,Centro de Salud,,,,,,,,,,,,,,,,,+34941320024,,,42.5876998,,,yes,,,,,,,,,,,,,,,,,,,,,,
,,doctors,,,,,,,,,,,,,,,,-15.4635672,,,,,Centro de Salud,,,,,,,,,,,,,,,,,+34 928117283,,,27.7983110,,,yes,,,,,,,,,,,,,,,,,,,,,,
,,doctors,,,,,,,,,,,Sacyl,,,,,-4.2588987,,,,,Centro de Salud,,,,,,,,,,,,,,,,,,,,42.7907639,,,yes,,,,,,,,,,,,,,,,,doctor,,,,,
,,doctors,,,,,,,,,,,,,,,,-1.9426212,,,,,Centro de Salud,,,,,,,,,,,,,,,,,,,,39.6259666,,,,,,,,,,,,,,,,,,,,,,,,,
,,doctors,,general;emergency,,,,,,,,,,,,,,-5.8617906,,,,,Centro de Salud,,,,,,,,,,,,,,,,,,,,40.2742027,,,yes,,,,,,,,,,,,,,,,,doctor,,,,,
,,doctors,,,,,,,,,,,,,,,,-3.9612100,,,,,Centro de Salud,,,,,,,,,,,,,,,,,,,,41.4936003,,,,,,,,,,,,,,,,,,,,,,,,,
,,doctors,,,,,,,,,,,Principado de Asturias,,,,,-5.5104995,1,,,,Centro de Salud,,,,,,,,,,,,,,,,,,,,43.1048258,,,yes,,,,,Felechosa,,,,,,,,,,,,,,,,,
,,doctors,,,,,,,,,,,SACYL,,,,,-3.9861833,,,,,Centro de Salud,,,,,,,,,,,,,,,,,,,,42.2045327,,,yes,,,,,,,,,,,,,,,,,,,,,,
,,doctors,,,,,,,,,,,,,,,yes,-16.3706294,3,,,,Centro de Salud,,,,,,,,,,,,,,,,,,,,28.3552921,,,hospital,,,,,,,,,,,,,,,,,,,,,,
,,doctors,,,,,,,,,,,SACYL,,,,,-3.3491794,,,,,Centro de Salud,,,,,,,,,,,,,,,,,,,,41.8395526,,,public,,,,,,,,,,,,,,,,,,,,,,
,,doctors,,,,,,,,,,,,,,,,-3.0418708,,,,,Centro de Salud,,,,,,,,,,,,,,,,,,,,41.9792484,,,yes,,,,,,,,,,,,,,,,,,,,,,
,,doctors,,,,,,,,,,,,,,,,-1.3516591,,,,,"Centro de Salud ""La Paz""",Ayuntamiento de Campos del Río,,,,,,,,,,,,,,,,,,,38.0399159,,,yes,,,,,,,,,,,,,,,,,,,,,,
,,doctors,,,,,,,,,,,,,,,,-5.9526218,,,,,Centro de Salud Amate,,,,,,,,,,,,,,,,,,,,37.3764761,,,,,,,,,,,,,,,,,,,,,,,,,
,,doctors,,,,,,,,,,,,,,,,-16.3089630,,,,,Centro de Salud Barranco Grande,,,,,,,,,,,,,,,,,,,,28.4345934,,,,,,,,,,,,,,,,,,,,,,,,,
,,doctors,,,,,,,,,,,,,,,,-0.8783582,,,,,Centro de Salud Callosa de Segura,,,,,,,,,,,,,,,,,+34 96 690 43 00,,,38.1186169,,,public,,,,,,,,,,,,,,,,,doctor,,,,,
,,doctors,,,,,,,,,,,,,,,,-3.8209440,,,,,Centro de Salud Campohermoso,,,,,,,,,,,,,,,,,,,,40.2545039,,,yes,,,,,,,,,,,,,,,,,,,,,,
,,doctors,,,,,,,,,,,,,,44,,-0.9951047,,,,,Centro de Salud Cartagena Oeste,,,,,,,,http://www.murciasalud.es/caps.php?op=mostrar_centro&id_centro=99&idsec=46,,,,,,,,,,,Consultorio de Barrio de La Concepción - SMS,37.6063417,,Calle Rosa,,,,,,,,,,,,,,,,,,,,,,,
,,doctors,,,,,,,,,,,,,,,,-3.6667064,2,,,,Centro de Salud Doctor Jose Luis Santamaría García,,,,,,,,,,,,,,,,,,,,42.3633911,,,yes,,,,,,,,,,,,,,,,,,,,,,
clinic,,doctors,,,yes,,,,,,,,,,,,,-5.9390366,,,,,Centro de Salud Doctor Pedro Vallina- Puerta Este,PNOA,,,,,,,,,,,,,,,2009,,,,37.4012310,,Calle Cueva de la Pileta,hospital,,,,,Sevilla,,,,yes,,,,,,,,,,,,,
,,doctors,,,,,,,,,,,,,,,,-5.9676917,,,,,Centro de Salud El Greco,PNOA,,,,,,,,,,,,,,,,,,,37.3901811,,,,,,,,,,,,,,,,,,,,,,,,,
,,doctors,,,,,,,,,,,,,,,,-17.8799110,,,+34922479493,,Centro de Salud El Paso,,,,,,,,,,,,,,,,,,,,28.6538970,,,yes,,,,,,,,,,,,,,,,,,,,,,
,,doctors,,,,,,,,,,,,,,,yes,-6.9348089,,,,Centro de Salud El Torrejon,Centro de Salud El Torrejon,,,,,,,,,,,,,,,,,+34 959 650 716,,,37.2740354,,Avenida de las Flores,yes,,,,,Huelva,,,21005,,,,,,,,,,,,,,
,,doctors,,,,,,,,,,,,,,2,,-2.8464152,1,,,,Centro de Salud Especialidades Haro,,,,,,,,https://www.riojasalud.es/ciudadanos/centros-y-servicios/centros-de-salud?start=11,,,,,,,,,+34941297729,,,42.5693059,,Calle Vicente Aleixandre,yes,,,,,,,,,,,,,,,,,,,,,,
,,doctors,,,,,,,,,,,,,,,,-3.6673669,,,,,Centro de Salud Gamonal Antigua,,,,,,,,,,,,,,,,,,,,42.3530273,,,yes,,,,,,,,,,,,,,,,,doctor,,,,,
,,doctors,,,,,,,,,,,,,,49,,-4.7836955,,,,,Centro de Salud Huerta de la Reina,,,,,,,,,,,,,,,,,,,,37.8939340,,Av. del Gran Capitán,yes,,,,,Córdoba,,,14006,,,,,,,,,doctor,,,,,
,,doctors,,general,,,,,,,,,,,,,,-0.9584383,,Mo-Fr 09:00-14:00,,,Centro de Salud La Erica,,,,,,,,,,,,,,,,,,,,41.5570499,,,yes,,,,,,,,,,,,,,,,,doctor,,,,,
,,doctors,,,,,,,,,,,,,,,,-2.4570754,,,,,Centro de Salud La Guindalera,,,,,,,,,,,,,,,,,,,,42.4502991,,,yes,,,,,,,,,,,,,,,,,doctor,,,,,
,,doctors,,,,,,,,,,,,,,,,-3.7180661,,,,,Centro de Salud Las Huelgas,,,,,,,,,,,,,,,,,,,,42.3389059,,,yes,,,,,,,,,,,,,,,,,doctor,,,,,
,,doctors,,general,,,,,,,,,,,,,,-5.9681511,,,,,Centro de Salud Las Palmeritas,,,,,,,,,,,,,,,,,,,,37.3778238,,,yes,,,,,,,,,,,,,,,,,doctor,,,,,
,,doctors,,,,,,,,,,,,,,2,,-3.6764918,,,,,Centro de Salud Las Torrres,catastro,,,,,,,,,,,,,,,2013-01,,,,42.3544134,,Calle Vicente Aleixandre,yes,,,,,,,,,,,,,,,,,doctor,,,,,
,,doctors,,,,,,,,,,,,,,,,-3.7116505,,,,,Centro de Salud Los Cubos,,,,,,,,,,,,,,,,,,,,42.3402837,,,yes,,,,,,,,,,,,,,,,,,,,,,
clinic,,doctors,,,yes,,,,,,,,,fence,,43,yes,-5.9261134,,,,,Centro de Salud María Fuensanta Pérez Quirós,PNOA,,,,,,,,,,,,,,,,,,,37.4002553,,Avenida de las Ciencias,,,,,,Sevilla,,,41020,,,,,,,,,centre,,health,,,
,,doctors,,psychiatry,,,,,,,,,,,,,,-5.7750694,2,,,,Centro de Salud Mental,,,,,,,,,,,,,,,,,,,,43.2476087,,,yes,,,,,,,,,,,,,,,,,doctor,,,,,
,,doctors,,,,,,,,,,,,,,,,-4.7960812,,,,,Centro de Salud Poniente,,,,,,,,,,,,,,,,,,,,37.8815498,,,yes,,,,,,,,,,,,,,,,,doctor,,,,,
,,doctors,,,,,,,,,,,,,,,,-6.9677694,,,,,Centro de Salud Punta Umbría,,,,,,,,,,,,,,,,,,,,37.1821579,,,yes,,,,,,,,,,,,,,,,,,,,,,
,,doctors,,,,,,,,,,,,,,,yes,-5.1595842,,,,,Centro de Salud Ronda Norte,,,,,,,,,,,,,,,,,,,,36.7453750,,,yes,,,,,,,,,,,,,,,,,doctor,,,,,
,,doctors,,,,,,,,,,,,,,,,-16.2492531,,,,,Centro de Salud Ruiz de Padrón,,,,,,,,,,,,,,,,,+34 922533750,,,28.4685104,,,yes,,,,,,,,,,,,,,,,,,,,,,
,,doctors,,,,,,,,,,"Centro de Salud San Agustín, Urgencias de Atención Primaria 24 horas",SACYL,,,,,-3.7019809,,,,,Centro de Salud San Agustín,,,,,,,,,,,,,,,,,,,,42.3335677,,,yes,,,,,,,,,yes,,,,,,,,doctor,,,,,
clinic,,doctors,,,yes,,,,,,,,,fence,,,,-5.9617168,,,,,Centro de Salud San Pablo,PNOA,,,,,,,,,,,,,,,,,,,37.3945694,,,,,,,,,,,,yes,,,,,,,,,,,,,
,,doctors,,,,,,,,,,,SACYL,,,,,-3.6929577,,,,,Centro de Salud Santa Clara,,,,,,,,,,,,,,,,,,,,42.3405709,,Plaza Santa Teresa,public,,,,,,,,,yes,,,,,,,,,,,,,
,,doctors,,,,,,,,,,,,,,,,-1.6675763,,,,,Centro de Salud de Bullas,,,,,,,,,,,,,,,,,,,,38.0466397,,,yes,,,,,,,,,,,,,,,,,,,,,,
,,doctors,,,,,,,,,,,,,,13,,-6.6754550,2,,,,Centro de Salud de Fuenteguinaldo,,,,,,,,,,,,,Salamanca,,,,,,,40.4288113,,Plaza de la Constitución,yes,,,,,Fuenteguinaldo,,,37540,,,,,,,,,,,,ES,,
,,doctors,,general;emergency;community;dentistry;radiology,,,,,,,,,SACyL,,,1,,-4.7196501,2,,,,Centro de Salud de Laguna de Duero,,,,,,,,,,,,,,,,,+34 983 54 31 93,,,41.5853654,,Avenida de la Laguna,yes,,,,,Laguna de Duero,,,47140,yes,,,,,,,,doctor,,,,,
,,doctors,,,,,,,,,,,,fence,,,,-2.6838555,,,,,Centro de Salud de Lakua-Arriaga/Lakua-Arriaga Osasun Zentroa,,,,,,,,,,,,,,,,,,,,42.8668165,,,,,,,,,,,,,,,,,,,,,Lakua-Arriaga Osasun Zentroa,,,Centro de Salud de Lakua-Arriaga,
,,doctors,,,,,,,,,,,,,,,,-5.8134344,,,,,Centro de Salud de Llugones,,,,,,,,,,,,,,,,,,,,43.4000929,,Calle Puerto Pajares,yes,,,,,Lugones / Llugones,,,33420,yes,,,,,,,,,,,,,
,,doctors,,,,,,,,,,,,,,,,-1.4887614,,,,,Centro de Salud de Morata,,,,,,,,,,,,,,,,,,,,37.5891720,,,yes,,,,,,,,,,,,,,,,,,,,,,
,,doctors,,,,,,,,,,,,,,,,-0.3432593,,,,,Centro de Salud de Museros,,,,,,,,,,,,,,,,,,,,39.5633626,,Avinguda del País Valencià,clinic,yes,,,,Museros,,,46136,yes,,,,,,,,clinic,,,,,
,,doctors,,,,,,,,,,,,,,12,,-6.6089785,1,,,,Centro de Salud de Robleda,,,,,,,,,+34 486 502,,,,Salamanca,,,,+34 923 486 251,,,40.3842977,,Calle Calzada,yes,,,,,El Robleda,,,37521,,,,,,,,,,,,ES,,
,,doctors,,,,,,,,,,,,,,,,-7.0188565,,,,,Centro de Salud de Santa Eulalia de Oscos,,,,,,,,,,,,,,,,,,,,43.2580747,,,yes,,,,,Santa Eulalia de Oscos,,,,,,,,,,,,clinic,,,,,
,,doctors,,,,,,,,,,,,,,,,-13.5581775,,,,,Centro de Salud de Titerroy,,,,,,,,,,,,,,,,,,,,28.9670874,,,,,,,,,,,,,,,,,,,,,,,,,
,,doctors,,,,,,,,,,,,,,,,-2.7319678,,,,,Centro de Salud nº 10 - Rioja Alta,,,,,,,,http://www.riojasalud.es/ciudadanos/centros-y-servicios/centros-de-salud?start=15,,,,,,,,,,,,42.4188525,,,yes,,,,,,,,,,,,,,,,,doctor,,,,,
,,doctors,,general;emergency;paediatrics;cardiology;dermatology;dialysis;radiology;internal,,,,,,,,,SACyL,,,,,-4.7102863,,24/7,,,Centro de especilidades Pilarica,,,,,,,,https://www.saludcastillayleon.es/HCUValladolid/es/centros-asistenciales/centro-especialidades-pilarica,,,,,,,,,+34 983 34 04 77,,,41.6538194,,Paseo del Cauce,public,yes,,,,Valladolid,,,47013,yes,,,,,,,,doctor,,,,,
,,doctors,,,,,,,,,,,Sespa,,,,,-5.4106667,,,,,Centro de salud,,,,,,,,,,,,,,,,,,,,43.4166386,,,yes,,,,,,,,,,,,,,,,,doctor,,,,,
,,doctors,,,,,,,,,,,,,,,,-0.5878034,,,,,Centro de salud,,,,,,,,,,,,,,,,,,,,38.2948181,,Carrer Mestre Antonio Cutillas,,,,,,Torrellano,,,03320,,,,,,,,,doctor,,,,,
,,doctors,,,,,,,,,,,,,,1,,-2.4321728,,,,,Centro de salud Joaquín Elizalde,,,,,,joaquin.elizalde@riojasalud.es,,http://www.riojasalud.es/,,,,,,,,,,,,42.4666098,,San José de Calasanz,,,,,,Logroño,,,26004,yes,,,,,,,,doctor,,,ES,,
,,doctors,,,,,,,,,,,,,,,yes,-5.9794642,,,,,Centro de salud Ronda Histórica,,,,,,,,,,,,,,,,,,,,37.3984924,,Carretera de Carmona,public,,,,,,,,41008,yes,,,,,,,,,,,,,
,,doctors,,,,,,,,,,,,,,,,-5.3941599,,,,,Centro médico San Roque,,,,,,,,,,,,,,,,,,,,36.2094920,,,,,,,,,,,,,,,,,,,,,,,,,
,,doctors,,,,,,,,,,,SaCyL,,,,,-4.4258522,,,,,Centro médico de Atención Primaria,,,,,,,,,,,,,,,,,,,,41.0806675,,,yes,,,,,,,,,yes,,,,,,,,doctor,,,,,
,,doctors,,,,,,,,,,,,,Clinica Ferreruela,34,,0.6153006,,,,,Clinica Ferresuela,WalkingPapers; PNOA,,,,,,,,,,,,,,,2008,,,,41.6200751,,Avinguda del Doctor Fleming,house,,,,,,,,,,,,,,,,,,,,,,
,,doctors,,,,,,,,,,,,,,,,2.7518634,,,,,Clínic Balear,,,,,,,,,,,,,,,,,,,,39.5003760,,,yes,,,,,,,,,,,,,,,,,doctor,,,,,
,,doctors,,,,,,,,,,,,,,322,,2.1386014,2,,,,Clínica Eugin,Ajuntament de Barcelona - CartoBCN (@2013-11-10),,,,,,,https://www.eugin.es/barcelona/,,,,,,,,,,,,41.3887463,no,Travessera de les Corts,,,,,,Barcelona,,,08029,,,,,,,,,birthing_center,,,,,
,,doctors,,plastic_surgery,,,,,,,,,,,,,,2.1159622,,,,,Clínica Planas,,,,,,,,,,,,,,,,,,,,41.3992361,,,,,,,,,,,,,,,,,,,,,,,,,
,,doctors,,,,,,,,,Q87762243,,,,,,,-1.6547705,4,,,,Clínica Psiquiátrica Padre Menni,,,,,,,,,,,,,,,,,,,,42.8250054,,,yes,,,,,,,,,,,,,,,,,doctor,,,,,
,,doctors,,,,,,,,,,,,,,42,,-4.4007048,,,,,Clínica Radiologica Doctor Mario Gallegos,,,,,,,,,,,,,,,,,,,,36.7220012,,Paseo de Sancha,,,,,,Málaga,,,29016,,,,,,,,,doctor,,,ES,,
,,doctors,,,,,,,,,,,,,,,,-7.9567663,,,,,Clínica San Rosendo,,,,,,,,,,,,,,,,,,,,42.1506670,,,yes,,,,,,,,,,,,,,,,,doctor,,,,,
,,doctors,,,,,,,,,Q87761953,,,,,,,0.6264583,,,,,Clínica de Ponent,,,,,,,,,,,,,,,,,,,,41.6223237,,,hospital,,,,,,,,,,,,,,,,,,,,,,
,,doctors,,,,,,,,,,,,,,286,,2.1459079,8,,,,Clínica l'Eixample,,,,,,,,,,,,,,,,,,,,41.3886989,,Carrer de Viladomat,yes,,,,,Barcelona,,,08029,,,,,,,,,,,,,,
,,doctors,,,,,,,,,,,,,,,,-0.3735460,,,,,Consulta Medica,,,,,,,,,,,,,,,,,,,,39.9989660,,,yes,,,,,,,,,,,,,,,,,doctor,,,,,
,,doctors,,,,,,,,,,,,wall,,6-8,,-6.0086562,,,,,Consultas Externas (Infanta Luisa),,,,,3716041TG3431N,,,,,,,,,,,,,,,37.3809014,,Calle Condes Bustillo,apartments,,,,,Sevilla,,,41010,,,,,,,,,,,,,,
,,doctors,,,,,,,,,,,,,,,,1.5605139,,,,,Consultori,,,,,,,,,,,,,,,,,,,,41.2978001,,,yes,,,,,,,,,,,,,,,,,doctor,,,,,
,,doctors,,,,,,,,,,,,,,,,2.6144731,,,,,Consultori Mèdic Municipal,,,,,,,,,,,,,,,,,,,,42.0632869,,,yes,,,,,,,,,,,,,,,,,doctor,,,,,
,,doctors,,,,,,,,,,,,,,,,-0.3131871,,,+34 96 2829875,,Consultori de Simat de la Valldigna,,,,,,,,,,,,,,,,,,,,39.0466241,,,yes,,,,,,,,,,,,,,,,,doctor,,,,,
,,doctors,,,,,,,,,,,,,,,,1.1444070,,,,,Consultori sanitari municipal,,,,,,,,,,,,,,,,,,,,41.6103880,,,yes,,,,,,,,,,,,,,,,,,,,,,
,,doctors,,,,,,,,,,,,,,,,-5.7676614,,,,,Consultorio,,,,,,,,,,,,,,,,,,,,42.8946977,,,yes,,,,,,,,,,,,,,,,,doctor,,,,,
,,doctors,,,,,,,,,,,,,,,,-0.9143288,,,,,Consultorio Alumbres - SMS,,,,,,,,,,,,,,,,,,,,37.6040601,,,yes,,,,,,,,,,,,,,,,,,,,,,
,,doctors,,,,,,,,,,,,wall,,,,-16.4183807,,,,,Consultorio Arafo,,,,,,,,,,,,,,,,,,,,28.3415508,,,,,,,,,,,,,,,,,,,,,,,,,
,,doctors,,,,,,,,,,,,,,17,,-4.0384974,,,,,Consultorio Auxiliar de Venta Nueva,,,,,,,,,,,,,,,,,+34 958 02 88 27,,,37.1838356,,Calle Sierra Nevada,,,,,,Huétor Tájar,,,18360,,,,,,,,,doctor,,,,,Huétor Tájar
,,doctors,,,,,,,,,,,,,,,,-16.3557303,,,,,Consultorio Barranco Hondo,,,,,,,,,,,,,,,,,,,,28.3973554,,,,,,,,,,,,,,,,,,,,,,,,,
,,doctors,,,,,,,,,,,,,,,,-17.2858320,,,,,Consultorio Chipude,,,,,,,,,,,,,,,,,,,,28.1095715,,,yes,,,,,,,,,,,,,,,,,,,,,,
,,doctors,,,,,,,,,,,,,,,,-16.3718776,1,,,,Consultorio Igueste de Candelaria,,,,,,,,,,,,,,,,,,,,28.3806943,,,public,,,,,,,,,,,,,,,,,,,,,,
,,doctors,,,,,,,,,,,,,,,,-0.7631443,,,,,Consultorio Islas Menores,,,,,,,,,,,,,,,,,,,,37.6425082,,,public,,,,,,,,,,,,,,,,,,,,,,
,,doctors,,,,,,,,,,,Servicio Canario de Salud,,,,,-16.4555039,,,,,Consultorio La Zarza,,,,,,,,,,,,,,,,,,,,28.2359884,,,,,,,,,,,,,,,,,,,,,,,,,
,,doctors,,,,,,,,,,,SESCAM,,,,,-2.1021306,,,,,Consultorio Local,,,,,,,,,,,,,,,,,,,,38.3651434,,,yes,,,,,,,,,,,,,,,,,clinic,,,,,
,,doctors,,,,,,,,,,,,,,,,-5.5248236,2,,,,Consultorio Local,,,,,,,,,,,,,,,,,,,,41.0643346,,,public,,,,,,,,,,,,,,,,,,,,,,
,,doctors,,,,,,,,,,,,,,,,-4.4925316,,,,,Consultorio Local,,,,,,,,,,,,,,,,,,,,40.3104251,,,yes,,,,,,,,,,,,,,,,,,,,,,
,,doctors,,,,,,,,,,,,,,1,,-7.1264970,,Tu-Fr 08:00-13:00,,,Consultorio Local El Rompido,,,,,,,,,,,,,,,,,+34 959 48 95 28,,,37.2186890,,Calle Puerto,yes,,,,,El Rompido,,,21459,yes,,,,,,,,doctor,,,,,
,,doctors,,,,,,,,,,,,,,,,-16.6502790,2,,,,Consultorio Local San Juan de la Rambla,Catastro,,,,,,,,,,,,,,,,,,,28.3941185,,,yes,,,,,,,,,,,,,,,,,,,,,,
,,doctors,,,,,,,,,,,,,,,,-1.0214769,,,,,Consultorio Local de La Vaguada - SMS,,,,,,,,,,,,,,,,,,,,37.6183925,,,yes,,,,,,,,,,,,,,,,,,,,,,
,,doctors,,,,,,,,,,,,,,,,-0.7826404,,,,,Consultorio Local de Los Nietos,,,,,,,,,,,,,,,,,,,,37.6481239,,,yes,,,,,,,,,,,,,,,,,,,,,,
,,doctors,,,,,,,,,,,,fence,,32,,-3.9584614,,,,,Consultorio Los Olivos,,,,,,,,,,,,,,,wire,,,,,37.1798978,,Calle Otura,,,,,,Moraleda de Zafayona,,,18370,,,,,,,,,,,,,,Huétor Tájar
,,doctors,,,,,,,,,,,Osakidetza,,,9,,-2.4461519,,Mo-Fr 08:00-15:00,,,Consultorio Maeztu,Eusko Jaurlaritza-Gobierno Vasco,,,,,csmaestu@osakidetza.eus,,http://www.osakidetza.euskadi.eus/centro_sanitario/consultorio-maeztu/r85-ckcent02/es/,,,,,Araba/Álava,,,,+34 945410010,,,42.7385710,,Errementari kalea/Calle Herrería,yes,,,,,Maestu/Maeztu,,,01120,,,,,,,,,,,,ES,,
,,doctors,,,,,Catastro de España,,,,,,,,,,,-4.9492388,,,,,Consultorio Medico,Catastro de España,,,,,,,,,,,,,,,,,,,41.1882735,,,,,,,,,,,,,,,,,,,,,,,,,
,,doctors,,,,,,,,,,,,,,,,-16.3678549,2,,,,Consultorio Medico La Esperanza,,,,,,,,,,,,,,,,,,,,28.4505661,,,hospital,,,,,,,,,,,,,,,,,,,,,,
,,doctors,,,,,,,,,,,,,,,no,-5.8869757,,,,,Consultorio Medico Las Campas,,,,,,,,,,,,,,,,,,,,43.3644816,,,yes,,,,,,,,,,,,,,,,,,,,,,
,,doctors,,,,,,,,,,,,,,1,,-6.7536465,1,,,,Consultorio Médico,,,,,,,,,,,,,Salamanca,,,,,,,40.3818151,,Plaza Mayor,yes,,,,,Casillas de Flores,,,37541,,,,,,,,,,,,ES,,
,,doctors,,,,,,,,,,,,,,,,-4.9226229,1,,,,Consultorio Médico,,,,,,,,,,,,,,,,,,,,42.4032380,,,yes,,,,,,,,,,,,,,,,,,,,,,
,,doctors,,,,,,,,,,,,,,2,,-6.7285522,2,,,,Consultorio Médico,,,,,,,,,,,,,Salamanca,,,,,,,40.6915005,,Calle de Atrás,yes,,,,,Barquilla,,,37488,,,,,,,,,,,,ES,,
,,doctors,,,,,,,,,,,,,,46,,-6.7587999,2,,,,Consultorio Médico,,,,,,,,,,,,,Salamanca,,,,,,,40.6508999,,Calle Laguna,yes,,,,,Alameda de Gardón,,,37495,,,,,,,,,,,,ES,,
,,doctors,,,,,,,,,,,,,,,,-5.5841099,1,,,,Consultorio Médico,,,,,,,,,,,,,,,,,,,,41.0073730,,,yes,,,,,,,,,,,,,,,,,,,,,,
,,doctors,,,,,,,,,,,,,,10,,-6.6406790,1,,,,Consultorio Médico,,,,,,,,,,,,,Salamanca,,,,+34 923 486 458,,,40.3372768,,Calle Larga,yes,,,,,Villasrubias,,,37522,,,,,,,,,,,,ES,,
,,doctors,,,,,,,,,,,,,,4,,-3.4868173,,,,,Consultorio Médico,,,,,,,,,,,,,,,,,,,,43.0481960,,,detached,,,,,,,,,,,,,,,,,doctor,,,,,
,,doctors,,,,,,,,,,,,,,,,-3.0422257,,,,,Consultorio Médico,,,,,,,,,,,,,,,,,,,,41.9363975,,,yes,,,,,,,,,,,,,,,,,,,,,,
,,doctors,,,,,,,,,,,,,,27,,-6.7147433,1,,,,Consultorio Médico,,,,,,,,,,,,,Salamanca,,,,,,,40.5675448,,Calle de la Fragua,yes,,,,,Monforte de la Sierra,,,37618,,,,,,,,,,,,ES,,
,,doctors,,,,,,,,,,,,,,,,-3.6850775,,,,,Consultorio Médico,,,,,,,,,,,,,,,,,,,,42.2581234,,,detached,,,,,,,,,,,,,,,,,,,,,,
,,doctors,,,,,,,,,,,,,,,,-1.0903087,,,,,Consultorio Médico,,,,,,,,,,,,,,,,,,,,42.9049527,,,yes,,,,,,,,,,PNOA,,,,,2017,,,,,,,
,,doctors,,,,,,,,,,,,,,,,-3.7332401,,,,,Consultorio Médico,,,,,,,,,,,,,,,,,,,,42.2692292,,,yes,,,,,,,,,,,,,,,,,,,,,,
,,doctors,,,,,,,,,,,,,,,,-3.6533535,,,,,Consultorio Médico,,,,,,,,,,,,,,,,,,,,42.0336937,,,public,,,,,,,,,,,,,,,,,,,,,,
,,doctors,,,,,,,,,,,,,,15,,-6.7935304,1,,,,Consultorio Médico,,,,,,,,,,,,,Salamanca,,,,,,,40.8358501,,Calle Mayor,yes,,,,,La Bouza,,,37488,,,,,,,,,,,,ES,,
,,doctors,,,,,,,,,,,,,,,,-5.5366866,1,,,,Consultorio Médico,,,,,,,,,,,,,,,,,+34 923 350 109,,,41.0439990,,,yes,,,,,,,,,,,,,,,,,,,,,,
,,doctors,,,,,,,,,,,,,,,,-3.1731741,,,,,Consultorio Médico,,,,,,,,,,,,,,,,,,,,42.4591838,,,yes,,,,,,,,,,,,,,,,,doctor,,,,,
,,doctors,,,,,,,,,,,,,,,,-6.0326585,,,,,Consultorio Médico,,,,,,,,,,,,,,,,,,,,39.2582149,,,yes,,,,,,,,,,,,,,,,,doctor,,,,,
,,doctors,,,,,,,,,,,,,,,,-3.4856658,,,,,Consultorio Médico,,,,,,,,,,,,,,,,,,,,42.3454796,,,yes,,,,,,,,,,,,,,,,,,,,,,
,,doctors,,,,,,,,,,,,,,12,,-6.8141163,1,,,,Consultorio Médico,,,,,,,,,,,,,Salamanca,,,,+34 923 923489381,,,40.4110747,,Calle Maravedí,yes,,,,,La Alberguería de Argañán,,,37555,,,,,,,,,,,,ES,,
,,doctors,,,,,,,,,,,,,,,,-0.3543471,1,,,,Consultorio Médico,,,,,,,,,,,,,,,,,,,,42.1334485,,,yes,,,,,,,hipped,,,,,,,,,,,,,,,
,,doctors,,,,,,,,,,,,,,13,,-6.7276495,1,,,,Consultorio Médico,,,,,,,,,,,,,Salamanca,,,,,,,40.2850066,,Calle de San Martín,yes,,,,,El Payo,,,37524,,,,,,,,,,,,ES,,
,,doctors,,general,,,,,,,,,,,,,,-3.9853656,,,,,Consultorio Médico,,,,,,,,,,,,,,,,,,,,41.6671938,,,yes,,,,,,,,,,,,,,,,,doctor,,,,,
,,doctors,,,,,Catastro de España,,,,,,,,,,,-4.8252717,,,,,Consultorio Médico,,,,,,,,,,,,,,,,,,,,41.2765769,,,,,,,,,,,,,,,,,,,,,,,,,
,,doctors,,,,,,,,,,,,,,2,,-0.3289155,1,,,,Consultorio Médico,,,,,,,,,,,,,,,,,,,,42.7735596,,Calle Obispo Martón,yes,,,,,Sallent de Gállego,,,22640,,,,,,,,,,,,,,
,,doctors,,,,,,,,,,,,,,,,-3.7513870,,,,,Consultorio Médico,,,,,,,,,,,,,,,,,+34 947403680,,,42.2647897,,Calle Moral,public,,,,,,,,,,,,,,,,,,,,,,
,,doctors,,,,,,,,,,,,,,,,-3.9402156,,,,,Consultorio Médico,,,,,,,,,,,,,,,,,,,,43.2754510,,,yes,,,,,,,,,,,,,,,,,,,,,,
,,doctors,,,,,,,,,,,Servicio Murciano de Salud,,,,,-1.0495692,,Th 12:30-14:00,,,Consultorio Médico,,,,,,,,,,,,,,,,,,,,37.7042815,,,public,,,,,,,,,,,,,,,,,,,,,,
,,doctors,,,,,,,,,,,,,,,,-0.8353759,,,,,Consultorio Médico,,,,,,,,,,,,,,,,,,,,37.6254808,,,public,,,,,,,,,,,,,,,,,,,,,,
,,doctors,,,,,Catastro de España,,,,,,,,,,,-4.6939431,,,,,Consultorio Médico,,,,,,,,,,,,,,,,,,,,41.8099745,,,,,,,,,,,,,,,,,,,,,,,,,
,,doctors,,,,,,,,,,,,,,,,-4.0171147,,,,,Consultorio Médico Cuchía,,,,,,,,,,,,,,,,,,,,43.4357151,,,,,,,,,,,,,,,,,,,,,,,,,
,,doctors,,,,,,,,,,,,,,,,-5.6503695,,,,,Consultorio Médico Vega – La Camocha,,,,,,,,,,,,,,,,,,,,43.4922004,,,yes,,,,,,,,,,,,,,,,,,,,,,
,,doctors,,,,,,,,,,,,,,,,-1.0018812,,,,,Consultorio Médico Zeneta,,,,,,,,,,,,,,,,,,,,38.0089845,,,,,,,,,,,,,,,,,,,,,,,,,
,,doctors,,,,,,,,,,,,,,5,,0.1804228,,Mo-Fr 09:00-15:00,+34 978 85 02 38,,Consultorio Médico de Beceite,,,,,,,,,,,,,,,,,,,,40.8309574,,Arrabal del Puente,house,,,,,Beceite,,,44588,,,,,,,,,,,,ES,,
,,doctors,,,,,,,,,,,,,,,,-1.1932492,,,,,Consultorio Médico de Bárboles,,,,,,,,,,,,,,,,,,,,41.7100865,,,yes,,,,,,,,,,,,,,,,,,,,,,
,,doctors,,,,,,,,,,,,,,,,-1.0227670,,,,,Consultorio Médico de Miranda,,,,,,,,,,,,,,,,,,,,37.6775705,,,yes,,,,,,,,,,,,,,,,,,,,,,
,,doctors,,,,,,,,,,,,,,,,-6.8180346,1,,,,Consultorio Médico de Navasfrías,,,,,,,,,,,,,Salamanca,,,,,,,40.2975875,,,yes,,,,,Navasfrías,,,37542,,,,,,,,,,,,ES,,
,,doctors,,,,,,,,,,,,,,2,,-6.7455329,1,,,,Consultorio Médico de Puebla de Azaba,,,,,,,,,,,,,Salamanca,,,,+34 923471017,,,40.4469846,,Plaza de la Condesa de Montarco,yes,,,,,Puebla de Azaba,,,37553,,,,,,,,,,,,ES,,
,,doctors,,,,,,,3,,,,,,,,,-16.7878991,1,,,,Consultorio Médico de San José de Los Llanos,,,,,,,,,,,,,,,,,,,,28.3277285,,,warehouse,,,,,,,,,,,,,,,,,,,,,,
,,doctors,,,,,,,,,,,,,,12,,-6.3598867,,,,,Consultorio Médico de Serradilla del Arroyo,,,,,,,,,,,,,Salamanca,,,,+34 923 48 92 08,,,40.5218879,,Calle la Ermita,yes,,,,,Serradilla del Arroyo,,,37531,,,,,,,,,,,,ES,,
,,doctors,,,,,,,,,,,Servicio Murciano de Salud,,,,,-1.1584646,,,,,Consultorio Médico de Tallante,,,,,,,,,,,,,,,,,,,,37.6464542,,,public,,,,,,,,,,,,,,,,,,,,,,
,,doctors,,,,,,,,,,,,,,,,-5.6173909,,,,,Consultorio Médico de Villabalter,,,,,,,,,,,,,,,,,,,,42.6228352,,,yes,,,,,,,,,,,,,,,,,doctor,,,,,
,,doctors,,,,,,,,,,,,,,,,-1.1325124,,,,,Consultorio Puertos de Santa Bárbara,,,,,,,,,,,,,,,,,,,,37.6447919,,,public,,,,,,,,,,,,,,,,,,,,,,
,,doctors,,,,,,,,,,,Servicio Canario de Salud,,,,,-16.8154679,,,,,Consultorio Santiago del Teide,survey,,,,,,,,,,,,,,,,,,,28.2936768,,,yes,,,,,,,,,,,,,,,,,,,,,,
,,doctors,,,,,,,,,,,,,,,,-16.6726549,,,,,Consultorio Santo Domingo,,,,,,,,,,,,,,,,,,,,28.3907066,,,yes,,,,,,,,,,,,,,,,,,,,,,
,,doctors,,,,,,,,,,,Sacyl (Salud Castilla y León),,,,,-4.7010708,,,,,Consultorio de Atención Primaria,,,,,,,,,,,,,,,,,,,,40.3163448,,,yes,,,,,,,,,,,,,,,,,,,,,,
,,doctors,,,,,,,,,,,,,,,,-1.0456625,,,,,Consultorio de Atención Primaria,,,,,,,,,,,,,,,,,,,,37.7190654,,,public,,,,,,,,,,,,,,,,,,,,,,
,,doctors,,,,,,,,,,,Servicio Murciano de Salud,,,,,-0.9437879,,Mo-Fr 9:00-14:30,,,Consultorio de Atención Primaria,,,,,,,,,,,,,,,,,,,,37.6072715,,,public,,,,,,,,,,,,,,,,,,,,,,
,,doctors,,,,,,,,,,,,,,,,-1.0940922,,,,,Consultorio de Atención Primaria Cuesta Blanca,,,,,,,,,,,,,,,,,,,,37.6423335,,,public,,,,,,,,,,,,,,,,,,,,,,
,,doctors,,,,,,,,,,,,,,,,-3.9732437,,,,,Consultorio de Azucaica,,,,,,,,,,,,,,,,,,,,39.8834302,,,yes,,,,,,,,,,,,,,,,,doctor,,,,,
,,doctors,,,,,,,,,,,,,,,,-14.0565159,,,,,Consultorio de Betancuria,,,,,,,,,,,,,,,,,,,,28.4252820,,,yes,,,,,,,,,,,,,,,,,,,,,,
,,doctors,,,,,,,,,,,,,,,,-16.7944828,,,,,Consultorio de Chio,,,,,,,,,,,,,,,,,,,,28.2365504,,,yes,,,,,,,,,,,,,,,,,,,,,,
,,doctors,,,,,,,,,,,,,,,,-1.2106823,,"Tu,Th 12:00-14:00",,,Consultorio de Isla Plana,,,,,,,,,,,,,,,,,,,,37.5750410,,,public,,,,,,,,,,,,,,,,,,,,,,
,,doctors,,,,,,,,,,,,,,,,-0.7749072,,,,,Consultorio de Los Belones,,,,,,,,,,,,,,,,,,,,37.6212255,,,yes,,,,,,,,,,,,,,,,,,,,,,
,,doctors,,,,,,,,,,,,,,,,-3.9671431,,,,,Consultorio de Moraleda,,,,,,,,,,,,,,,,,,,,37.1693690,,,,,,,,,,,,,,,,,,,,,,,,,Huétor Tájar
,,doctors,,,,,,,,,,,,,,,,-1.2189605,,,,,Consultorio de Pedrola,,,,,,,,,,,,,,,,,,,,41.7898536,,,yes,,,,,,,,,,,,,,,,,,,,,,
,,doctors,,,,,,,,,,,,,,,,-1.0133867,,,+34 968 16 90 81,,Consultorio de Santa Ana,,,,,,,,,,,,,,,,,,,,37.6650741,,,public,,,,,,,,,,,,,,,,,,,,,,
,,doctors,,,,,,,,,,,,,,,,-14.0827729,,,,,Consultorio de Vega del Río Palma,,,,,,,,,,,,,,,,,,,,28.3941439,,,hospital,,,,,,,,,,,,,,,,,,,,,,
,,doctors,,,,,Catastro de España,,,,,,,,,,,-5.0824892,,,,,Consultorio de la Seguridad Social,PNOA y Catastro,,,,,,,,,,,,,,,,,,,41.3286574,,,,,,,,,,,,,,,,,,,,,,,,,
,,doctors,,,,,,,,,,,Sacyl,,,,,-5.7522975,,,,,Consultorio local (Sacyl),,,,,,,,,,,,,,,,,,,,40.4380101,,,yes,,,,,,,,,,,,,,,,,hospital,,,,,
,,doctors,,,,,,,,,,,,,,,,-3.6976134,,,,,Consultorio médico,,,,,,,,,,,,,,,,,,,,43.0449182,,,yes,,,,,,,,,,,,,,,,,,,,,,
,,doctors,,,,,,,,,,,,,,,,-0.4714860,,,,,Consultorio médico,,,,,,,,,,,,,,,,,,,,41.1600008,,,yes,,,,,,,,,,,,,,,,,doctor,,,,,
,,doctors,,,,,,,,,,,,,,,,-1.7904300,,,,,Consultorio médico,survey,,,,,,,,,,,,,,,,,,,42.7941895,,,yes,,,,,,,,,,PNOA,,,,,2017,,,,,,,
,,doctors,,general,,,,,,,,,,,,,,-0.0447846,,,,,Consultorio médico,,,,,,,,,,,,,,,,,,,,41.7153143,,,yes,,,,,,,,,,,,,,,,,doctor,,,,,
,,doctors,,,,,,,,,,,,,,,yes,1.5875034,,,,,Creu Roja,,,,,,,,,,,,,,,,,,,,42.1363770,,,,,,,,,,,,,,,,,,,,,,,,,
,,doctors,,,,,,,,,,,,,,,,-2.4624584,,,,,Cruz Roja,,,,,,,,,,,,,,,,,,,,42.4654698,,,,,,,,,,,,,,,,,,,,doctor,,,,,
,,doctors,white,,,black,,,,,,,,,,,,-0.3274242,2,,,,Cruz Roja,,stone,slate,,,,,,,,,,,,,,+34 974 48 51 16,,,42.6307108,,Avenida Zaragoza,yes,,,,,Biescas,,hipped,22630,,,,,1,along,,,,,,,,
,,doctors,,,,,,,,,,,,,,,,-3.2792789,,,,,Cruz Roja Española,,,,,,,,,,,,,,,,,,,,42.0203614,,,yes,,,,,,,,,,,,,,,,,,,,,,
,,doctors,,general;community,,,,,,,,,Ajuntaments dels Arcs,,,,,0.8297716,,,,,Dispensari Mèdic,,,,,,,,,,,,,,,,,,,,41.6937773,,Carrer de Claret,yes,,,,,els Arcs,,,25144,,,,,,,,,doctor,,,,,
,,doctors,,,,,,,,,,,,,,,,1.9026320,,,,,Dispensari Médic,,,,,,,,,,,,,,,,,,,,41.2538115,,,yes,,,,,,,,,,,,,,,,,doctor,,,,,
,,doctors,,,,,,,,,,,,,,,,2.3891345,3,,,,Dispensari municipal,,,,,,,,,,,,,,,,,,,,41.8473861,,,yes,,,,,,,,,,,,,,,,,,,,,,
,,doctors,,,,,,,,,,,,,,,,-3.6281695,,,,,El Padul,,,,,,,,,,,,,,,,,,,,37.0253271,,,yes,,,,,,,,,,,,,,,,,,,,,,
,,doctors,,,,,,,,,,,,,,,,-0.7031435,,,,,El Pla,,,,,,,,,,,,,,,,,,,,38.2545659,,,hospital,,,,,,,,,,,,,,,,,,,,,,
,,doctors,,gynaecology,,,,,,,,,,,,"82, 84",,2.1384011,,,,,Eudona Barcelona,Ajuntament de Barcelona - CartoBCN (@2013-11-10),,,,,,,https://www.eudona.com/,,,,,,,,,+34 900507097,,,41.3877680,,Carrer de l'Equador,yes,,,,,Barcelona,,,08029,,,,,,,,,hospital,,,,,
,,doctors,,,,,,,,,,,,,,,,-16.6114478,,,,,Excellent Medical,,,,,,,,https://www.excellentmedical.es/,,,,,,,,,+34 922738247,,,28.0325213,,,yes,,,,,,,,,,,,,,,,,,,,,,
,,doctors,,general,,,,,,,,,El Delfin Verde,,,,,3.1888270,,,,,First Aid,,,,,,,,,,,,,,,,,,,,42.0116019,,,yes,,,,,,,,,,,,,,,,,doctor,,,,,
,,doctors,,,,,,,,,,,,,,9,,-3.8378659,,,,,Fremap,,,,,,,,https://www.fremap.es/,,Mutua de accidentes de trabajo,,,,,,,+34 942219812,,,43.4644621,,Calle El Hondal,yes,,,,,Santander,,,39012,,,,,,,,,,,,,,
,,doctors,,,,,,,,,,,Osakidetza,,,,,-2.6859180,,Mo-Fr 08:00-20:00,,,Gazalbide-Txagorritxu osasun zentroa/Centro de Salud Gazalbide-Txagorritxu,,,,,,cstxagorritxu@osakidetza.eus,,http://www.osakidetza.euskadi.eus/r85-gkoara03/es/contenidos/sanidad_centro/gazalbide_txagorritxu/es_def/index.html,+34 945006666,,,,,,,,+34 945006660,,,42.8520614,,,,,,,,,,,,,,,,,,,,,Gazalbide-Txagorritxu osasun zentroa,,,Centro de Salud Gazalbide-Txagorritxu,
,,doctors,,,,,,,,,,,,,,,,-15.5920657,,,,,Grupo Medico,,,,,,,,,,,,,,,,,,,,27.7538010,,,yes,,,Medical Center,,,,,,,,,,,,,,doctor,,,,,
,,doctors,,,,,,,,,Q87761722,,,,,9,,-4.7930330,,,,,Hospital de oftalmología La Arruzafa,,,,,,,,https://www.hospitalarruzafa.com/,,,,,,,,,,,,37.9043095,,Avenida de la Arruzafa,yes,,,,,Córdoba,,,14012,,,,,,,,,optometrist,,,,,
,,doctors,,,,,,,,,,,,,,35,,2.1237953,3,,,,Institut Marquès,,,,,,,,,,,,,,,,,,,,41.3913771,,Passeig de Manuel Girona,public,,,,,,,,08034,,,,,,,,,,,,,,
,,doctors,,,,,,,,Hospital Ramón Nedrete,,Mutua Montañesa,,,,,,-3.7891316,,,,,Instituto Cántabro de Seguridad y Salud en el Trabajo,,,,,,,,http://www.icasst.es,,,ICASST,,,,,,,,,43.4829588,,,yes,,,,,,,,,,,,,,,,,,,,,,
,,doctors,,,,,,,,,,,,,,10,,-3.7207481,1,,,,Instituto Tecnológico PET,,,,,,,,,,,,,,,,,,,,40.4442754,,Calle Manuel Bartolomé Cossío,yes,,,,,,,,,,,,,,,,,,,,,,
,,doctors,,,,,,,,,,,,,,,,2.6253031,,,,,Ivi,,,,,,,,,,,,,,,,,,,,39.5898706,,,yes,,,,,,,,,,,,,,,,,,,,,,
,,doctors,,,,,,,,,,,,,,17,,-1.9816035,,,,,Kontsultorioa,b5m,,,,,,http://b5m.gipuzkoa.net/b5map/r1/eu/mapa/lekutu/D_7728,,,,,,,,,,,D_7728,,43.1232031,,Hirigune Sakabanatua,yes,,,,,Berastegi,,,20492,,,http://b5m.gipuzkoa.net/url5000/index.php?id=D_7728&lengua=1&actu=0&categoria=VITO_FOTO,,,,,,,,,ES,,
,,doctors,,,,,,,,,,,,,,,no,-4.7650578,,,,,Levante Sur,,,,,,,,,,,,,,,,,,,,37.8921513,,,yes,,,,,,Centro de Salud,,,,,,,,,,,doctor,,,,,
,,doctors,,,,,,,,,,,,,,,,-0.8706229,,,,,MAZ Sociedad de prevencion,,,,,,,,,,,,,,,,,,,,41.6818682,,,,,,,,,,,,,,,,,,,,,,,,,
,,doctors,,,,,,,,,,,,,,20,,-2.4589770,,,,,Mutua Universal,,,,,,,,,,,,,,,,,+34 941 20 93 00,,,42.4592304,,Calle Barrera,yes,,,,,Logroño,,,26005,,,,,,,,,doctor,,,ES,,
,,doctors,,,,,,,,,,,,,,,,2.3617404,,,,,Mutua de Recuperació,,,,,,,,,,,,,,,,,,,,41.5434694,,,yes,,,,,,"""Mutua""",,,,,,,,,,,,,,,,
,,doctors,,,,,,,,,,,,,,,,-2.6768930,,,,,Mutualia,,,,,,,,,,,,,,,,,,,,42.8495707,,,yes,,,,,,,,,,,,,,,,,,,,,,
,,doctors,,,,,,,,,,,Osakidetza,,,23,,-2.6871227,,Mo-Fr 08:00-20:00,,,San Martin osasun zentroa/Centro de Salud San Martín,Eusko Jaurlaritza-Gobierno Vasco,,,,,cssanmartin@osakidetza.eus,,http://www.osakidetza.euskadi.eus/r85-gkoara03/es/contenidos/sanidad_centro/san_martin/es_def/index.html,+34 945006608,,,,Araba/Álava,,,,+34 945006600,,,42.8442980,,Teodoro Dublang margolariaren kalea/Calle Pintor Teodoro Dublang,yes,,,,,Vitoria-Gasteiz,,,01008,,,,,,,,,,San Martin osasun zentroa,,ES,Centro de Salud San Martín,
,,doctors,,,,,,,,,,,,,,,,3.2881667,,,,,UBS,,,,,,,,,,,,,,,,,,,,39.6107972,,,yes,,,,,,,,,,,,,,,,,doctor,,,,,
,,doctors,,,,,,,,,,,,,,,,2.9825240,,,,,UBS,,,,,,,,,,,,,,,,,,,,39.7591777,,,yes,,,,,,,,,,,,,,,,,,,,,,
,,doctors,,,,,,,,,,,,,,,,2.1368302,3,,,,USP Institut Oftalmològic de Barcelona,,,,,,,,,,,,,,,,,,,,41.3913657,,,public,,,,,,,,,,,,,3,,,,,,,,,
,,doctors,,emergency,,,,,,,,,SACyL,,,1,,-4.7198798,,,,,Urgencias,,,,,,,,,,,,,,,,,,,,41.5850884,,Avenida de la Laguna,yes,,-1,,,Laguna de Duero,,,47140,yes,,,,,,,1,doctor,,,,,
,,doctors,,,,,,,,,,,,,,,,-2.6716080,,,,,Zaramagako Osasun-Zentroa,,,,,,,,,,,,,,,,,+34 945000480,,,42.8581688,,,yes,,,,,,,,,,,,,,,,,,,,,Centro de Salud Zaramaga,
,,doctors,,,,,,,,,,,,,,,,3.3341859,,,,,casa del Mar,,,,,,,,,,,,,,,,,,,,39.5431687,,,yes,,,,,,,,,,,,,,,,,doctor,,,,,
,,doctors,,,,,,,,,,,,,,,,2.3898852,,,,,centre sanitari,,,,,,,,,,,,,,,,,,,,39.5423947,,,yes,,,,,,,,,,,,,,,,,doctor,,,,,
,,doctors,,,,,,,,,,,,,,,,-17.7733482,1,,,,Ärztehaus,,,,,,,,,,,,,,,,,,,,28.8071452,,,yes,,,,,,,,,,,,,,,,,,,,,,
