building:material,health_facility:type,amenity,office,healthcare:speciality,building:part,addr:housename,club,roof:colour,social_facility,official_name:sl,official_name,height,phone:mobile,long_name,name:it,social_facility:for,operator,source:addr,addr:housenumber,use,short_name,barrier,lon,building:levels,opening_hours,contact:phone,wikipedia,rer_edi_id:ref,addr:state,name:de,note,source,medical_system:western,official_name:it,roof:material,it:fvg:ctrn:code,addr:street,ref,email,website,ref:vatin,fax,name:sl,description,emergency,payment:bitcoin,addr:province,fence_type,addr:unit,leisure,accessibility,contact:website,phone,surface,contact:email,old_name,lat,addr:city,building,building:colour,landuse,name,roof:shape,addr:postcode,wheelchair,addr:place,it:fvg:ctrn:revision,source:geometry,healthcare,operator:wikidata,addr:country,health_specialty:addiction_medicine,alt_name
,,doctors,,,,,,,,,,,,,,,,,,,,,14.7007395,,,,,,,,,,,,,,,,,,,,,,,,,,,,,,,,,,40.7020741,,,,,A.S.L.,,,,,,,doctor,,,,
,,doctors,,,,,,,,,,,,,,,,,,,,,12.6206651,,,,,,,,,,,,,,Via della Tenuta di Torrenova 138,,,,,,,,,,,,,,,,,,,,41.8587992,Roma,yes,,,A.S.L. RMB,,,,,,,,,,,
,,doctors,,,,,,,,,,,,,,,,,,,,,9.1376305,,,,,,,,,,,,,,,,,,,,,,,,,,,,,,,,,,45.4604519,,yes,,,ASL,,,,,,,,,,,
,,doctors,,,,,,,,,,,,,,,,,,,,,16.5593175,,,,,,,,"uffici asl, non sono molto sicuro del tag da utilizzare",,,,,,,,,,,,,,,,,,,,,,,,,,40.8188389,,yes,,,ASL,,,,,,,,,,,
,,doctors,,,,,,,,,,,,,,,,,,,,,12.5235667,,,,,,,,,,,,,,,,,,,,,,,,,,,,,,,,,,41.9283584,,yes,,,ASL,,,,,,,,,,,
,,doctors,,,,,,,,,,,,,,,,,,,,,15.3257620,,,,,,,,,,,,,,,,,,,,,,,,,,,,,,,,,,41.1587615,,,,,ASL,,,,,,,,,,,
,,doctors,,,,,,,,,,,,,,,,,,,,,13.3396986,,,,it:Real Casa dei Matti di Palermo,,,,,,,,,,,,,,,,,,,,,,,,,,,,,,38.1105097,,,,,ASL (ex Ospedale Psichiatrico),,,,,,,doctor,,,,
,,doctors,government,,,,,,,,,,,,,,,,7,,,,9.5878808,,,,,,,,,,,,,,Via Giovanni Battista Caironi,,,http://www.asl.bergamo.it/servizi/menu/dinamica.aspx?idArea=16864&idCat=47370&ID=17367,,,,,,,,,,,,,+39 035 603319,,,,45.6973019,Ponte San Pietro,office,,,ASL - Distretto Socio Sanitario Isola Bergamasca,,,,,,,,,IT,,
,,doctors,,,,,,,,,,,,,,,,,,,,,8.4727946,,,,,,,,,,,,,,,,,,,,,,,,,,,,,,,,,,44.3040556,,,,,ASL 2,,,yes,,,,,,,,
,,doctors,,,,,,,,,,5,,,,,,,,,,,8.6407608,1,,,,,,,,,,,,,Via Rio Mogoro,,,,,,,,,,,,,,,,,,,,39.7221258,Terralba,public,,,ASL 5 - Poliambulatorio,,09098,,,,,doctor,,,,
,,doctors,,,,,,,,,,15.69,,,,,,,,,,,11.8837015,,,,,,,,,,,,,,,,,,,,,,,,,,,,,,,,,,43.4603715,,residential,,,ASL 8 Distretto di Arezzo,,,,,,,,,,,
,,doctors,,,,,,,,,,7.22,,,,,,,,,,,11.8838741,,,,,,,,,,,,,,,,,,,,,,,,,,,,,,,,,,43.4602966,,residential,,,ASL 8 Distretto di Arezzo,,,,,,,,,,,
,,doctors,,,,,,,,,,18 m,,,,,,,,,,,13.3412021,,,,,,,,,,,,,4AED,,,,,,,,,,,,,,,,,,,,,45.8206412,,yes,,,ASL Bassa Friulana,,,,,1A0,,,,,,
,,doctors,,,,,,,,,,,,,,,,,,,,,18.2766418,,,,,,,,,,,,,,,,,,,,,,,,,,,,,,,,,,40.2546213,,yes,,,ASL Calimera,,,,,,,,,,,
,,doctors,,,,,,,,,,,,,,,,,,,,,9.3581824,,,,,,,,,,,,,,,,,,,,,,,,,,,,,,,,,,45.5202872,,yes,,,ASL Cassina de' Pecchi,,,,,,,,,,,ASL
,,doctors,,,,,,,,,,,,,,,,,,,,,15.5603335,,,,,,,,,,,,,,,,,,,,,,,,,,,,,,,,,,41.4448235,,,,,ASL Foggia,,,,,,,,,,,
,,doctors,,,,,,,,,,,,,,,ASL Lecce,,,,,,18.1780045,,,,,,,,,,,,,,,,,,,,,,,,,,,,,,,,,,40.3472940,,,,,ASL Lecce,,,,,,,,,,,
,,doctors,,,,,,,,,,,,,,,,,,,,,12.4150526,,,,,,,,,,,,,,,,,,,,,,,,,,,,,,,,,,41.9206517,,,,,ASL RME,,,,,,,,,,,
,,doctors,,,,,,,,,,,,,,,,,,,,,12.4271107,,,,,,,,,,,,,,,,,,,,,,,,,,,,,,,,,,41.9148504,,,,,ASL RME - Dipartimento salute mentale,,,,,,,,,,,
,,doctors,,,,,,,,,,,,,,,,,,,,,12.5463981,,,,,,,,,,,,,,,,,,,,,,,,,,,,,,,,,,41.8635738,,yes,,,ASL Roma B,,,,,,,,,,,
,,doctors,,,,ASL Roma B Cartagine,,,,,,,,,,,,,85,,,,12.5510157,,Mo-Fr 7:45-18:30; Sa 7:45-12:00,,,,,,,,,,,,Via Cartagine,,,,,,,,,,,,,,,,,,,,41.8597672,Roma,yes,,,ASL Roma B Cartagine,,00174,,,,,,,IT,,
,,doctors,,,,,,,,,,,,,,,,,,,,,18.3543897,,,,,,,,,,,,,,,,,,,,,,,,,,,,,,,,,,39.9388047,,yes,,,ASL Tricase,,,,,,,,,,,
,,doctors,,,,,,,,,,,,,,,,,,,,,8.9002646,,,,,,,,,,,,,,,,,,,,,,,,,,,,,,,,,,39.5566612,,yes,,,ASL di Sanluri,,,,,,,,,,,
,,doctors,,,,,,,,,,,,,,,,,,,,,8.0642209,,,,,,,,,,,,,,,,,,,,,,,,,,,,,,,,,,44.8349446,,,,,ASL19 - Ambulatori,,,,,,,,,,,
,,doctors,,,,,,,,Podjetje za zdravstvene storitve št. 1 Triestina - Okraj 1 - Sedež v Nabrežini,Azienda per i Servizi Sanitari nº 1 Triestina - Distretto 1 - Sede di Aurisina,7 m,,,ASS1 - Distretto 1 - Sede di Aurisina,,,,108/D,,,,13.6709119,,,,,,,,,,,Azienda per i Servizi Sanitari nº 1 Triestina - Distretto 1 - Sede di Aurisina,,4AED,,,,http://www.ass1.sanita.fvg.it/,,+39 040 200611,ASS1 - Okraj 1 - Sedež v Nabrežini,,,,,,,,,,+39 040 3997920,,,,45.7506902,Duino Aurisina / Devin - Nabrežina,yes,,,ASS1 - Distretto 1 - Sede di Aurisina,,34011,,Aurisina / Nabrežina,1A0,,,,,,
,,doctors,,,,,,,,,,,,,,,,,,,,,13.0285192,,,,,,,,,,,,,,,,,,,,,,,,,,,,,,,,,,43.8362510,,yes,,,ASUR 3 - Ambulatorio di terapia fisica,,,,,,,,,,,
,,doctors,,,,,,,,,,,,,,,,,,,,,9.8742422,,,,,,,,,,,,,,,,,,,,,,,,,,,,,,,,,,46.1682840,,yes,,,ATS Montagna ( ASL ),,,,,,,,,,,
,,doctors,,,,,,,,,,,,,,,,,,,,,10.5912273,2,,,,,,,,,,,,,Via XXV Luglio,,,,,,,,,,,,,,,,,,,,43.5650595,Lari,,,,Abulatorio di Lari,,56035,,,,,,,,,
,,doctors,,,,,,,,,,,,,,,,,,,,,18.3720160,,,,,,,,,,,,,,,,,,,,,,,,,,,,,,,,,,40.0583908,,yes,,,Alfa Analisi,,,,,,,,,,,
,,doctors,,,,,,,,,,,,,,,,,,,,,11.2962602,,,,,,,,,Regione Emilia Romagna,,,,,,,,,,,,,no,,,,,,,,,,,,44.6825425,,yes,,,Ambulatori medici,,,,,,,,,,,
,,doctors,,,,,,,,,,,,,,,,,2,,,,8.7130337,,,,,,,,,,,,,,Via Camillo Benso conte di Cavour,,,,,,,,,,,,,,,,,,,,45.6833120,Somma Lombardo,administrative,,,Ambulatorio,,21019,,,,,,,IT,,
,,doctors,,,,,,,,,,,,,,,,,,,,,8.6705564,,,,,,,,,,,,,,,,,,,,,,,,,,,,,,,,,,39.9532641,,public,,,Ambulatorio,,,,,,,,,,,
,,doctors,,,,,,,,,,,,,,,,,,,,,8.6349559,,,,,,,,,,,,,,,,,,,,,,,,,,,,,,,,,,39.9484560,,public,,,Ambulatorio,,,,,,,,,,,
,,doctors,,,,,,,,,,,,,,,,,,,,,9.8806111,,,,,,,,,,,,,,,,,,,,,,,,,,,,,,,,,,45.7159946,,yes,,,Ambulatorio,,,,,,,,,,,
,,doctors,,,,,,,,,,4 m,,,,,,,,,,,13.1751152,,,,,,,,,,,,,4AED,,,,,,,,,,,,,,,,,,,,,45.9497374,,yes,,,Ambulatorio,,,,,1AM,,,,,,
,,doctors,,,,,,,,,,,,,,,,,,,,,8.9961442,,,,,,,,,,,,,,,,,,,,,,,,,,,,,,,,,,45.7282601,,yes,,,"Ambulatorio ""Le Betulle""",,,,,,,,,,,
,,doctors,,,,,,,,,,,,,,,,,1,,,,9.3869785,,,,,,,,,,,,,,Via Gorizia,,,,,,,,,,,,,,,,,,,,45.4688623,Premenugo,yes,,,Ambulatorio Comunale,,20090,,,,,,,,,
,,doctors,,,,,,,,,,,,,,,,,,,,,8.8231437,,,,,,,,,,,,,,,,,,,,,,,,,,,,,,,,,,45.8439541,,yes,,,Ambulatorio Medico,,,,,,,,,,,
,,doctors,,general,,,,,,,,,,,,,Pugliese Dr. Domenico,,2,,,,14.2160222,,,,,,,,,,,,,,P.zza Roma,,,,,,,,,,,,,,,,,,,,42.0885417,Civitella Messer Raimondo,yes,,,Ambulatorio Medico,,66010,,,,,doctor,,,,
,,doctors,,,,,,,,,,,,,,,,,,,,,9.9216718,,Mo 10:00-12:30; We 16:30-18:30; Fr 11:00-13:00,,,,,,,,,,,,,,,https://www.comune.azzanello.gov.it/info/orarialtri.aspx#lnkPiazzola,,,,,,,,,,,,,,,,,45.3121556,,yes,,,Ambulatorio Medico,,,yes,,,,doctor,,,,
,,doctors,,,,,,,,,,,,,,,,,,,,,8.7492262,,,,,,,,,,,,,,,,,,,,,,,,,,,,,,,,,,39.9881745,,public,,,Ambulatorio comunale,,,,,,,,,,,
,,doctors,,,,,,,,,,,,,,,,,,,,,8.3399192,,,,,,,,,,,,,,,,,,,,,,,,,,,,,,,,,,45.6835730,,yes,,,Ambulatorio comunale,,,,,,,,,,,
,,doctors,,,,,,,,,,,,,,,,,,,,,8.7078408,,"Mo,Fr 08:15-09:15,10:30-11:30,14:30-15:30; Tu,Th 08:15-09:15,10:30-11:30,12:30-13:30; We 10:30-11:30,14:30-15:30",,,,,,,,,,,,,,,,,,,,,,,,,,,,,,,,39.9589471,,yes,,,Ambulatorio comunale,,,,,,,,,,,
,,doctors,,,,,,,,,,,,,,,,,,,,,9.0085705,,,,,,,,,,,,,,,,,,,,,,,,,,,,,,,,,,45.7245228,,yes,,,Ambulatorio di Fisioterapia - Don Gnocchi,,,,,,,,,,,
,,doctors,,,,,,,,,,,,,,,,,,,,,14.7087616,,,,,,,,,,,,,,,,,,,,,,no,,,,,,,,,,,,36.8994772,,yes,,,Ambulatorio di Psicologia - ASP 7,,,,,,,,,,,
,,doctors,,,,,,,,,,,,,,,,,,,,,11.7048519,,,,,,,,,,,,,,,,,,,,,,,,,,,,,,,,,,46.0643172,,yes,,,Ambulatorio medico,,,,,,,,,,,
,,doctors,,general,,,,,,,,,,,,,Azienda Sanitaria locale Regioen Molise ASREM,,,,,,14.2918836,,,,,,,,,,,,,,,,,,,,,,,,,,,,,,,,,,41.7148730,,,,,Ambulatorio medico comunale,,,,,,,,,,,
,,doctors,,,,,,,,,,,,,,,,,,,,,15.2772658,,,,,,,,,,,,,,,,,,,,,,,,,,,,,,,,,,37.0935272,,,,,Ambulatorio nefrodialitico Tike,,,,,,,,,,,
,,doctors,,,,,,,,,,,,,,,,,,,,,11.1260132,,,,,,,,,,,,,,,,,,,,,,,,,,,,,,,,,,43.9694044,,yes,,,Arciconfraternita della Misericordia,,,,,,,,,,,
,,doctors,,,,,,,,,,,,,,,,,,,,,11.1245471,,24/7,,,,,,,,,,,,,,,,,,,,,,,,,,,,,,,,43.9635192,,yes,,,Asl 4,,,,,,,,,,,
,,public_building,,,,,,,,,,,,,,,,,,,,,7.6314600,,,,,,,,,,,,,,,,,,,,,,,,,,,,,,,,,,45.0008132,,public,,,Asl 8 Nichelino,,,,,,,,,,,
,,public_building,,,,,,,,,,,,,,,,,,,,,7.6305572,,,,,,,,,,,,,,,,,,,,,,,,,,,,,,,,,,45.0011230,,public,,,Asl 8 Nichelino,,,,,,,,,,,
,,doctors,,,,,,,,,,,,,,,,,,,,,14.1981532,,,,,,,,,,,,,,,,,,,,,,,,,,,,,,,,,,40.9005110,,,,,Asl Marano,,,,,,,yes,,,,
,,doctors,,psychiatry,,,,,,,,,,,,,,,2,,,,12.5147031,3,,,,,,,,,,,,,Via Monza,,,,,,,,,,,,,,,,,,,,41.8860224,,yes,,,Asl Roma 2,,00182,,,,,,,,,
,,doctors,,,,,,,,,,,,,,,,,,,,,8.2825433,,,,,,,,,,,,,,,,,,,,,,,,,,,,,,,,,,45.7147555,,,,,Asl VC,,,yes,,,,,,,,
,,doctors,,,,,,,,,,,,,,,,,,,,,15.2662194,,,,,,,,,,,,,,,,,,,,,,,,,,,,,,,,,,37.0849016,,,,,Asp Siracusa - area ex Onp,,,,,,,,,,,
,,doctors,,,,,,,,,,,,,,,ASL Lecce,,,,,,18.2529593,1,,,,,,,,,,,,,,,,,,,,,,,,,,,,,,,,,40.4299595,,yes,,,Assistenza Sanitaria Turistica,,,,,,,,,,,
,,doctors,,,,,,,,,,,,,,,,,,,,,9.1195720,,,,,,,,,,,,,,,,,,,,,,,,,,,,,,,,,,45.9457711,,yes,,,Associazione Nazionale Combattenti e Reduci sezione di Muronico,,,,,,,,,,,
,,doctors,,,,,charity,,,,,,,,,,,,1,,,,10.2232713,,,,,,,,,PCN ortofoto_colore 2006 - autorizzazione 10687/TRI,,,,,Piazzetta Avis,,,,,,,,,,,,,club,,,,,,,45.5014055,Brescia,,,,Avis,,25124,,,,,,,,,
,,doctors,,,,,,,,,,,,,,,,,,,,,8.6407629,,,,,,,,,,,,,,,,,,,,,,,,,,,,,,,,,,39.5394481,,yes,,,Azienda Sanitaria Locale,,,,,,,,,,,
,,doctors,,,,,,,,,,,,,,,,,,,,,8.6669497,,,,,,,,,,,,,,Piazza IV Novembre,+39 0781 70266,,,,,,,,,,,,,,,,,,,39.3022279,Musei,yes,,,Azienda Sanitaria Locale n° 7 Musei,,09010,,,,,,,,,ASL n°7
,,doctors,,,,,,,,,,,,,,,,,,,,,10.5755281,,,,,,,,,,,,,,,,,,,,,,,,,,,,,,,,,,45.8485592,,yes,,,Azienda pubblica servizi alla persona (APSP) villa san Lorenzo,,,,,,,,,,,
,,doctors,,,,,,,,,,,,,Bürgerheim,,,,,,,,11.8827514,,,,,,,Bürgerheim,,,,,,,,,,,,,,,,,,,,,,,,,,,46.8120946,,yes,,,Bürgerheim,,,,,,,,,,,
,,doctors,,,,,,,,,,,,,,,,,,,,,8.2143575,,,,,,,,,,,,,,,,,,,,,,,,,,,,,,,,,,44.8995240,,yes,,,CDC (Centro Diagnostico Cernaia),,,,,,,,,,,
,,doctors,,,,,,,,,,,,,,,,,,,,,10.7750808,,,,,,,,,,,,,,,,,,,,,,,,,,,,,,,,,,46.0527695,,,,,Casa Rusca,,,,,,,,,,,
,,doctors,,,,,,,,,,,,,,,,,,,,,10.8762028,,,,,,,,,,,,,,,,,,,,,,,,,,,,,,,,,,43.8244884,,,,,Casa della Salute,,,,,,,,,,,
,,doctors,,,,,,,,,,,,,,,,,,,,,11.8361933,,,,,,,,,,,,,,,,,,,,,,,,,,,,,,,,,,43.6510500,,yes,,,Casa della Salute,,,,,,,doctor,,,,
,,doctors,,,,,,,,,,,,,,,,,,,,,10.5741833,,,,,,,,,,,,,,,,,,,,,,,,,,,,,,,,,,45.8471878,,yes,,,Casa della salute,,,,,,,,,,,
,,doctors,,,,,,,,,,,,,,,,,,,,,10.9860315,,,,,,,,,,,,,,,,,,,,,,no,,,,,,,,,,,,45.4569448,,yes,,,Casa di cura San Francesco,,,,,,,,,,,
,,doctors,,,,,,,,,,,,,,,,,,,,,12.4522109,,,,,,,,,,,,,,,,,,,,,,,,,,,,,,,,,,41.9122261,,yes,,,Casa di cura San Giuseppe,,,,,,,,,,,
,,doctors,,,,,,,,,,,,,,,,,,,,,8.5460592,,,,,,,,,,,,,,,,,,,,,,,,,,,,,,,,,,44.8554692,,yes,,,Castellazzo Soccorso,,,,,,,,,,,
,,doctors,,,,,,,,,,,,,,,,,682,,,,14.4098729,1,,,,,,,,bing,,,,,Via Nazionale,,,,,,,,,,,,,,,,+39 081 8833821,,,,40.7682169,Torre del Greco,yes,,,Cedit s.r.l. Centro Diagnostico Taliercio,,80059,,,,bing,,,,,
,,doctors,,,,,,,,,,,+39 392 9850049,,,,Centro Biolab Service S.r.l.,,,,,,18.2066248,,"Mo-Fr 09:00-13:00,16:00-19:30; Sa 09:00-12:00; Ph off",,,,,,,,,,,,Via Siracusa,,info@centrobiolab.it,https://www.centrobiolab.it/,,,,,,,,,,,,,+39 0836 512518,,,,40.1259723,Cutrofiano,yes,,,Centro Biolab Service,,73020,,,,,,,,,
,,doctors,,,,,,,,,,,,,,,,,,,,,9.3909277,,,,,,,,,,,,,,,,,,,,,,,,,,,,,,,,,,45.6401037,,,,,Centro Civico,,,,,,,,,,,
,,doctors,,,,,,,,,,,,,,,,,9,,,,7.8833523,,,,,,,,,,,,,,Via Campo Sportivo,,,,,,,,,,,,,,,,,,,,45.4669611,Ivrea,industrial,,,Centro Medico Eporedia,,10015,,,,,,,IT,,
,,doctors,,,,,,,,,,,,,,,,,15,,,,11.8552202,,Mo-Fr 07:00-20:00,+39 049 8718225,,,,,,,,,,,Via Magenta,,,,,,,,,,,,,,,www.magenta-cmf.it,,,,,45.4091709,,yes,,,Centro Medico Fisioterapico Magenta,,35138,yes,,,,,,,,
,,doctors,,,,,,,,,,,,,,,,,,,,,9.3786392,,,,,,,,,,,,,,,,,,,,,,,,,,,,,,,,,,45.8164076,,yes,,,Centro Medico Galbiate,,,,,,,doctor,,,,
,,doctors,,,,,,,,,,,,,,,,,,,,,18.1652005,,,,,,,,,,,,,,,,,,,,,,,,,,,,,,,,,,40.0051612,,yes,,,Centro Pneumotisiologico,,,,,,,,,,,
,,doctors,,,,,,,,,,,,,,,,,,,,,8.8205596,,,,,,,,,,,,,,,,,http://www.analisibeccaria.it/,,,,,,,,,,,,,,,,,45.8229119,,yes,,,Centro Polispecialistico Beccaria,,,,,,,,,,,
,,doctors,association,,,,,,,,,,,,,,,,44,,,,9.1865120,,Mo-Fr 08:30-19:00; Sa 08:30-12:30,,,,,,,DbTR - Ingombro al suolo corpo edificato,,,,,Via Carlo Sormani,,,,,,,"diagnosi e terapia dei disturbi dell'udito, del linguaggio, del comportamento e dell'apprendimento. Centro di rieducazione ortofonica e psicomotoria. Onlus.",,,,,,,,,+39 026198115,,,,45.5547280,Cusano Milanino,yes,,,Centro Ripamonti,,20095,,,,,,,IT,,
,,doctors,,,,,,,,,,,,,,,,,,,,,11.6332852,,,,,,,,,Regione Emilia Romagna,,,,,,,,,,,,,,,,,,,,,,,,,44.8179548,,yes,,,Centro Salute Donna,,,,,,,,,,,
,,doctors,,,,,,,,,,,,,,,,,2,,,,12.3678163,,,,,,,,,,,,,,Via Pian della Genna,,,,,,,,,,,,,,,,,,,,43.1024100,Perugia,,,,Centro Salute Madonna Alta,,06128,yes,,,,,,IT,,
,,doctors,,,,,,,,,,,,,,,,,,,,,10.5754676,,,,,,,,,,,,,,,,,,,,,,,,,,,,,,,,,,43.8484202,,,,,Centro Sanitario,,,,,,,,,,,
,,doctors,,,,,,,,,,,,,,,,,,,,,10.3379371,,,,,,,,,,,,,,,,,,,,,,,,,,,,,,,,,,43.5332885,,yes,,,Centro Socio Sanitario “Livorno Est”,,,,,,,,,,,
,,doctors,,,,,,,,,,,,,,,,,,,,,9.6991424,,,,,,,,,,,,,,,,,,,,,,,,,,,,,,,,,,45.0567329,,,,,Centro ambulatoriale,,,yes,,,,,,,,
,,doctors,,,,,,,,,,,,,,,,,,,,fence,14.6598526,,,,,,,,,,,,,,,,,,,,,,,,,metal,,,,,,grass,,,41.5643035,,,,,Centro di Salute Mentale,,,yes,,,,,,,,
,,doctors,,,,,,,,,,,,,,,ASL Lecce,,,,,,18.1780059,,,,,,,,,,,,,,,,,,,,,,,,,,,,,,,,,,40.3433343,,,,,Cittadella della Salute,,,,,,,,,,,
,,doctors,,,,,,,,,,,,,,,,,,,,,9.1387145,4,,,,,,,,,,,,,,,,,,,,,,,,,,,,,,,,,45.4761003,,yes,,,Clinica San Siro,,,,,,,,,,,
,,doctors,,,,,,,,,,,,,,,,,,,,,10.7242748,,,,,,,,,,,,,,,,,,,,,,,,,,,,,,,,,,46.0336855,,yes,,,Comprensorio C8,,,,,,,,,,,
,,doctors,,,,,,,,,,,,,,,,,,,,,9.0899462,,,,,,,,,,,,,,,,,,,,,,,,,,,,,,,,,,45.4438680,,civic,,,Consultorio Famigliare,,,,,,,,,,,
plaster,,doctors,,,,,,grey,,,,,,,,,,,5 - 7,,,,9.3770205,1,,,,,,,,Consultorio Familiare Comune di Bussero,,,tar_paper,,Via Giuseppe di Vittorio,,,,,,,,,,,,,,,,,,,,45.5321747,Bussero,yes,#9c3006,,Consultorio Familiare,flat,20060,yes,,,,,,IT,,
,,doctors,,,,,,,,,,,,,,,,,,,,,10.2544343,,,,,,,,,,,,,,,,,,,,,,,,,,,,,,,,,,43.8684517,,,,,Croce Verde Viareggio,,,,,,,,,,,
plaster,,doctors,,,,,,,,,,6 m,,,,,,,,,,,10.7473195,2,,,,,,,,,,,roof_tiles,,Via della Libertà,,,,,,,,,,,,,,,,,,,,43.8427495,Ponte Buggianese,yes,,,Distretto ASL,,51019,,,,,,,,,
,,doctors,,,,,,,,,,,,,,,Azienda USL Toscana Nord Ovest,,,,,,10.5183963,,,,,,,,,,,,,,,,,,,,,,,,,,,,,,,,,,43.7288729,,yes,,,Distretto Sanitario,,,,,,,doctor,Q61692653,,,
,,doctors,,,,,,,,,,,,,,,,,,,,,12.6447072,,,,,,,,,,,,,,,,,,,,,,,,,,,,,,,,,,43.6758621,,,,,Distretto Sanitario,,,,,,,,,,,
,,doctors,administrative,,,,,,,,,6.80,,,,,,,,,,,11.7875062,,,,,,,,,,,,,,,,,,,,,,,,,,,,,,,,,,43.1031823,,office,,,Distretto Sanitario,,,,,,,,,,,
,,doctors,,,,,,,,,,,,,,,,,,,,,13.1403350,,,,,,,,,,,,,,,,,,,,,,,,,,,,,,,,,,43.5033556,,yes,,,Distretto Sanitario,,,,,,,,,,,
,,doctors,,,,,,,,,,,,,,,,,,,,,10.8177221,,,,,,,,,,,,,,,,,,,,,,,,,,,,,,,,,,43.8601712,,,,,Distretto Sanitario ASL,,,,,,,yes,,,,
,,doctors,,,yes,,,,,,,12,,,,,Azienda Provinciale per i Servizi Sanitari,,6,,,,11.0409625,3,,,,,,,,PCN ortofoto_colore 2006 - autorizzazione 10687/TRI,,,,,Via san Giovanni Bosco,,,https://www.apss.tn.it/distretto-sanitario-centro-sud,,,,,,,,,,,,,,,,,45.8922907,Rovereto,yes,#FFFFF0,,Distretto Sanitario Centro Sud,,38068,yes,,,,,,,,
,,doctors,,,,,,,,,,,,,,,,,14,,,,11.4922367,,,,,,,,,,,,,,Viale Italia,,,,,,,,,,,,,,,,,,,,45.5262358,Creazzo,yes,,,Distretto Sanitario Ovest - ULSS 6 Vicenza,,36051,,,,,,,IT,,
,,doctors,,,,,,,,,,,,,,,,,,,,,11.6784063,,,,,,,,,,,,,,,,,,,,,,,,,,,,,,,,,,46.4232940,,yes,,,Distretto di Fassa,,,,,,,,,,,
,,doctors,,,,,,,,,,,,,,,,survey,77,,,,14.4422790,2,,,,,,,,,,,,,Via Vagnola,,,,,,,,,,,,,,,,,,,,40.7610001,Torre Annunziata,yes,,,Dott. Vincenzo Caldara,,80058,,,,bing,,,,,
,,doctors,,,,,,,,,,,,,,,,,,,,,11.5358953,,,,,,,,,,,,,,,,,,,,,,,,,,,,,,,,,,46.4304157,,yes,,,Dr. Arnold Kaufmann,,,,,,,,,,,
,,doctors,,urology,,,,,,,,,,,,,,,4,,,,14.3313969,2,,,,,,,,,,,,,Via Giuseppe Maria Bosco,,,,,,,,,yes,,,,,,,+39 327 3825509,,,,41.0802550,Caserta,yes,,,Dr. Felice Fiore - Urologo / Andrologo,,81100,,,,,doctor,,,,
,,doctors,,,,,,,,,,,,,,,,,6,,,,9.8100132,,,,,,,,,,,,,,Via Vallicella,,,http://www.aslcremona.it/TEMPL_mdfdet.asp?IDLivello1=56&IDLivello2=504&IDLivello3=359&IDLT=&IDP=331,,,,,,,,,,,,,+39 338 4345363,,,,45.2440556,San Bassano,house,,,Dr.ssa Georgeta Istodorescu,,26020,,,,,,,,,
,,doctors,,,,,,,,,,,,,,,,,,,,,15.2875208,,,,,,,,,,,,,,,,,,,,,,,,,,,,,,,,,,37.0726062,,yes,,,Fascetta,,,,,,,,,,,
,,doctors,,,,,,,,,,,,,,,,,,,,,8.9214376,,,,,,,,,,,,,,,,,,,,,,no,,,,,,,,,,,,40.1750003,,yes,,,Guardia Medica,,,,,,,,,,,
,,doctors,,,,,,,,,,,,,,,,,,,,,8.5232121,,,,,,,,,,,,,,,,,,,,,,,,,,,,,,,,,,39.1074198,,,,,Guardia Medica,,,,,,,,,,,
,office,doctors,,,,,,,,,,,,,,,,,,,,,14.6386510,,,,,,,,,,,,,,,,,,,,,,,,,,,,,,,,,,36.7657880,,,,,Guardia Medica,,,,,,,,,,,
,,doctors,,,,,,,,,,,,,,,,,,,,,14.8487406,,,,,,,,,,,,,,,,,,,,,,,,,,,,,,,,,,38.0802473,,,,,Guardia Medica,,,yes,,,,,,,,
,,doctors,,,,,,,,,,,,,,,,,,,,,8.5682861,,,,,,,,,,,,,,,,,,,,,,,,,,,,,,,,,,40.1863370,,yes,,,Guardia Medica,,,,,,,,,,,
,,doctors,,,,,,,,,,,,,,,,,,,,,8.9759064,,,,,,,,,,,,,,,,,,,,,,,,,,,,,,,,,,39.4926391,,,,,Guardia Medica,,,,,,,,,,,
,,doctors,,,,,,,,,,,,,,,,,,,,,17.9324368,,,,,,,,,,,,,,,,,,,,,,,,,,,,,,,,,,40.6356203,,,,,Guardia Medica,,,,,,,,,,,
,,doctors,,,,,,,,,,,,,,,,,,,,,8.6666805,,,,,,,,,,,,,,,,,,,,,,,,,,,,,,,,,,45.8942337,,hospital,,,Guardia Medica dell'ospedale di Cittiglio,,,,,,,,,,,
,,doctors,,,,,,,,,,,,,,,,,,,,,15.1258601,,,,,,,,,,,,,,,,,,,,,,,,,,,,,,,,,,37.1044888,,yes,,,Guardia medica,,,,,,,doctor,,,,Servizio di continuità assistenziale
,,doctors,,,,,,,,,,,,,,,,,,,,,14.8477914,,,,,,,,,,,,,,,,,,,,,,,,,,,,,,,,,,37.1246304,,yes,,,Guardia medica,,,,,,,doctor,,,,Servizio di continuità assistenziale
,,doctors,,,,,,,,,,,,,,,,,,,,,15.0363950,,,,,,,,,,,,,,,,,,,,,,,,,,,,,,,,,,37.1625230,,,,,Guardia medica,,,,,,,,,,,Servizio di continuità assistenziale
,,doctors,,,,,,,,,,,,,,,,,,,,,15.0091103,,,,,,,,,,,,,,,,,,,,,,,,,,,,,,,,,,37.2659832,,,,,Guardia medica,,,,,,,,,,,Servizio di continuità assistenziale
,,doctors,,,,,,,,,,,,,,,,,,,,,15.0712059,,,,,,,,,,,,,,,,,,,,,,,,,,,,,,,,,,37.0274361,,,,,Guardia medica,,,,,,,,,,,Servizio di continuità assistenziale
,,doctors,,,,,,,,,,,,,,,,,,,,,9.1051384,,,,,,,,,,,,,,,,,,,,,,yes,,,,,,,,,,,,40.7205495,,,,,Guardia medica,,,,,,,,,,,
,,doctors,,,,,,,,,,,,,,,,,,,,,8.5401913,,,,,,,,,,,,,,,,,,,,,,,,,,,,,,+39 0783410147,,,,39.9943273,,yes,,,Guardia medica,,,,,,,,,,,
,,doctors,,,,,,,,,,,,,,,,,,,,,9.7767618,,,,,,,,,,,,,,,,,,,,,,no,,,,,,,,,,,,40.5806804,,,,,Guardia medica turistica,,,,,,,,,,,
,,doctors,,,,,,,,,,,,,,,,,,,,,15.2842788,,,,,,,,,,,,,,,,,,,,,,,,,,,,,,,,,,37.0843158,,yes,,,Gulino,,,,,,,,,,,
,,doctors,,,,,,,,,,,,,,,,,,,,,8.5856819,,Mo-Sa 07:45-10:00,0783 74320 - 0783 779070,,,,,,,,,,,,,,,,,,,,,,,,,,http://www.labmeliseponti.com,,,lab_melisponti@tiscali.it,,39.9033067,,yes,,,Laboratorio analisi Melis Ponti,,,,,,,,,,,
,,doctors,,,,,,,,,,,,,,,,,,,,,8.5850104,,Mo-Sa 08:00-10:00,,,,,,,,,,,,,,,,,,,,,,,,,,,,,,,,39.9026817,,yes,,,Laboratorio analisi Rimedio,,,,,,,,,,,
,,doctors,,,,,,,,,,,,,,,,,,,,,18.1689756,,,,,,,,,,,,,,,,,,,,,,,,,,,,,,,,,,40.0121742,,yes,,,Lega Italiana Tumori,,,,,,,,,,,
,,doctors,,,,,,,,,,,,,,,,,342,,,,16.9107653,,"Mo-Fr 08:30-13:00,15:30-20:00; Sa 08:30-13:00",,,,,,,,,,,,Via Paolo Cassano,,infogioia@lucea-multimedica.it,https://www.lucea-multimedica.it/,,,,,,,,,,,,,+39 080 3482957,,,,40.7993201,Gioia del Colle,,,,Lucea,,70023,,,,,,,,,
,,doctors,,,,,,,,,,,,,,,,,,,,,8.9079257,,,,,,,,,,,,,,,,,,,,,,,,,,,,,,,,,,45.7094454,,,,,Medicina di Gruppo,,,,,,,,,,,
,,doctors,,,,,,,,,,,,,,,,,,,,,11.3488474,,,,,,,,verificare se man_made=works,,,,,,,,,,,,,,,,,,,,,,,,,,45.1589168,,yes,,,"Medicina di gruppo integrata ""Ca.Vi.Med.""",,,,,,,doctor,,,,
,,doctors,,,,,,,,,,,,,,,,,,,,,10.5802076,,,,,,,,,,,,,,,,,,,,,,,,,,,,,,,,,,43.6697988,,yes,,,Misericordia,,,,,,,doctor,,,,
,,doctors,,,,,,,,,,,,,,,,,,,,,10.5856302,,,,,,,,,,,,,,,,,http://www.misericordie.it/fornacette,,,,,,,,,,,,,,,,,43.6732786,,,,,Misericordia di Fornacette,,,,,,,doctor,,,,
,,doctors,,,,,,,,,,,,,,,ASL TO3,,,,,,7.5139814,,,,,,,,,,,,,,,,,,,,,,,,,,,,,,,,,,45.0675260,,service,,,Ospedale vecchio,,,,,,,doctor,,,,
,,doctors,,,,,,,,,,,,,,,,,1,used,,,12.4191908,,,,,,,,Poliambulatorio ASL ,,,,,,,,,,,,,,,,,,,,yes,,,,,,41.9401444,,public,,,Padiglione 1,,00168,yes,,,,,,,,
,,doctors,,,,,,,,,,,,,,,,,,,,,12.9316628,3,,,,,,,,,,,,,,,,,,,,,,,,,,,,,,,,,41.8182888,Cave,yes,,,Palazzetto della Salute,,00033,,,,,doctor,,,,
,,doctors,,,,,,,,,,,,,,,,,,,,,9.0020716,,,,,,,,,,,,,,,,,,,,,,,,,,,,,,,,,,44.4476842,,,,,Palazzo della Salute Doria,,,,,,,,,,,
,,doctors,,,,,,,,,,,,,,,,,7,,,,8.8436693,,,,,,,,,,,,,,Via Giacomo Soliman,,,,,,,,,,,,,,,,,,,,44.4246614,Genova,yes,,,Palazzo della Salute Sestri - ASL 3,,,,,,,doctor,,,,
,,doctors,,,,,,,,,,,,,,,,,,,,,12.6318096,,,,,5aa552eb-34aa-43f1-953a-e13fc35aaa3c,,,,Regione Emilia Romagna,,,,,,,,,,,,,,,,,,,,,,,,,44.0219392,,yes,,,Pegaso,,,,,,,,,,,
,,doctors,,,,,,,,,,,,,,,,,,,,,11.1312811,,,,,,,,,,,,,,,,,,,,,,,,,,,,,,,,,,46.0556224,,,,,Poliambulatori Crosina,,,,,,,,,,,
,,doctors,,,,,,,,,,,,,,,,,,,,,9.2970805,,,,,,,,,,,,,,,,,,,,,,,,,,,,,,,,,,45.6983073,,yes,,,Poliambulatori di Casatenovo,,,,,,,,,,,
,,doctors,,,,,,,,,,,,,,,,,,,,,10.9093944,,,,,,,,,,,,,,,,,,,,,,,,,,,,,,,,,,46.3506991,,yes,,,Poliambulatorio,,,,,,,,,,,
,,doctors,,,,,,,,,,8 m,,,,,,,,,,,12.7242647,,,,,,,,,,,,,4AED,,,,,,,,,,,,,,,,,,,,,46.2130473,,yes,,,Poliambulatorio,,,,,000,,,,,,
,,doctors,,,,,,,,,,,,,,,,,49,,,,8.8179663,,,,,,,,,,,,,,Via 4 Novembre,,,,,,,,,,,,,,,,,,,,39.7709155,,yes,,,Poliambulatorio,,,,,,,,,,,
,,doctors,,,,,,,,,,,,,,,Azienda Socio Sanitaria Territoriale di Vimercate,,5,,,,9.2462985,,,+39 0362 9841,,,,,,,,,,,Via Giacomo Leopardi,8,,,,,,,,,,,,,,,,,,,45.6716393,,hospital,,,Poliambulatorio,,,,,,,,,,,
,,doctors,,,,,,,,,,,,,,,,,,,,,14.4447496,,,,,,,,,,,,,,,,,,,,,,,,,,,,,,,,,,42.2955044,,yes,,,Poliambulatorio,,,,,,,,,,,
,,doctors,,,,,,,,,,,,,,,,,,,,,8.4485737,,,,,,,,,,,,,,,,,,,,,,,,,,,,,,,,,,45.1393376,,yes,,,Poliambulatorio ASL,,,,,,,,,,,
,,doctors,,,,,,,,,,,,,,,,,,,,,8.9663143,,,,,,,,,,,,,,,,,,,,,,,,,,,,,,,,,,39.3118444,,yes,,,Poliambulatorio ASL,,,,,,,,,,,
,,doctors,,,,,,,,,,,,,,,,,,,,,7.6616052,,,,,,,,,,,,,,,,,,,,,,,,,,,,,,,,,,45.0803819,,yes,,,Poliambulatorio ASL TO 2,,,,,,,doctor,,,,
,,doctors,,,,,,,,,,7 m,,,,,,,,,,,12.4519388,,,,,,,,,,,,,4AED,,,,,,,,,,,,,,,,,,,,,45.9690653,,yes,,,Poliambulatorio Comunale,,,,,1A0,,,,,,
,,doctors,,,,,,,,,,,,,,,,,,,,,12.2915824,,,,,b82d4b25-8ac2-4c1d-a8bf-f8ebd37dd7e0,,,,Regione Emilia Romagna,,,,,,,,,,,,,,,,,,,,,,,,,43.8998289,,yes,,,Poliambulatorio Domus Medica,,,,,,,,,,,
,,doctors,,,,,,,,,,,,,,,,,,,,fence,13.2369910,,,,,,,,,,,,,,,,,,,,,,,,,,,,,,+39 0773 725540,,,,41.2872410,,,,,Poliambulatorio Omega,,,,,,,,,,,
,,doctors,,,,,,,,,,,,,,,,,,,,,8.5933857,,Mo-Fr 08:00-18:00,+39 0783 211 763,,,,,,,,,,,,,,,IT02363570926,,,,,,,,,,,http://www.poliambulatorio.oristano.it,,,info@poliambulatoriosangiorgio.it,,39.9112333,,yes,,,Poliambulatorio San Giorgio,,,,,,,,,,,
,,doctors,,,,,,,,,,,,,,,,,,,,,12.4142709,,,,,,,,,,,,,,,,,,,,,,,,,,,,,,,,,,41.9163336,,yes,,,Poliambulatorio San Zaccaria Papa - ASL ROMA 1,,,yes,,,,doctor,,,,
,,doctors,,,,,,,,,,,,,,,,,,,,,15.2982438,,,,,,,,,,,,,,,,,,,,,,,,,,,,,,,,,,37.0806562,,,,,Poliambulatorio Santa Lucia,,,,,,,,,,,
,,doctors,,,,,,,,,,,,,,,,,76a,,,,10.0971036,,,,,,,,,,,,,,Via Biline,,,http://www.docvadis.it/medicina-generale-rodengo-saiano/index.html,,,,,,,,,,,,,+39 030 6810599,,,,45.6008889,Rodengo Saiano,yes,,,Poliambulatorio di Medicina Generale,,25050,,,,,,,,,
,,doctors,,,,,,,,,,,,,,,,,,,,,9.0465068,,,,,,,,,,,,,,,,,,,,,,,,,,,,,,,,,,39.3792328,,yes,,,Poliambulatorio di Monastir,,,,,,,,,,,
,,doctors,,,,,,,,,,,,,,,,,54,,,,8.8298583,,,,,,,,,,,,,,Via Santa Lucia,,,,,,,,,,,,,,,,,,,,40.1228229,,yes,,,"Poliambulatorio, Consultorio CIM",,,,,,,,,,,
,,doctors,,,,,,,,,,,,,,,,,16,,Polo Sanitario di Pioltello,,9.3219947,,,,,,,,,,,,,,Via San Francesco,,,https://www.auxologico.it/,,,,,,,,,,,,,+39 02 619111,,,Pioltello,45.4973477,Pioltello,,,,Polo Sanitario di Pioltello Don Franco Maggioni,,20096,,,,,,,IT,,Polo Sanitario
,,doctors,,,,,,,,,,,,,,,,,,,,,9.3540975,,,,,,,,,,,,,,,,,,,,,,,,,,,,,,,,,,45.5732305,,yes,,,Polo Socio Sanitario,,,,,,,,,,,
,,doctors,,,,,,,,,,,,,,,,,,,,,16.5562377,,,,,,,,,,,,,,,,,,,,,,,,,,,,,,,,,,41.1281137,,yes,,,Postural Rehab Center,,,,,,,,,,,
,,doctors,,,,,,,,,,,,,,,,,,,,,10.5000007,,,,,,,,,,,,,,,,,,,,,,no,,,,,,,,,,,,43.6870087,,,,,Presidio Distrettuale di Cascina,,,,,,,hospital,,,,
,,doctors,,,,,,,,,,,,,,,,,,,,,7.6596414,,,,,,,,,,,,,,,,,,,,,,,,,,,,,,,,,,45.0794920,,yes,,,"Presidio sanitario ""Ausiliatrice - Don Gnocchi""",,,,,,,,,,,
,,doctors,,,,,,,,,,,,,,,,,,,,,11.1303008,,,,,,,,,,,,,,,,,,,,,,,,,,,,,,,,,,46.0622889,,,,,Progetto Salute,,,,,,,,,,,
,,doctors,,,,,,,,,,,,,,,,,,,,,17.9265723,,,,,,,,,,,,,,,,,,,,,,,,,,,,,,,,,,40.2205619,,,,,Pronto Soccorso,,,,,,,,,,,
,,doctors,,,,,,,,,,7.48,,,,,,,,,,,10.3658973,3,,,,,,,,,,,,,,,,,,,,,,,,,,,,,,,,,43.7718111,,yes,,,Pubblica Assistenza,,,,,,,doctor,,,,
,,doctors,,,,,,,,,,10,,,,,,,181,,,,11.1231447,1,,,,,Toscana,,,,,,,,Via Giulio Braga,,sez.vaiano@pa-lavvenireprato.it,http://www.pa-lavvenireprato.it/le-sezioni/sezione-di-vaiano,,+39 0574 946809,,,ambulance_station,,Prato,,,,,,+39 0574 988636,,,,43.9696824,Vaiano,yes,,,Pubblica Assistenza,,59021,,,,,,,IT,,
,,doctors,,,,,,,,,,,,,,,,,,,,,10.4295889,,,,,,,,,,,,,,,,,,,,,,yes,,,,,,,,,,,,43.7100562,,,,,Pubblica Assistenza Pisa,,,,,,,,,,,
,,doctors,,,,,,,,,,,,,,,,,,,,,11.1462084,,,,,,,,,,,,,,,,,,,,,,,,,,,,,,,,,,43.8221362,,yes,,,Pubblica Assistenza di Campi Bisenzio,,,,,,,doctor,,,,
,,doctors,,,,,,,,,,,,,,,,,,,,,10.8698756,,,,,,,,,,,,,,,,,,,,,,,,,,,,,,,,,,45.9187572,,yes,,,Record medicina sportiva,,,,,,,,,,,
,,doctors,,,,,,,,,,,,,,,,,,,,,9.0920790,,,,,,,,,,,,,,,,,,,,,,,,,,,,,,,,,,45.4348909,,yes,,,Ser.T,,,,,,,,,,,
,office,doctors,physician,,,,,,,,,,,Servizio per le tossicodipendenze,,,,,,,,,10.3245226,,,,,,,,,,yes,,,,,,,,,,,,,,,,,,,,,,,,43.5490449,,yes,,,SerT,,,,,,,,,,yes,
,,doctors,,,,,,,,,,,,,,,,,,,,,13.5972314,,Tu-Su 08:00-15:00; Sa 08:00-12:00,,,,,,,,,,,,,,,,,,,,,,,,,,,,,,,,41.2565451,,yes,,,Servizi ASL,,,,,,,,,,,
,,doctors,,,,,,,,,,,,,,,,,,,,,14.9355304,,,,,,,,,,,,,,,,,,,,,,,,,,,,,,,,,Guardia medica,37.1202806,,,,,Servizio di continuità assistenziale,,,,,,,,,,,
,,doctors,,,,,,,,,,,,,,,,,,,,,14.9456978,,,,,,,,,,,,,,,,,,,,,,,,,,,,,,,,,Guardia medica,37.1066356,,,,,Servizio di continuità assistenziale,,,,,,,,,,,
,,doctors,,,,,,,,,,,+39 366 8787007,,,,,,,,,,18.1463590,,,,,,,,,,,,,,,,,https://www.studiepion.com,,,,,,,,,,,,,,,,,40.3652619,,yes,,,Studi Epion,,,,,,,,,,,
,,doctors,,,,,,,,,,,,,,,,,,,,,15.5292982,,,,,,,,,,,,,,,,,,,,,,,,,,,,,,,,,,40.4825567,,yes,,,Studi Medici Di Santi,,,,,,,doctor,,,,
,,doctors,,,,,,,,,,,,,,,,,,,,,9.1421180,,,,,,,,,Regione Liguria,,,,,,,,,,,,,,,,,,,,,,,,,44.4338028,Lumarzo,residential,,,Studio Medico,,16024,,,,,,,,,
,,doctors,,otolaryngology,,,,,,,,,,,,,,,8,,,,14.3931220,,,,,,,,,,,,,,Corso Italia,,,,,,,,,,,,,,,,+390818781359,,,,40.6293970,Sant'Agnello,,,,Tommaso Iaccarino,,80065,,,,,doctor,,,,
,,doctors,,,,,,,,,,,,,,,,,,,,,10.9694460,,,,,,,,,,,,,,,,,,,,,,,,,,,,,,,,,,45.4321925,,,,,U.T.A.P. Casa di Salute Verona,,,yes,,,,doctor,,,,
,,doctors,,,,,,,,,,,,,,,ULSS 9 Scaligera,,,,,,11.0341232,,,,,,,,,,,,,,,,,,,,,,,,,,,,,,,,,,45.4381964,,,,,ULSS 9 Scaligera,,,yes,,,,doctor,,,,
,,doctors,,,,,,,,,,,,,,,ULSS 5 Polesana,,,,,,12.2179153,,,,,,,,,,,,,,,,,,,,,,,,,,,,,,,,,,45.0281949,,yes,,,ULSS Porto Viro - ULSS 5 Polesana,,,,,,,doctor,,,,
,,doctors,,,,,,,,,,,,,,,,,,,,,10.3374656,,,,,,,,,Regione Emilia Romagna,,,,,,,,,,,,,,,,,,,,,,,,,44.8117859,,yes,,,a.s.l.,,,,,,,,,,,
,,doctors,,,,,,,,,,,,,,,,,,,,,11.9128272,,,,,,,,,,,,,,,,,,,,,,,,,,,,,,,,,,43.3472070,,,,residential,casa della salute,,,,,,,,,,,
,,doctors,,,,,,,,,,,,,,,,,,,,,15.6780152,,,,,,,,,,,,,,,,,,,,,,,,,,,,,,,,,,40.4893656,,,,,guardia medica,,,,,,,,,,,
,,doctors,,,,,,,,,,,,,,,,,,,,,15.6770677,,,,,,,,,,,,,,,,,,,,,,,,,,,,,,,,,,40.4896005,,,,,guardia medica,,,,,,,,,,,
