short_name:sv,amenity,source:location,healthcare:speciality,addr:housename,contact:website,roof:colour,addr:unit,official_name,lon,email,addr:city,alt_name,operator,name:ru,old_name:sv,is_in,addr:housenumber,old_name:fi,short_name,operator:wikipedia,building:levels,name:fi,operator:type,wikipedia,note,source,old_name,start_date,website,alt_name:fi,fax,emergency,alt_name:sv,opening_hours,phone,old_name:en,building:use,lat,name:sv,addr:street,building,source:name,fixme,name:en,name,wheelchair:description,level,url,addr:postcode,wheelchair,area,addr:country,healthcare,wikidata,toilets:wheelchair,operator:wikidata,colour,internet_access
,hospital,,,,,,,,22.8509886,,Härmä,,,,,,5,,,,,,,,,,,,,,,no,,,,,,63.2452453,,Kanttorintie,,,,,Alahärmän terveysasema,,,,62300,,,,hospital,,,,,
,hospital,,,,,,,,23.8269042,,,,,,,,,,,,,,,,,,,,,,,yes,,,,,,62.9963989,,,yes,,,,Alajärven terveyskeskus,,,,,,,,,,,,,
,hospital,,,,,,,,27.6664430,,,,,,,,,,,,,,,,,,,,,,,yes,,,,,,62.8867831,,,,,,,Alavan sairaala,,,,,,,,hospital,,,,,
,hospital,,general,,,,,,23.6258106,,Alavus,,Pihlajalinna,,,,10,,,,,,,,,MML,,,,,,yes,,,,,,62.5865728,,Salmentie,hospital,,,,Alavuden pääterveysasema,,,,63300,yes,,FI,,,,,,
,hospital,,,,,,,,24.9276243,,Helsinki,,,,,,,,,,,Auroran sairaala,,,,,,,,,,,,,,,,60.1953508,Aurorasjukhuset,,,,,,Auroran sairaala,,,,,,,,,Q11853546,,,,
,hospital,,,,,,,,21.4013514,,,,,,,"Kristinestad, Finland",,,,,,Selkämeren sairaala,,,,,,,,,,,,,,,,62.2711631,Bottenhavets sjukhus,,,,,,Bottenhavets sjukhus,,,,,,,,,,,,,
,hospital,,,,,,,,24.9102208,,Helsinki,,,,,,2,,,,,,,,,,,,https://www.docrates.com/en/,,,,,,+358107732000,,,60.1600741,Docrates Cancersjukhus,Saukonpaadenranta,,,,Docrates Cancer Center,Docrates Syöpäsairaala,,,,00180,,,,,,,,,
,hospital,,,,,,,,24.9421429,helpdesk@eiransairaala.fi,Helsinki,,,,,,29,,,,,Eiran sairaala,,,,,,,https://www.eiransairaala.fi/,,+35891620579,,,,+35891620570,,,60.1578506,Eira sjukhus,Laivurinkatu,,,,Eira Hospital,Eiran sairaala,,,,00150,,,,hospital,Q3068461,,,,
,hospital,,,,,,,,30.1550859,,,,,,,,,,,,,,,,,,,,,,,,,,,,,62.8013526,,,,,,,Enon terveysasema,,,,,,,,,,,,,
,hospital,,,,,,,,25.9277463,,,,,,,,,,,,,,,,,,,,,,,,,,,,,64.7955369,,,,,,,Ensiapu,,,,,,,,hospital,,,,,
,hospital,,,,,,,,24.6854098,,Espoo,,,,,,6,,,,,,,,,,,,https://www.espoo.fi/fi-FI/Sosiaali_ja_terveyspalvelut/Terveyspalvelut/Sairaalahoito/Espoon_uusi_sairaala,,,,,,,,,60.2216861,,Karvasmäentie,hospital,,,,Espoon sairaala,,,,02740,,,,,,,,,
,hospital,,,,,,,,24.6608261,,,,,,,,,,,,,,,,,,,,,,,,,,,,,60.1492004,Esbovikens hälsostation,,yes,,,,Espoonlahden terveysasema,,,,,,,,,,,,,
,hospital,,,,,,,,23.4709993,,,,,,,,,,,,,,,,,,,,,,,,,,,,,63.3668362,,,yes,,,,Evijärven terveyskeskus,,,,,,,,,,,,,
,hospital,,,,,,,,23.6357557,,,,,,,,,,,,,Forssan sairaala,,,,,,,,,,yes,,,,,,60.8206204,,,,,,,Forssan sairaala,,,,,,,,hospital,,,,,
,hospital,,,,,,,,25.0699554,,Vantaa,,,,,,4,,,,4,HYKS Vanhuspsykiatrian osasto P4,,,,Bing,,,,,,,,,,,,60.3215298,,Paimenentie,yes,,,,HYKS Vanhuspsykiatrian osasto P4,,,,01360,,,FI,,,,,gray,
,hospital,,,,,,,,24.9044010,,Helsinki,,,,,,5,,,,,Haagan terveysasema,,,,,,,https://www.hel.fi/www/helsinki/fi/sosiaali-ja-terveyspalvelut/terveyspalvelut/terveysasemat/terveysasemien-yhteystiedot/haagan-terveysasema,,,,,,09 3104 9270,,,60.2225837,,Huovitie,,,,Haaga Health Station,Haagan terveysasema,,,,00400,,,,,,,,,
,hospital,,,,,,,,25.3731547,,,,,,,,,,,,,,,,,,,,,,,,,,,,,64.1370895,,,yes,,,,Haapaveden terveyskeskus,,3,,,,,,,,,,,
,hospital,,,,,,,,23.0372037,,,,,,,,,,,,,Halikon sairaala,,fi:Halikon sairaala,,,,,,,,,,,,,,60.4361778,Halikko sjukhus,,,,,,Halikon sairaala,,,,,,,,hospital,Q18757573,,,,
,hospital,,,,,,,,27.1778124,,,,,,,,,,,,,,,,,,,,,,,,,,,,,60.5775653,,,,,,,Haminan terveyskeskus,,,,,,,,,,,,,
,hospital,,,,,,,,22.9731601,,,,,,,,,,,,,,,,,,,,,,,,,,,,,59.8293094,,,,,,,Hangon terveyskeskus,,,,,,,,hospital,,,,,
,hospital,,,,,,,,22.1496307,,,,,,,,,,,,,,,,,,,,,,,,,,,,,61.3109359,,,yes,,,,Harjavallan Terveyskeskus,,,,,,,,,,,,,
,hospital,,,,,,,,22.1462276,,Harjavalta,,,,,,14,,,,,,,,,,,,,,,,,,,,,61.3033082,,Sairaalantie,,,,,Harjavallan sairaala,,,,29200,,,,hospital,,,,,
,hospital,,,,,,,,27.6361734,,,,,,,,,,,,,,,,,,,,,,,,,,,,,62.8975937,,,,,,,Harjulan sairaala,,,,,,,,hospital,,,,,
,hospital,,,,,,,,23.7534150,,,Hatanpään sairaala,,,,,,,,,,,,,,,,,,,,no,,,,,,61.4850073,,,,,,,Hatanpään kantasairaala,,,,,,,,,,,,,
,hospital,,,,,,,,25.3587989,,,,,,,,,,,,,,,,,,,,,,,no,,,,,,65.1713683,,,yes,,,,Haukiputaan terveyskeskus,,,,,,,,,,,,,
,hospital,,,,,,,,26.0344001,,,,,,,,,,,,,,,,,,,,,,,yes,,,,,,61.2069940,,,hospital,,,,Heinolan sairaala,,,,,,,,,,,,,
,hospital,,,,,,,,28.6256900,,,,,,,,,,,,,,,,,,,,,,,,,,,,,62.4231034,,,,,,,Heinäveden terveyskeskus,,,,,,,,hospital,,,,,
,hospital,,,,,,,,25.0374586,,Helsinki,,,,,,8,,,,,Herttoniemen sairaala,,,,,,,https://www.hus.fi/sairaanhoito/sairaalat/herttoniemen-sairaala/,,,,,,,,,60.2079877,Hertonäs sjukhus,Kettutie,,,,Herttoniemi Hospital,Herttoniemen sairaala,,,,00800,,,,hospital,,,,,
,hospital,,,,,,,,23.6455546,,,,,,,,,,,,,,,,,,,,,,,,,,,,,64.0587062,,,,,,,Himangan terveysasema,,,,,,,,,,,,,
,hospital,,,,,,,,22.9849259,,Loimaa,,,,,,3,,,,,,,,,,,,http://www.loimaa.fi/laakareiden_ja_hoitajien_vastaanotot__,,,,,,02 761 2020,,,60.8686075,,Kanta-Loimaantie,,,,,Hirvikosken terveysasema,,,,32210,,,,hospital,,,,,
,hospital,,,Hyrylän terveyskeskus,,,,,25.0237123,,Tuusula,,,,,,13,,,,,,,,,,,,,,,,,,,,,60.4015382,,Hyryläntie,,,,,Hyrylän terveyskeskus,,,http://www.tuusula.fi/sivu.tmpl?sivu_id=2648,04300,,,FI,,,,,,
,hospital,,,,,,,,28.4909662,,Hyrynsalmi,,,,,,,,,,,,,,,,,,,,,,,,,,,64.6812817,,,,,,,Hyrynsalmen terveyskeskus,,,,,,,,hospital,,,,,
,hospital,,,,,,,,24.8579408,,,,,,,,,,,,,,,,,,,,,,,,,,,,,60.6360344,,,,,,,Hyvinkään pääterveyskeskus,,,,,,,,,,,,,
,hospital,,,,,,,,24.8269413,,Hyvinkää,,,,,,1,,,,,,,,"2016-08-23: liikennejärjestelyt muuttuneet, osittain pysyvästi 
2016-09-21: tämän hetkiset liikennejärjestelyt merkitty enimmäkseen oikein
2017-09-16: Sairaalankadulla ei suurta muutosta",,,before 1976,,,,yes,,,,,,60.6116990,,Sairaalankatu,,,,,Hyvinkään sairaala,,,,05850,yes,,,,,,,,
,hospital,,,,,,,,21.6975064,,,,,,,"Korsholm, Finland",,,,,,Terveyskeskus,,,,survey; landsat,,,,,,,,,,,,63.1225545,Hälsovårdscentral,,,,,,Hälsovårdscentral,,,,,,,,,,,,,
,hospital,,,,,,,,24.4741992,,Hämeenlinna,,,,,,1-3,,,,,,,,,,,,http://www.hameenlinna.fi/Palvelut/Terveyspalvelut/Yhteystiedot/Terveysasemat/Viipurintien-terveysasema/,,,,,,,,,60.9984414,,Viipurintie,yes,,,,Hämeenlinnan terveyskeskus,,,,13200,,,,,,,,,
,hospital,,,,,,,,24.4981868,,,,,,,,4,,,,,,,,,,,,,,,,,,,,,61.0056477,,Anttilankatu,yes,,,,Idänpään terveysasema,,,,,,,,,,,,,
,hospital,,,,,,,,24.8950001,,Helsinki,,HUS,,,,2,,,,,Iho- ja allergiasairaala,,,,,,,https://www.hus.fi/sairaanhoito/sairaalat/iho-ja-allergiasairaala/Sivut/default.aspx,,,,,,,,,60.1922742,Hud- och allergisjukhuset,Meilahdentie,,,,,Iho- ja allergiasairaala,,,,00250,yes,yes,,,,,,,
,hospital,,,,,,,,25.4005943,,,,,,,,,,,,,,,,,,,,,,,,,,,,,65.3202213,,,,,,,Iin terveysasema,,,,,,,,hospital,,,,,
,hospital,,,,,,,,27.1832009,,Iisalmi,,,,,,21-23,,,,,,,,,,,,www.ylasavonsote.fi,,,,,,,,,63.5631676,,Riistakatu,hospital,,,,Iisalmen aluesairaala,,,,74101,,,FI,,,,,,
,hospital,,,,,,,,26.3430762,,,,,,,,,,,,,,,,,Bing,,,,,,,,,,,,60.8970744,,,yes,,,,Iitin terveyskeskus,,,,,,,,hospital,,,,,
,hospital,,,,,,,,23.0718572,,,,,,,,,,,,,,,,,,,,,,,yes,,,,,,61.7693425,,,,,,,Ikaalisten terveyskeskus,,,,,,,,,,,,,
,hospital,,,,,,,,22.5698208,,,,,,,,,,,,,,,,,,,,,,,,,,,,,62.7375705,,,,,,,Ilmajoen terveyskeskus,,,,,,,,,,,,,
,hospital,,,,,,,,30.9209561,,,,,,,,,,,,,,,,,,,,,,,,,,,,,62.6685977,,,,,,,Ilomantsin terveyskeskus,,,,,,,,,,,,,
,hospital,,,,,,,,21.9559030,,,,,,,,,,,,,,,,,,,,,,,yes,,,,,,62.1166189,,,,,,,IsojoenTerveysKeskus,,,,,,,,hospital,,,,,
,hospital,,,,,,,,25.7568003,,Lahti,,,,,,2,,,,,,,,,,,,,,,,,,,,,60.9999014,,Alasenkatu,yes,,,,Itäinen lähiklinikka,,,,15300,,,,,,,,,
,hospital,,,,,,,,22.7507112,,,,,,,,,,,,,Jalasjärven terveyskeskus,,,,,,,,,,,,,,,,62.4913882,,,,,,,Jalasjärven terveyskeskus,,,,,,,,,,,,,
,hospital,,,,,,,,25.1859147,,,,PIhlajalinna,,,,,,,,,,,fi:Jokilaakson sairaala,,,,,http://www.jamsanterveys.fi/,,,,,,,,,61.8758448,,,,,,,Jokilaakson sairaala,,,,,,,,hospital,Q18659512,,,,
,hospital,,,,,,,,27.8257419,,,,,,,,,,,,,,,,,,,,,,,no,,,,,,62.1820088,,,,,,,Joroisten terveysasema,,,,,,,,hospital,,,,,
,hospital,,,,http://www.hus.fi/sairaanhoito/sairaalat/jorvin-sairaala/Sivut/default.aspx,,,,24.6911512,,Espoo,,,,,,150,,,,,,,,,,,,,,,yes,,,,,,60.2229537,,Turuntie,,,,,Jorvin sairaala,,,,02740,yes,,,,,,,,
,hospital,,,,,,,,28.3362901,,,,,,,,,,,,,,,,,,,,,,,,,,,,,63.0720841,,,,,,,Juankosken terveysasema,,,,,,,,,,,,,
,hospital,,,,,,,,24.4189193,,,,,,,,6,,,,,,,,,,,,,,,,,,,,,60.9833545,,Eeronkuja,yes,,,,Jukolan terveysasema,,,,,,,,,,,,,
,hospital,,,,,,,,27.6304754,,,,,,,,,,,,,,,,,,,,,,,,,,,,,62.9340100,,,,,,Julkula Hospital,Julkulan sairaala,,,,,,,,hospital,,,,,
,hospital,,,,,,,,27.8647734,,,,,,,,,,,,,,,,,,,,,,,yes,,,,,,61.8939950,,,,,,,Juvan terveyskeskus,,,,,,,,hospital,,,,,
,hospital,,,,,,,,22.3747343,,Kaarina,,,,,,5,,,,,,,,,,,,,,,,,,,,,60.4071572,,Voivalantie,,,,,Kaarinan pääterveysasema,,,,20780,,,,,,,,,
,hospital,,,,,,,,28.4827776,,,,,,,,,,,,,,,,,,,,,,,,,,,,,62.9741423,,,yes,,,,Kaavin terveysasema,,,,,,,,,,,,,
,hospital,,,,,,,,25.4814975,,,,,,,,,,,,,,,,,,,,,,,,,,,,,65.0613165,,,,,,,Kaijonharjun terveysasema,,,,,,,,hospital,,,,,
,hospital,,,,,,,,27.7249615,,Kajaani,,,,,,13,,,,,,,fi:Kainuun keskussairaala,,,,,https://sote.kainuu.fi/palvelut/keskussairaala,,,yes,,,,,,64.2127595,,Sotkamontie,,,,Central Hospital of Kainuu,Kainuun Keskussairaala,,,,87300,,,,,Q18659707,,,,
,hospital,,,,,,,,27.7186886,,,,,,,,,,,,,,,,,,,,,,,,,,,,,64.2284564,,,,,,,Kajaanin pääterveysasema,,,,,,,,hospital,,,,,
,hospital,,,,,,,,23.9395412,,,,,,,,,,,,,,,,,,,,,,,,,,,,,64.2617927,,,,,,,Kalajoen terveyskeskus,,,,,,,,hospital,,,,,
,hospital,,dentistry;general,,,,A,,24.9798252,,Helsinki,Kalasataman terveyskeskus,Helsingin kaupunki / Terveysvirasto,,,,14,,,,6,Kalasataman terveys- ja hyvinvointikeskus,,fi:Kalasataman terveys- ja hyvinvointikeskus,,,,2018-02-05,,,,,,,+358 9 310 5015,,,60.1882121,Fiskehamnens central för hälsa och välbefinnande,Työpajankatu,yes,,,Kalasatama Health and Well-being Centre,Kalasataman terveys- ja hyvinvointikeskus,,,https://www.hel.fi/sote/toimipisteet-fi/aakkosittain/kalasataman-thk/terveysasemapalvelut,00580,,,,yes,Q56404024,,,,
,hospital,,,,,,,,26.6357818,,Kangasniemi,,,,,,13,,,,,,,,,,,,,,,,,,,,,61.9933902,,Sairaalantie,,,,,Kangasniemen terveyskeskus,,,,,,,FI,,,,,,
,hospital,,,,,,,,25.8030294,,Jyväskylä,,,,,,1,,,,,,,,,,,,,,,no,,,,,,62.2676342,,Huhta,,,,,Kangasvuoren sairaala,,,,40340,yes,,FI,,,,,,
,hospital,,,,,,,,22.3759744,,,,,,,,,,,,,,,,,,,,,,,,,,,,,61.7993239,,,,,,,Kankaanpään terveyskeskus,,,,,,,,,,,,,
,hospital,,,,,,,,24.4164301,,Hämeenlinna,,Kanta-Hämeen sairaanhoitopiiri,,,,20,,,,,,,fi:Kanta-Hämeen keskussairaala,,,,,https://www.khshp.fi/,,,yes,,,,,,60.9906120,,Ahvenistontie,,,,,Kanta-Hämeen keskussairaala,,,,13530,,,,hospital,Q56403577,,,,
,hospital,,,,,,,,24.7450659,,,,,,,,77,,,,,,,,,,Riihimäen aluesairaala,,,,,yes,,,,,,60.7475521,,Kontiontie,,web,"Tämä se ""sairaala"" varmasti on jonne bussireitti johtaa?",,"Kanta-Hämeen keskussairaala, Riihimäen yksikkö",,,,,yes,,,,,,,,
,hospital,,,,,,,,26.9380728,,,,,,,,,,,,,,,,,,,,,,,,,,,,,60.5164277,,,,,,,Karhulan sairaala,,,,,,,,,,,,,
,hospital,,,,,,,,24.2253912,,,,,,,,,,,,,Karkkilan terveysasema,,,,,,,,,,,,,,,,60.5403074,,,,,,,Karkkilan terveysasema,,,,,,,,,,,,,
,hospital,,,,,,,,22.2783568,,Turku,,Turun kaupunki,,,,3,,,,,Kaskenlinnan sairaala,public,,,,,,https://www.turku.fi/toimipaikat/kaskenlinnan-sairaala,,,,,,,,,60.4386597,Kaskenlinna sjukhus,Vähäheikkiläntie,,,,,Kaskenlinnan sairaala,,,,,,,,hospital,,,,,
,hospital,,,,,,,,26.6595081,,Kouvola,,Kymsote,,,,17,,,,,,public,,,,,,,,,yes,,,,,,60.8786785,,Puhjontie,,,,,Katajaharjun terveysasema,,,,45720,,,,hospital,,,,,
,hospital,,,Katriinan sairaala,,,,,24.8732769,,Vantaa,,,,,,4,,,,,Katriinan sairaala,,,,,,,,,,yes,,,,,,60.3464111,Katrinesjukhuset,Katriinankuja,yes,,,,Katriinan sairaala,,,,01760,,,,,,,,,
,hospital,,,,,,,,22.1706754,,,,,,,,,,,,,,,,,,,,,,,,,,,,,62.4251510,,,,,,,Kauhajoen terveyskeskus,,,,,,,,,,,,,
,hospital,,,,,,,,24.6980182,,,,,,,,,,,,,,,,,,,,,,,,,,,,,60.2200350,Kauniala krigsinvalidsjukhus,,yes,,,,Kaunialan sotavammasairaala,,,,,,,,,,,,,
,hospital,,,,,,,,25.1067637,,,,,,,,,,,,,Kellokosken sairaala,,,,,,,,,,,,,,,,60.5318080,Mariefors sjukhus,,,,,,Kellokosken sairaala,,,,,,,,hospital,,,,,
,hospital,,,,,,,,26.8326846,,Keltakangas,,Kymsote,,,,15A,,,,,,public,,,,,,,,,yes,,,,,,60.7463458,,Sairaalankaari,yes,,,,Keltakankaan terveysasema,,,,46860,,,,hospital,,,,,
,hospital,,,,,,,,24.5419361,,Keminmaa,,,,,,2,,,,,,,,,,,,,,,,,,,,,65.7983692,,Väylätie,,,,,Keminmaan terveyskeskus,,,,94400,,,,,,,,,
,hospital,,,,,,,,25.4885324,,,,,,,,,,,,,,,,,,,,,,,,,,,,,64.9145881,,,,,,,Kempeleen terveyskeskuksen laajennus,,,,,,,,hospital,,,,,
,hospital,,,,,,,,23.1126648,,Kokkola,,Keski-Pohjanmaan sairaanhoitopiiri,,,,,,,,,Keski-Pohjanmaan keskussairaala,public,,,,,,https://www.soite.fi/keskipohjanmaan_keskussairaala,,,yes,,,,,,63.8475781,Mellersta Österbottens centralsjukhus,,,,,,Keski-Pohjanmaan keskussairaala,,,,67200,,,,hospital,,,,,
,hospital,,,,,,,,25.6637374,,Lahti,,,,,,48,,,,,,,,,,,,,,,,,,,,,60.9802867,,Harjukatu,yes,,,,Keskustan lähiklinikka,,,,15100,,,,,,,,,
,hospital,,,,,,,,24.7111528,,,,,,,,,,,,,,,,,,,,,,,,,,,,,62.2625723,,,yes,,,,Keuruun Terveyskeskus,,,,,,,,,,,,,
,hospital,,,,,,,,23.1809736,,Kihniö,,,,,,11,,,,,,,,,,,,,,,,,,,,,62.2141316,,Kivinevantie,,,,,Kihniön terveysasema,,,,39820,,,,hospital,,,,,
,hospital,,,,,,,,30.2498179,,,,,,,,,,,,,,,,,,,,,,,,,,,,,62.4952324,,,,,,,Kiihtelysvaaran terveysasema,,,,,,,,,,,,,
,hospital,,,,,,,,25.7760185,,,,,,,,1,,,,,,,,,Bing,,,,,,,,,,,,65.1289485,,Terveystie,hospital,,,,Kiimingin terveysasema,,,,,,,,,,,,,
,hospital,,,,,,,,23.6121999,,,,,,,,,,,,,,,,,,,,,,,,,,,,,61.3093422,,,yes,,,,Kirkonkylän terveysasema,,,,,,,,,,,,,
,hospital,,,,,,,,24.9503878,,Helsinki,,,,,,11-13,,,,,Kirurginen sairaala,,fi:Kirurginen sairaala (Helsinki),,,,,http://hus.fi/sairaanhoito/sairaalat/kirurginen-sairaala/Sivut/default.aspx,,,,,,,,,60.1612568,Kirurgiska sjukhuset,Kasarmikatu,,,,Surgical Hospital,Kirurginen sairaala,,,,00130,yes,,,,Q3145262,,,,
,hospital,,,,,,,,30.1276347,,Kitee,,,,,,,,,,,,,,,,,,,,,,,,,,,62.0969869,,Arppentie,,,,,Kiteen terveyskeskus,,,,82500,,,,hospital,,,,,
,hospital,,,,,,,,24.9232820,,Kittilä,,Kittilän kunta,,,,2,,,,,,,,,,,,http://www.kittila.fi/paivystys-ja-ensiapu,,,yes,,,+358 400 356 498,,,67.6478666,,Sairaalantie,,,,,Kittilän terveyskeskus,,,,99100,,,,,,,,,
,hospital,,,,,,,,26.6117105,,,,,,,,,,,,,,,,,,,,,,,,,,,,,63.6593847,,,,,,,Kiuruveden terveyskeskus,,,,,,,,,,,,,
,hospital,,,,,,,,24.9195631,,,,,,,,,,,,,Kivelän sairaala,,,,,,,,,,,,,,,,60.1770240,Stengårds sjukhus,,,,,,Kivelän sairaala,,,,,,,,,,,,,
,hospital,,,,,,,,24.6358455,,,,,,,,3,,,,,,,,,,,,,,,,,,,,,60.1549242,,Meriusva,yes,,,,Kivenlahden terveysasema,,,,,,,,,,,,,
,hospital,,,,,,,,25.0583213,,,,,,,,,,,,,,,,,Bing,,,,,,,,,,,,60.3204260,,,hospital,,,,Koivukylän Sosiaali-ja terveyskeskus,,,,,,,,,,,,,
,hospital,,,,,,,,25.1593144,,,,,,,,,,,,,,,,,Bing,,,,,,,,,,,,61.5589920,,,yes,,,,Kuhmoisten terveysasema,,,,,,,,,,,,,
,hospital,,,,,,,,29.5117317,,,,,,,,,,,,,Kuhmon terveysasema,,,,,,,,,,,,,,,,64.1279605,,,,,,Kuhmo health centre,Kuhmon terveysasema,,,,,,,,hospital,,,,,
,hospital,,,,,,,,25.7735339,,,Kuokkalan terveysasema,,,,,,,,,,,,,,,,,https://www.jyvaskyla.fi/sote/terveysasemat/kuokkala,,,,,,,,,62.2262864,,,,,,,Kuokkalan sosiaali- ja terveysasema,,,,,,,,,,,,,
,hospital,,,,,,,,27.6845956,,,,,,,,,,,,,,,,,,,,,,,,,,,,,62.8944058,,,,,,,Kuopion terveyskeskus,,,,,,,,hospital,,,,,
,hospital,,,,,,,,27.6420486,,,KYS,,,,,2,,,,,Kuopion yliopistollinen sairaala,,fi:Kuopion yliopistollinen sairaala,,,,,,,,,,,+358 17 173 311,,,62.8969737,,Puijonlaaksontie,,,,Kuopio University Hospital,Kuopion yliopistollinen sairaala,,,,,,,,hospital,Q11873596,,,,
,hospital,,,,,,,,23.5052931,,Kuortane,,,,,,55,,,,,,,,,,,,,,,no,,,,,,62.8072770,,Keskustie,hospital,,,,Kuortaneen terveysasema,,,,63100,,,,,,,,,
,hospital,,,,,,,,22.3938085,,,,,,,,,,,,,,,,,,,,,,,,,,,,,62.6267946,,,,,,,Kurikan terveyskeskus,,,,,,,,,,,,,
,hospital,,,,,,,,23.7294348,,Ylöjärvi,,Ylöjärven kaupunki,,,,1,,,,,Kurun terveysasema,public,,,,,,,,,,,,,,,61.8813810,,Kisatie,,,,,Kurun terveysasema,,,,34300,,,,hospital,,,,,
,hospital,,,,,,,,29.1920204,,Kuusamo,,,,,,,,,,,,,,,,,,,,,yes,,,,,,65.9648312,,Vanttajantie,,,,,Kuusamon terveyskeskus,,,,,,,,hospital,,,,,
,hospital,,,,,,,,26.6294544,,Kuusankoski,,Kouvolan kaupunki,,,,3,,,,,,,,,,,,,,,no,,,,,,60.9071541,,Kymenlaaksonkatu,,,,,Kuusankosken terveyskeskus,,,,45700,,,,,,,,,
,hospital,,,,,,,,21.8377623,,,,,,,,,,,,,,,,,,,,,,,no,,,,,,63.1615540,,,,,,,Kvevlax hälsostation,,,,,,,,,,,,,
,hospital,,,,,,,,25.7065649,,Jyväskylä,,,,,,20,,,,,,,,,,,,https://www.jyvaskyla.fi/sote/terveysasemat/kyllo,,,,,,+358 14 266 2011,,,62.2332491,,Keskussairaalantie,yes,,,,Kyllön terveysasema,No accessible toilet at public areas including Café,,,40700,yes,,FI,,,no,,,
,hospital,,,,,,,,26.9142786,,,,,,,,,,,,,,,fi:Kymenlaakson keskussairaala,,,,,,,,,,,,,,60.4765330,,,,,,,Kymenlaakson keskussairaala,,,,,,,,,Q11873971,,,,
,hospital,,,,,,,,22.7513959,,Pöytyä,,Pöytyän kansanterveystyön kuntayhtymä,,,,10,,,,,"Pöytyän terveyskeskus, Kyrön terveysasema",,,,,,,https://www.poytyanterveyskeskus.fi/yhteystiedot/,,,,,,,,,60.7011578,,Kehityksentie,,,,,Kyrön terveysasema,,,,21800,,,,hospital,,,,,
,hospital,,,,,,,,25.7590196,,,,,,,,,,,,,,,,,,,,,,,,,,,,,63.9797311,,,,,,,Kärsämäen terveyskeskus,,,,,,,,hospital,,,,,
,hospital,,,,,,,,25.0544816,,,,,,,,,,,,,Laajasalon terveysasema,,,,,,,,,,no,,,,,,60.1786339,Degerö hälsostation,,,,,,Laajasalon terveysasema,,,,,,,,hospital,,,,,
,hospital,,,,,,,,24.9154260,,,,,,,,,,,,,Laakson sairaala,,,,,,,,,,,,,,,,60.1925577,Dals sjukhus,,,,,,Laakson sairaala,,,,,yes,yes,,,Q11874308,,,,
,hospital,,,,,,,,25.7685485,,,,,,,,,,,,,Lapin keskussairaala,,,,,,,,,,yes,,,,,,66.4936078,,,,,,Lapland Central Hospital,Lapin keskussairaala,,,,,,,,hospital,,,,,
,hospital,,,,,,,,27.3959999,,,,,,,,,,,,,,,,,,,,,,,,,,,,,63.3647494,,,yes,,,,Lapinlahden terveyskeskus,,,,,,,,,,,,,
,hospital,,,,,,,,23.0424772,,Lapua,,,,,,3,,,,,,,,,Bing,,,,,,yes,,,,,,62.9682926,,Sairaalantie,yes,,,,Lapuan Terveyskeskus,,,,,,,,,,,,,
,hospital,,,,,,,,24.8134982,,Espoo,,,,,,2,,,,,Leppävaaran terveysasema,,,,,,after 1971,,,,,,Mo-Fr 08:00-16:00,+358 9 81635200,,,60.2215143,Alberga hälsostation,Konstaapelinkatu,yes,,,,Leppävaaran terveysasema,,,,02650,yes,,,,,,,,
,hospital,,,,,,,,27.7979990,,Leppävirta,,KYS Sairaalat,,,,17,,,,,,,,,,,,https://www.psshp.fi/yhteystiedot/kysteri/leppavirta,,,,,,+35817171307,,,62.4880828,,Savonkatu,,,,,Leppävirran terveysasema,,,,79101,,,,,,,,,
,hospital,,,,,,,,24.0176353,,Lohja,,,,,,8,,,,,Lohjan sairaala,,,,,,,https://www.lohja.fi/,,,yes,,,,,,60.2223391,Lojo sjukhus,Sairaalatie,,,,,Lohjan sairaala,,,,08200,yes,,,,,,,,
,hospital,,,,,,,,23.0485123,,Loimaa,,,,,,15,,,,,,,,,,,,http://www.loimaanaluesairaala.fi,,,yes,,,+358 2 314 3000,,,60.8529470,,Seppälänkatu,,,,Loimaa Regional Hospital,Loimaan aluesairaala,,,,32200,,,,,,,,,
,hospital,,,,,,,,24.4267415,,,,,,,,9,,,,,,,,,,,,,,,,,,,,,60.7182075,,Harjutie,,,,,Lopen terveysasema,,,,,,,,,,,,,
,hospital,,,,,,,,21.6218580,,,,,,,"Luvia,Finland",3,,,,,,,,,,,,http://ksthky.fi/yhteystiedot/luvian_terveysasema,,,,,Mo-Th 08:00-16:00; Fr 08:00-14:00,02 677 3111,,,61.3610067,,Kuivalahdentie,yes,,,Luvia Healthcare Center,Luvian Terveyskeskus,,,,29100,,,,,,,,,
,hospital,,,,,,,,24.5551069,,,,,,,,,,,,,,,,,Bing,,,,,,yes,,,,,,65.7336561,,,hospital,,,,Länsi-Pohjan keskussairaala,,,,,yes,,,,,,,,
,hospital,,,,,,,,25.5704831,,,,,,,,,,,,,,,,,,,,,,,no,,,,,,64.9820934,,,yes,,,,Maikkulan terveysneuvola,,,,,,,,,,,,,
,hospital,,,,,,,,25.0010490,,Helsinki,,Helsingin kaupunki,,,,6,,,,,Malmin sairaala,,,,,,,,,,yes,,,09 310 6611,,,60.2536171,,Talvelantie,,,,Malmi Hospital,Malmin sairaala,,,,00700,,,,,Q11880714,,,,
,hospital,,,,,,,,26.6927265,,,,,,,,,,,,,,,,,,,,,,,yes,,,,,,60.8701410,,,,,,,Marjoniemen terveysasema,,,,,,,,,,,,,
,hospital,,,,,,,,22.8991729,,Marttila,,,,,,1,,,,,,,,,,,,,,,,,,,,,60.5850094,,Kirkkotie,hospital,,,,Marttilan terveysasema,,,,21490,,,,hospital,,,,,
,hospital,,,,,,,,24.5323477,,Kirkkonummi,,,,,,12,,,,,Masalan terveysasema,,,,,,,,,,,,,,,,60.1529838,Masaby hälsostation,Puolukkamäki,,,,,Masalan terveysasema,,,,02430,,,,,,,,,
,hospital,,,,,,,,24.7483004,,Espoo,,,,,,1,,,,,,,,,Bing,,,,,,yes,,,,,,60.1602640,,Matinkatu,yes,,,,Matinkylän terveysasema,,,,02230,,,,,,,,,
,hospital,,,,,,,,24.9103742,,,,HUS,,Mejlans sjukhus,,,Meilahden sairaala,,,,Meilahden sairaala-alue,,,,,Meilahden sairaala,,https://www.hus.fi/sairaanhoito/sairaalat/meilahden-sairaala-alue/Sivut/default.aspx,,,,,,,Meilahti Hospital,,60.1851199,Mejlans sjukhusområde,,,,,Meilahti hospital area,Meilahden sairaala-alue,,,,,yes,,,,Q30690613,yes,,,
,hospital,,,,,,,,27.2779482,,Mikkeli,,,,,,35-37,,,,,,,,,,,,,,,yes,,,,,,61.6929158,,Porrassalmenkatu,,,,,Mikkelin keskussairaala,,,,50100,,,,,,,,,
,hospital,,,,,,,,27.2763772,,,,,,,,,,,,,,,,,,,,,,,no,,,,,,61.6570625,,,,,,,Moision sairaala,,,,,,,,,,,,,
,hospital,,,,,,,,26.0311102,,,,,,,,,,,,,,,,,,,,,,,yes,,,,,,64.8126268,,,,,,,Muhoksen terveyskeskus,,,,,,,,hospital,,,,,
,hospital,,,,,,,,23.6818524,,Muonio,,Muonion-Enontekiön terveydenhuollon kuntayhtymä,,,,2,,,,,,,,,,,,http://www.muonio.fi/fi/hallinto/terveyskeskus.html,,,,,,+358 (0)16 534 111,,,67.9633092,,Ilttitie,,,,,Muonion terveyskeskus,,,,99301,,,,,,,,,
,hospital,,,,,,,,21.9790193,,,,,,,,10,,,,,,,,,,,,http://www.soteakseli.fi/mynamaen-terveyskeskus/,,,,,,+35824477600,,,60.6745635,,Kuivelantie,hospital,,,,Mynämäen terveyskeskus,,,,,,,,,,,,,
,hospital,,,,,,,,24.8550992,,Vantaa,Myyrmäen terveysasema,,,,,4,,,,5,,,,,,,,https://www.vantaa.fi/fi/sosiaali-_ja_terveyspalvelut/terveyspalvelut/terveysasemat/myyrmaen_terveysasema,,,yes,,,,,,60.2609129,,Jönsaksentie,yes,,,,Myyrmäen sosiaali- ja terveysasema,,,,01600,yes,,FI,,,,,,
,hospital,,,,,,,,26.8622530,,Mäntyharju,,,,,,3,,,,,,,,,,,,,,,,,,,,,61.4198422,,Sairaalantie,,,,,Mäntyharjun terveyskeskus,,,,52700,,,,,,,,,
,hospital,,,,,,,,24.6347896,,,,,,,,,,,,,,,,,,,,,,,yes,,,,,,62.0088711,,,,,,,Mäntän Aluesairaala,,,,,,,,,,,,,
,hospital,,,,,,,,25.9239066,,Nastola,,,,,,,,,,,,,,,,,,,,,yes,,,,,,60.9461484,,Pekkalantie,,,,,Nastolan terveysasema,,,,,,,,,,,,,
,hospital,,,,,,,,28.0965072,,,,,,,,,,,,,,,,,,,,,,,,,,,,,63.2007071,,,,,,,Nilsian Terveysasema,,,,,,,,,,,,,
,hospital,,,,,,,,23.5016963,,,,,,,,,,,,,,,,,,,,,,,,,,,,,61.4779730,,,,,,,Nokian terveyskeskus,,,,,,,,hospital,,,,,
,hospital,,,,,,,,24.8062410,,,,,,,,,,,,,,,,,,,,,,,,,,,,,60.4681503,,,hospital,,,,Nurmijärven terveyskeskus,,,,,,,,,,,,,
,hospital,,psychiatry,,,,,,25.5159690,,,,Pohjois-Pohjanmaan Sairaanhoitopiiri,,,,,,,,,OYS Psykiatria,,,,,,,https://www.ppshp.fi/psykiatria,,,yes,,,,,,65.0163548,OYS Psykiatri,,,,,OYS Psychiatry,OYS Psykiatria,,,,,,,,hospital,,,,,
,hospital,,,,,,,,25.1101172,,,,,,,,,,,,,,,,,,,,,,,,,,,,,60.5424754,,,,,,,Ohkolan sairaala,,,,,,,,hospital,,,,,
,hospital,,,,,,,,24.4374444,,,,,,,,1,,,,,,,,,,,,,,,,,,,,,61.0119196,,Veteraanipolku,yes,,,,Ojoisten terveysasema,,,,,,,,,,,,,
,hospital,,,,,,,,22.3770588,,,,,,,,,,,,,Oravaisten terveyskeskus,,,,Bing,,,,,,,,,,,,63.2974249,Oravais hälsovårdscentral,,yes,,,,Oravais hälsovårdscental,,,,,,,,,,,,,
,hospital,,,,,,,,25.7187641,,Orimattila,,,,,,,,,,,,,,,,,,,,,,,,,,,60.7983732,,,,,,,Orimattilan terveysasema,,,,,,,,,,,,,
,hospital,,general,,,,,,25.5147233,,,,,,,,50,,OYS,,,,,fi:Oulun yliopistollinen sairaala,,,,,https://www.ppshp.fi/,,,yes,,,,,,65.0083643,Uleåborgs Universitetssjukhus,Kajaanintie,,,,Oulu University Hospital,Oulun yliopistollinen sairaala,,,,90220,yes,,,hospital,Q3737020,,,,wlan
,hospital,,,,,,,,24.9646710,,Helsinki,,,,,,25,,,,3,Oulunkylän terveysasema,,,,,,1993,https://www.hel.fi/www/helsinki/fi/sosiaali-ja-terveyspalvelut/terveyspalvelut/terveysasemat/terveysasemien-yhteystiedot/oulunkylan-terveysasema,,,yes,,,,,,60.2281624,Åggelby hälsostation,Kylänvanhimmantie,yes,,,,Oulunkylän terveysasema,,,,00640,yes,,,,,yes,,,
,hospital,,,,,,,,29.0050731,,Outokumpu,,,,,,8,,,,,,,,,,,,,,,,,,,,,62.7334786,,Sairaalankatu,,,,,Outokummun terveysasema,,,,83500,,,FI,,,,,,
,hospital,,,,,,,,25.2762525,,,,,,,,,,,,,,,,,,,,,,,,,,,,,61.3569151,,,yes,,,,Padasjoen terveysasema,,,,,,,,hospital,,,,,
,hospital,,,,,,,,22.6875897,,,,,,,,1,,,,,,,,,,,,,,,,,,,,,60.4417127,,Terveyskeskuksentie,,,,,Paimion pääterveysasema,,,,,,,,,,,,,
,hospital,,,,,,,,25.7453836,,Jyväskylä,,,,,,25,,,,,,,,,,,,,,,no,,,+358 14 3366822,,,62.2880922,,Ritopohjantie,yes,,,,Palokan terveysasema,,,,40270,,,FI,,,,,,
,hospital,,,,,,,,24.0157116,,,,,,,,52,,,,,,,,,,,,,,,,,,,,,60.2658382,,Paloniementie,hospital,,,,Paloniemen sairaala,,,,,,,,,,,,,
,hospital,,,,,,,,29.4985985,,,,,,,,,,,,,,,,,,,,,,,,,,,,,61.5599528,,,,,,,Parikkalan terveyskeskus,,,,,,,,,,,,,
,hospital,,,,,,,,23.0256932,,,,,,,,,,,,,,,,,Bing,,,,,,,,,,,,62.0063424,,,hospital,,,,Parkanon Terveyskeskus,,,,,,,,,,,,,
,hospital,,,,,,,,25.0598903,,Vantaa,,,,,,1,,,,,Peijaksen sairaala,,fi:Peijaksen sairaala,,,,,,,,yes,,,+358 9 47167371,,,60.3299322,Pejas sjukhus,Sairaalakatu,,,,,Peijaksen sairaala,,,,01400,,,FI,,Q18661247,,,,
,hospital,,,,,,,,27.4866442,,Pelkosenniemi,,,,,,,,,,,,,,,,,,,,,,,,,,,67.1222901,,,,,,,Pelkosenniemen terveyskeskus,,,,,,,,,,,,,
,hospital,,,,,,,,23.0593861,,,,,,,,,,,,,,,,,Bing,,,,,,no,,,,,,62.5644817,,,yes,,,,Peräseinäjoen terveysasema,,,,,,,,,,,,,
,hospital,,,,,,,,23.6359253,,Pirkkala,,,,,,60,,,,,,,,,Bing,,,,,+356525072,yes,,,+356524000,,,61.4613517,Birkalas hälsovårdscentral,Lentoasemantie,,,,Pirkkala Health Centre,Pirkkalan terveyskeskus,,,,33960,yes,,,,,,,,
,hospital,,,,,,,,23.5738747,,,,,,,,,,,,,Pitkäniemen sairaala,,,,,,,,,,,,,,,,61.4801532,Pitkäniemi sjukhus,,,,,Pitkäniemi Hospital,Pitkäniemen sairaala,,,,,,,,,,,,,
,hospital,,,,,,,,29.7824768,,Joensuu,,,,,,16,,,,,,,,,,,,,,,yes,,,,,,62.5912666,,Tikkamäentie,,,,North Karelia Central Hospital,Pohjois-Karjalan keskussairaala,,,,80210,,,,,Q15939144,,,,
,hospital,,,,,,,,26.6245488,,Sairaalamäki,,,,,,3C,,,,,,,,,,,,,,,yes,,,,,,60.9121811,,Sairaalankuja,,,,North Kymi Hospital,Pohjois-Kymen sairaala,,,,45750,,,,,,,,,
,hospital,,,,,,,,24.8946789,,Helsinki,,,,,,2,,,,,Pohjola Sairaala,,,,,,,https://www.pohjolasairaala.fi/,,,,,,,,,60.2081865,Pohjola Sjukhus,Puutarhurinkuja,,,,Pohjola Hospital,Pohjola Sairaala,,,,00300,yes,,,,,,,,
,hospital,,,,,,,,25.6928004,,Porvoo,,,Больница г. Порвоо,,,1,,,,,Porvoon sairaala,,,,,,,,,,yes,,,+358 19 54821,,,60.3794666,,Sairaalantie,no,,,,Porvoon sairaala,,,,06200,,yes,,,,,,,
,hospital,,,,,,,,25.7565455,,,,,,,,,,,,,,,,,,,,,,,yes,,,,,,66.5195375,,,,,,,Pulkamontien terveysasema,,,,,,,,,,,,,
,hospital,,,,,,,,25.8683066,,,,,,,,,,,,,,,,,,,,,,,,,,,,,64.2775000,,,,,,,Pulkkilan terveyskeskus,,,,,,,,hospital,,,,,
,hospital,,,,,,,,28.1887853,,,,,,,,,,,,,,,,,,,,,,,,,,,,,61.5199946,,,,,,,Puumalan terveyskeskus,,,,,,,,,,,,,
,hospital,,,,,,,,25.9669049,,,,,,,,4,,,,,,,,,,,,,,,,,,,,,63.6825929,,Potilaspolku,,,,,Pyhäjärven terveyskeskus,,,,,,,,hospital,,,,,
,hospital,,,,,,,,29.9714530,,Hammaslahti,,,,,,22,,,,,,,,,,,,https://www.joensuu.fi/pyhaselan-terveysasema,,,,,,,,,62.4398091,,Sähkötie,,,,,Pyhäselän terveysasema,,,,82200,,,,,,,,,
,hospital,,general;emergency,,,,,,25.5698825,,Lahti,,Päijät-Hämeen hyvinvointiyhtymä,,,,7,,,,,,public,,,lahti aerial,,,,,,yes,,,,,,60.9927018,,Keskussairaalankatu,yes,,,,Päijät-Hämeen keskussairaala,,,,15850,,,,hospital,,,,,
,hospital,,,,,,,,24.4723725,,,,,,,,,,,,,,,,,,,,,,,yes,,,,,,64.6963745,,,,,,,Raahen aluesairaala,,,,,,,,,,,,,
,hospital,,,,,,,,22.1406330,,Raisio,,Turun yliopistollinen keskussairaala,,,,5,,,,,Raision sairaala,,,,,,,,,,no,,,,,,60.5026484,Reso sjukhus,Sairaalakatu,,,,,Raision sairaala,,,,,,,,hospital,,,,,
,hospital,,,,,,,,25.4210621,,,,,,,,,,,,,,,,,,,,,,,,,,,,,65.0667209,,,,,,,Rajakylän sosiaali- ja terveysasema,,,,,,,,,,,,,
,hospital,,,,,,,,24.7519333,,Rajamäki,,,,,,2,,,,1,,,,,,,,,,,,,,,,,60.5289353,,Kievarintie,,,,,Rajamäen terveysasema,,,,05200,,,,hospital,,,,,
,hospital,,,,,,,,29.8159216,,,,,,,,,,,,,,,,,,,,,,,,,,,,,62.6142407,,,yes,,,,Rantakylän terveysasema,,,,,,,,,,,,,
,hospital,,,,,,,,28.2988066,,,,,,,,,,,,,,,,,,,,,,,,,,,,,62.0626339,,,,,,,Rantasalmen terveysasema,,,,,,,,hospital,,,,,
,hospital,,,,,,,,23.6308807,,Alavus,,Kuusiolinna Terveys,,,,3,,,,,,,,,,,,https://www.kuusiolinna.fi/tyoterveyshuolto/rantatoysa,,,no,,,,,,62.6383132,,Annalantie,yes,,,,Rantatöysän työterveysasema,,,,63410,,,,,,,,,
,hospital,,,,,,,,25.6484620,,,,,,,,,,,,,,,,,,,,,,,,,,,,,64.5111185,,,,,,,Rantsilan terveyskeskus,,,,,,,,hospital,,,,,
,hospital,,,,,,,,23.4398687,,,,,,,,,,,,,Raaseporin sairaala,,,,,,,,Länsi-Uudenmaan sairaala,,yes,Västra Nylands sjukhus,,,,,59.9695285,Raseborgs sjukhus,,,,,,Raseborgs sjukhus,,,,,,,,,,,,,
,hospital,,,,,,,,21.5216729,,Rauma,,Rauman kaupunki,,,,2,,,,,,,,,,,,https://www.rauma.fi/sosiaali-ja-terveyspalvelut/terveyspalvelut/,,,yes,,,,,,61.1315395,,Steniuksenkatu,,,,,Rauman terveyspalvelut,,,,26100,,,,,,,,,
,hospital,,,,,,,,24.7775671,,,,,,,,,,,,,,,,,,,,,,,,,,,,,60.7435526,,,,,,,Riihimäen seudun terveyskeskus,,,,,,,,,,,,,
,hospital,,,,,,,,24.0759121,,,,,,,,56,,,,,,,,,http://www.ruovesi.fi/kartat/pkartta.htm,,,,,,,,,,,,61.9823360,,,yes,,,,Ruoveden terveysasema,,,,,,,,,,,,,
,hospital,,,,,,,,24.0110653,,Ruutana,,,,,,3,,,,,,,,,,Ruutanan terveyskeskus,,,,+358 3 376 1562,no,,,+358 3 5655 4011,,,61.5284577,,Leppätie,,,,,Ruutanan OmaAsema,,,,36110,,,,hospital,,,,,
,hospital,,,,,,,,29.6317901,,Rääkkylä,,,,,,22,,,,,,,,,,,,,,,,,ark. 8-16,030 105550,,,62.3136872,,Kinnulantie,,,,,Rääkkylän terveyskeskus,,,,,yes,,,hospital,,yes,,,
,hospital,,,,,,,,27.4424487,,Kemijärvi,,,,,,,,,,,,,,,,,,,,,yes,,,,,,66.7047039,,Sairaalakatu,hospital,,,,Sairaala Lapponia Kemijärvi,,,,,,,,,,,,,
,hospital,,,,,,,,24.9084219,,Helsinki,,,,,,10,,,,,Sairaala Orton,,,,,,,,,,no,,,,,,60.2027005,Orton sjukhus,Tenholantie,,,,Orton Hospital,Sairaala Orton,,,,00280,,,,hospital,,,,,
,hospital,,,,,,,,28.6713264,,Salla,,Sallan kunta,,,,3,,,,,,,,,,,,,,,yes,,,+358 40 5207 390,,,66.8248666,,Jungintie,,,,,Sallan terveyskeskus,,,,98900,,,,,,,,,
,hospital,,,,,,,,23.1295559,,,,,,,,,,,,,,,,,,,,,,,yes,,,,,,60.3752513,,,,,,Salo Regional Hospital,Salon aluesairaala,,,,,,,,,,,,,
,hospital,,,,,,,,24.6547687,,Espoo,,,,,,2,,,,,Samarian terveyskeskus,,,,,,,https://www.espoo.fi/fi-FI/Sosiaali_ja_terveyspalvelut/Terveyspalvelut/Terveysasemat/Samarian_terveysasema__Espoon_keskus,,,,,,+358 9 816 32600,,,60.2022288,Hälsostationen Samaria i Esbo centrum,Terveyskuja,yes,,,Samaria Health Centre,Samarian terveyskeskus,,,,02770,yes,,,,,yes,,,
,hospital,,,,,,,,25.0400906,,,,,,,,,,,,,,,,,,,,,,,,,,,,,60.1498601,,,,,,,Santahaminan terveysasema,,,,,,,,,,,,,
,hospital,,,,,,,,22.6969191,,,,,,,,,,,,,,,,,,,,,,,,,,,,,60.3446331,,,,,,,Sauvon terveyskeskus,,,,,,,,,,,,,
,hospital,,,,,,,,27.6760267,,Savitaipale,,Etelä-Karjalan sosiaali- ja terveyspiiri,,,,7,,,,,,,,,,,,,,,,,Mo-Th 08:00-16:00; Fr 08:00-15:00,+358 (0)5 352 1200,,,61.2005814,,Maitolantie,,,,,Savitaipaleen hyvinvointiasema,,,,54800,yes,,,,,,,,
,hospital,,,,,,,,28.8503828,,Savonlinna,,,,,,6,,,,,Savonlinnan keskussairaala,,fi:Savonlinnan keskussairaala,,,,,https://www.isshp.fi/yhteystiedot/sairaala/,,,yes,,,+358 15 527 2000,,,61.8707325,,Keskussairaalantie,,,,Savonlinna Central Hospital,Savonlinnan keskussairaala,,,,57120,,,,,Q18661910,,,,
,hospital,,,,,,,,28.8462831,,Savonlinna,,,,,,8,,,,,,,,,,,,https://www.isshp.fi/yhteystiedot/terveysasemat/savonlinnan-paaterveysasema/,,,no,,,+358 15 527 7112,,,61.8744799,,Pihlajavedentie,,,,,Savonlinnan pääterveysasema,,,,57120,,,,,,,,,
,hospital,,,,,,,,22.8183402,,,,,,,,,,,,,Seinäjoen keskussairaala,,,,,,,,,,yes,,,,,,62.7727820,Seinäjoki centralsjukhus,,,,,Seinäjoki Central Hospital,Seinäjoen keskussairaala,,,,,yes,,,hospital,,,,,
,hospital,,,,,,,,29.7286192,,Joensuu,,Siun Sote,,,,17,,,,,,,,,,,,http://www.siunsote.fi/,,,,,,,,,62.6151254,,Noljakantie,,,,,Siilaisen terveysasema,,,,80130,,,FI,,,,,,
,hospital,,,,,,,,26.5618147,,Sodankylä,,,,,,,,,,,,,,,,,,,,,,,,,,,67.4295027,,,,,,,Sodankylän terveyskeskus,,,,,,,,hospital,,,,,
,hospital,,,,,,,,24.2076210,,,,,,,,,,,,,,,,,,,,,,,yes,,,,,,62.8717081,,,yes,,,,Soinin Terveysasema,,,,,,,,,,,,,
,hospital,,,,,,,,23.4948196,,,,,,,,38,,,,,,,,,MML2017,,,,,,,,,,,,60.6322811,,Turuntie,yes,,,,Someron terveyskeskus,,,,,,,,,,,,,
,hospital,,,,,,,,27.5235984,,Sonkajärvi,,,,,,4,,,,,,,,,,,,,,,,,,,,,63.6704186,,Taivallahdentie,,,,,Sonkajärven terveyskeskus,,,,74300,,,,,,,,,
,hospital,,general,,,,,,28.3909932,,Sotkamo,,,,,,9,,,,,,,,,,,,,,,yes,,,,,,64.1325095,,Keskuskatu,,,,,Sotkamon terveyskeskus,,,,88600,,,,hospital,,,,,
,hospital,,,,,,,,28.8936457,,,,,,,,,,,,,,,,,,,,,,,,,,,,,64.8821723,,,,,,,Suomussalmi terveyskeskus,,,,,,,,hospital,,,,,
,hospital,,,,,,,,27.1177298,,,,Sisä-Savon terveydenhuollon kuntayhtymä,,,,,,,,,,,,,,,,,,,,,,,,,62.6297647,,,,,,,Suonenjoen terveyskeskus,,,,,,,,,,,,,
,hospital,,,,,,,,24.9317947,,Helsinki,,,,,,3,,,,,Suursuon sairaala,,,,,,,,,,,,,,,,60.2343308,Storkärrs sjukhus,Suursuonlaita,,,,,Suursuon sairaala,,,,00630,,,,,,,,,
,hospital,,,,,,,,25.7125403,,,,,,,,,,,,,,,,,,,,,,,,,,,,,62.2315940,,,yes,,,,Sädesairaala,,,,,,,,,,,,,
,hospital,,,,,,,,22.4983826,,,,,,,,,,,,,,,,,,,,,,,no,,,,,,60.0190205,,,yes,,,,Taalintehtaan terveysasema,,,,,,,,,,,,,
,hospital,,,,,,,,28.2309459,,,,,,,,,,,,,,,,,,,,,,,,,,,,,65.5687700,,,yes,,,,Taivalkosken terveyskeskus,,,,,,,,,,,,,
,hospital,,,,,,,,23.7705612,,Tammela,,Forssan seudun hyvinvointikuntayhtymä,,,,1,,,,,,,,,,,,http://www.fshky.fi/,,,,,,,,,60.8079609,,Einarintie,,,,,Tammelan terveysasema,,,,31300,,,,hospital,,,,,
,hospital,,,,,,,,23.8104948,,Tampere,,,Университетская больница Тампере,,,35,,,,,Tampereen yliopistollinen sairaala,,fi:Tampereen yliopistollinen sairaala,,,,,https://www.tays.fi/,,+358 3 311 64369,,,,+358 3 311 611,,,61.5058564,Tammerfors universitetssjukhus,Teiskontie,,,,Tampere University Hospital,Tampereen yliopistollinen sairaala,,,,33520,yes,,,hospital,Q11896324,,,,
,hospital,,,,,brown,,,24.7975783,,Espoo,,,,,,2,,,,3,Tapiolan terveysasema,,,,,,,,,,,,,09-8163811,,,60.1785499,Hagalunds hälsostation,Ahertajantie,yes,,,Tapiola Health Centre,Tapiolan terveysasema,,,,02100,,,FI,,,,,,
,hospital,,,,,,,,27.6618650,,,,,,,,,,,,,,,,,,,,,,,no,,,,,,63.0675068,,,,,,,Tarinan sairaala,,,,,,,,hospital,,,,,
,hospital,,,,,,,,24.6209976,,,,,,,,,,,,,,,,,,,,,,,,,,,,,60.8182114,,,yes,,,,Tervakosken terveysasema,,,,,,,,,,,,,
,hospital,,,,,,,,29.1467759,,,,,,,,,,,,,,,,,,,,,,,no,,,,,,66.2987646,,,,,,,Terveysasema,,,,,,,,hospital,,,,,
,hospital,,,,,,,,24.5538788,,,,,,,,,,,,,,,,,,,,,,,,,,,,,65.7556342,,,,,"Name, details",,Terveysasema,,,,,,,,hospital,,,,,
,hospital,,,,,,,,26.7449238,,,,,,,,,,,,,,,,,,,,,,,,,,,,,63.2417148,,,,,,,Terveyskeskus,,,,,,,,,,,,,
,hospital,,,,,,,,24.2320307,,Siuntio,,,,,,5,,,,,,,,,,,,,,,,,,,,,60.1359919,,Charlotta Lönnqvistin tie,,,,,Terveyskeskus,,,,02580,,,,hospital,,,,,
,hospital,,,,,,,,24.0834018,,,,,,,,,,,,,,,,,,,,,,,,,,,,,61.4589187,,,yes,,,,Terveyskeskus,,,,,,,,,,,,,
,hospital,,,,,,,,24.7162997,,Kauniainen,,,,,,19,,,,,,,,,,,,,,,,,,,,,60.2146561,,Asematie,yes,,,,Terveyskeskus,,,,02700,yes,,,,,,,,
,hospital,,,,,,,,24.6108829,,Mänttä,,,,,,,,,,,,,,,,,,,,,,,,,,,62.0361096,,,,,,,Terveyskeskus,,,,,,,,hospital,,,,,
,hospital,,,,,,,,28.2914915,,,,,,,,,,,,,,,,,,,,,,,,,,,,,63.4981986,,,,,,,Terveyskeskus,,,,,,,,hospital,,,,,
,hospital,,,,,,,,29.2565423,,Juuka,,Juuka,,,,,,,,,,,,,,,,,,,,,,,,,63.2416383,,,,,,,Terveyskeskus,,,,,,,,hospital,,,,,
,hospital,,,,,,,,27.0085662,,,,,,,,,,,,,,,,,,,,,,,,,,,,,64.1789623,,,,,,,Terveyskeskus,,,,,,,,hospital,,,,,
,hospital,,,,,,,,25.2051216,,,,,,,,,,,,,,,,,,,,,,,,,,,,,65.6027505,,,,,,,Terveyskeskus,,,,,,,,hospital,,,,,
,hospital,,,,,,,,25.0052815,,,,,,,,,,,,,,,,,,,,,,,,,,,,,61.0887264,,,,,,,Terveyskeskus,,,,,,,,,,,,,
,hospital,,,,,,,,25.6799149,,,,,,,,,,,,,,,,,,,,,,,,,,,,,61.5078085,,,yes,,,,Terveyskeskus,,,,,,,,,,,,,
,hospital,,,,,,,,24.4294118,,,,,,,,,,,,,,,,,,,,,,,,,,,,,63.2082860,,,,,,,Terveyskeskus,,,,,,,,,,,,,
,hospital,,,,,,,,24.8105289,,Tervola,,,,,,,,,,,,,,,,,,,,,,,,,,,66.0855964,,Keskustie,,,,,Tervolan Terveyskeskus,,,,95300,,,,,,,,,
,hospital,,,,,,,,24.9003116,,,,,,,,,,,,,,,,,,,,,,,,,,,,,60.1995855,,,,,,,Tilkka,,,,,,,,,Q15919889,,,,
,hospital,NLS.fi Topographic Database,,,,,,,24.2508782,,,,,,,,,,,,,,,,,,,,,,,no,,,,,,63.7762275,,,yes,,,,Toholammin terveyskeskus,,,,,,,,hospital,,,,,
,hospital,,general;paediatrics;dentistry;maternity;psychiatry,,,,,,23.8720599,,akaa,,Akaan kaupunki,,,,2,,,,,,,,,,,,,,+358 3 5691 2715,,,Mo-Fr 08:00-16:00,+358 40 335 2702,,,61.1750695,,Akaantie,,,,,Toijalan terveysasema ja sairaala,,,,37800,,,,hospital,,,,,
,hospital,,,,,,,,22.2721520,,,,,,,,,,,,,Turun kaupunginsairaala,,fi:Turun kaupunginsairaala,,,,,,,,,,,,,,60.4402699,Åbo stadssjukhus,,,,,,Turun kaupunginsairaala,,,,,yes,,,hospital,Q23040341,,,,
ÅUCS,hospital,,,,,,,,22.2967236,,Turku,,Varsinais-Suomen sairaanhoitopiiri,,,,4-8,,TYKS,fi:Varsinais-Suomen sairaanhoitopiiri,,Turun yliopistollinen keskussairaala,,fi:Turun yliopistollinen keskussairaala,,,,,http://www.tyks.fi/,,,yes,,,,,,60.4516891,Åbo universitetscentralsjukhus,Kiinamyllynkatu,,survey,,Turku University Hospital,Turun yliopistollinen keskussairaala,,,,20520,,,,hospital,Q3736764,,Q18691489,,
,hospital,,,,,,,,21.4235374,,,,,,,,,,,,,,,,,,,,,,,yes,,,,,,60.7969317,,,,,,Vakka-Suomi Hospital,Tyks Vakka-Suomen sairaala,,,,,,,,,,,,,
,hospital,,,,,,,,22.8294633,,,,,,,,,,,,,,,,,,,,,,,,,,,,,62.7649865,,,,,,,Törnävän sairaala,,,,,,,,hospital,,,,,
,hospital,,,,,,,,24.9202399,,Helsinki,,,,,,,,,,,Töölön sairaala,,,,,,,,,,,,,,,,60.1816886,Tölö sjukhus,,,,,,Töölön sairaala,,,,,,,,,,,,,
,hospital,,,,,,,,21.8871615,,,,,,,,,,,,,,,,,,,,,,,,,,,,hospital,61.4325172,,,yes,,,,Ulvilan terveysasema,,,,,,,,,,,,,
,hospital,,,,,,,,23.5618088,,Urjala,,,,,,9,,,,,,,,,,,,https://www.akaa.fi/terveys-ja-perusturva/terveyspalvelut/laakarien-vastaanotto/,,,yes,,,+358 40 335 2702,,,61.0830089,,Sairaalantie,hospital,,,,Urjalan terveysasema,,,,31760,,,,hospital,,,,,
,hospital,,,,,,,,26.8291514,,,,,,,,,,,,,,,,,,,,,,,,,,,,,64.5586532,,,,,,,Vaalan terveysasema,,,,,,,,hospital,,,,,
,hospital,,,,,,,,21.6115585,,,,,,,,,,,,,Vaasan keskussairaala,,,,,,,https://www.vaasankeskussairaala.fi/,,,yes,,,,,,63.0855604,Vasa centralsjukhus,,,,,Vaasa Central Hospital,Vaasan keskussairaala,,,,,yes,,,hospital,,,,,
,hospital,,,,,,,,24.0293647,,Valkeakoski,,Tays,,,,24,,,,,,,,,,,,https://www.tays.fi/fi-FI/Toimipaikat/Tays_Valkeakoski,,,yes,,,,,,61.2715737,,Salonkatu,,,,Valkeakosken Regional Hospital,Valkeakosken sairaala,,,,37600,,,,,,,,,
,hospital,,,,,,,,22.9238228,,Sastamala,,Pirkanmaan sairaanhoitopiiri,,,,2,,,,,,,fi:Vammalan aluesairaala,,,,,https://www.pshp.fi/fi-FI/Toimipaikat/Vammalan_sairaala,,,yes,,,+358 3 311 615,,,61.3375440,,Itsenäisyydentie,,,,,Vammalan sairaala,,,,38200,,,,hospital,Q18662686,,,,
,hospital,,,,,,,,27.7539489,,Varpaisjärvi,,,,,,3,,,,,,,,,,,,,,,,,,,,,63.3597020,,Mäkitie,hospital,,,,Varpaisjärven terveysasema,,,,73200,,,,,,,,,
,hospital,,,,,,,,25.6213385,,,,,,,,,,,,,,,,,,,,,,,,,,,,,60.9690728,,,yes,,,,Varuskuntasairaala,,,,,,,,,,,,,
,hospital,,,,,,,,21.6711863,,Vehmaa,,,,,,15,,,,,,,,,,,,,,,,,,,,,60.6880711,,Margaretantie,,,,,Vehmaan terveyskeskus,,,,23210,,,,hospital,,,,,
,hospital,,,,,,,,26.9868892,,,,,,,,,,,,,,,,, MML,,,,,,yes,,,,,,61.1135940,,,hospital,,,,Vekaranjärven terveysasema,,,,,,,,,,,,,
,hospital,,,,,,,,24.7424014,,Espoo,,,,,,1,,,,4,,,,,,,,,,,yes,,,,,,60.2275522,,Kievarinpolku,yes,,,,Viherlaakson terveysasema,,,,02710,,,,,,,,,
,hospital,,,,,,,,25.8510985,,,,,,,,,,,,,,,,,,,,,,,,,,,,,63.0708637,,,yes,,,,Viitasaaren terveyskeskus,,,,,,,,,,,,,
,hospital,,,,,,,,23.7591526,,,,,,,,,,,,,,,,,,,,,,,yes,,,,,,62.2402184,,,yes,,,,Virtain Terveyskeskus,,,,,,,,,,,,,
,hospital,,,,,,,Ylioppilaiden terveydenhoitosäätiö,24.8325033,,Espoo,,,,,,12,,,,,,,,,,,,,,,,,,,,,60.1910521,,Otakaari,,,,,YTHS,,,,02150,,,,hospital,,,,,
,hospital,,,,,,,,25.8389529,,Yli-Ii,,,,,,,,,,,,,,,,,,,,,,,,,,,65.3711144,,Kirkkokuja,,,,,Yli-Iin terveyskeskus,,,,,,,,hospital,,,,,
,hospital,,,,,,,,22.8041970,,,,,,,,,,,,,,,,,,,,,,,,,,,,,63.1471922,,,,,,,Ylihärmän terveysasema,,,,,,,,,,,,,
,hospital,,,,,,,,23.6737317,,Ylitornio,,,,,,,,,,,,,,,,,,http://www.ylitornio.fi/palvelut/perusturvatoimi/terveyskeskus.html,,,,,,,,,66.3190524,,Rajantie,,,,,Ylitornion terveyskeskus,,,,95600,,,,hospital,,,,,
,hospital,,,,,,,,23.5988498,,Ylöjärvi,,,,,,10,,,,,,,,,,,,,,,yes,,,,,,61.5475787,,Mikkolantie,,,,,Ylöjärven terveyskeskus,,,,33470,,,,,,,,,
,hospital,,,,,,,,24.0732703,,Ähtäri,,,,,,4-6,,,,,Ähtärin sairaala,,,,MML,,,,,,yes,,,,,,62.5529632,,Sairaalantie,yes,,,,Ähtärin sairaala,,,,,yes,,,,,,,,
,hospital,,,,,,,,22.2753677,,Turku,,Varsinais-Suomen sairaanhoitopiiri,,,,13,,,,,Turunmaan sairaala,,fi:Turunmaan sairaala,,,,,,,,,,,,,,60.4444124,Åbolands sjukhus,Kaskenkatu,,,,,Åbolands sjukhus,,,,,,,,hospital,Q23040343,,,,
,hospital,,,,,,,,19.9301486,,,,,,,,,,,,,,,,,,,,,,,yes,,,,,,60.1140735,,,,,,,Ålands hälso och sjukvård,,,,,,,,,,,,,
