shop,amenity,drive_through,lon,contact:website,old_name,payment:debit_cards,payment:cash,building:roof:shape,operator,payment:credit_cards,brand:wikipedia,addr:housenumber,building:levels,opening_hours,contact:phone,addr:housename,note,source,payment:cheque,brand:wikidata,addr:street,email,website,addr:postal_district,fax,is_in,contact:email,building:roof,brand,contact:facebook,phone,craft,building:use,contact:twitter,smoking,lat,addr:city,building,contact:fax,fixme,year_built,name,wheelchair:description,level,addr:postcode,wheelchair,source:geometry,start_date,payment:contactless,dispensing,healthcare,building:cladding,addr:country
,pharmacy,no,-6.2909477,,,,,,John Boles,,,390,2,,,,,,,,South Circular Road,,,,,,,,,,+353-1-4532053,,,,,53.3334352,Dublin,yes,,,,A C Boles,,,,,,,,yes,pharmacy,,
,pharmacy,no,-7.4924776,,,yes,yes,,,yes,,,3,Mo-Sa 09:30-18:00,,,,,yes,,Bridge Street,,,,,,,,,,+353579321114,,,,,53.2749770,Tullamore,yes,,,,Adam's Pharmacy,,,,yes,,,yes,yes,pharmacy,,
,pharmacy,no,-6.2592897,,,,,,,,,14,,,,,,,,,Drumcondra Road Lower,,,,,,,,,,,,,,,53.3623689,Dublin,yes,,,,Advance Pharmacy,,,,,,,,yes,pharmacy,,
,pharmacy,no,-7.2402573,,,,,,,,,,,,,,,approximated to surveyed roads around,,,,,,,,,,,,,,,,,,52.2310106,,retail,,,,Andrew Bridgett Pharmacy,,,,,,,,yes,pharmacy,,
,pharmacy,no,-8.7481183,,,,,,,,,,,,,,,Bing,,,,,,,,,,,,,,,,,,53.2986519,,retail,,,,Athenry Pharmacy,,,,,,,,yes,pharmacy,,
,pharmacy,no,-6.1228857,,,,,,,,,,,,,,,,,,,,,,,,,,,,,,,,,53.2872685,,yes,,,,B Glennon,,,,,,,,yes,pharmacy,,
,pharmacy,,-7.2612470,,,,,,,,,,,,,,,,,,,,,,,,,,,,,,,,,52.6578494,,yes,,,,B. MacEneaney Limited,,,,,,,,yes,pharmacy,,
,pharmacy,,-8.5163942,,,,,,,,,,,,,,,local knowledge,,,O'Connell Street,,,,,,,,,,,,,,,54.0891158,Ballymote,yes,,,,Ballymote Pharmacy,,,,,,,,yes,,,
,pharmacy,,-7.2989391,,,,,,,,,,,,,,,visual survey;bing,,,,,,,,,,,,,,,,,,53.6795085,,retail,,,,Barry's Pharmacy,,,,,,,,,,,
,pharmacy,,-7.0928044,,,,,,,,,,,,,,,,,,,,,,,,,,,,,,,,,53.6120510,,retail,,,,Barrys Pharmacy,,,,,,,,,,,
,pharmacy,no,-6.5383811,,,,,,,,,,,,,,,,,,,,,,,,,,,,,,,,,53.3397947,,yes,,,,Blake's Pharmacy,,,,,,,,no,pharmacy,,
,pharmacy,no,-6.2590245,,,,,,A.C. Boles Ltd.,,,20,,,,,,,,,Drumcondra Road Lower,,,,,,,,,,,,,,,53.3624891,Dublin,yes,,,,Boles Pharmacy,,,,,,,,yes,pharmacy,,
,pharmacy,no,-6.2595192,,HCR,,,,,,en:Boots UK,12,,Mo-We 08:00-20:00; Th 08:00-21:00; Fr 08:00-20:00; Sa 08:30-19:00; Su 11:00-19:00,,,,,,Q6123139,Grafton Street,,https://www.boots.ie/,,,,,,Boots,,+353-1-6773000,,,,,53.3425365,Dublin,retail,,,,Boots,,,,yes,,,,yes,pharmacy,,
,pharmacy,no,-7.4923276,,,,,,,,,1,2,"Mo-We,Sa 09:00-18:00, Th,Fr 09:00-20:00, Su 12:00-18:00",,,,,,,Church Street,,,,,,,,,,+353-57-9327883,,,,,53.2751889,Tullamore,yes,,,,Boots,,,,,,,,yes,pharmacy,,
,pharmacy,no,-6.2274164,,,,,,,,,6,,,,,,,,,Thorncastle Street,,,,,,,,,,,,,,,53.3419872,,yes,,,,Bradley's Pharmacy,,,,,,,,yes,pharmacy,,
,pharmacy,,-9.2893234,,,,,,Michelle Quinn,,,,,,,,,,,,,,,,,,,,,,,,,,,53.0291682,,retail,,,,Burren Pharmacy,,,,,,,,yes,,,
,pharmacy,,-8.4725514,,,,,,,,,,,,,,,bing;survey,,,,,,,,,,,,,,,,,,52.5933585,,,,,,Caherconlish Pharmacy,,,,,,,,yes,,,
,pharmacy,,-6.2687198,,,,,,,,,138,,Mo-Fr 09:30-18:30; Sa 10:00-18:00; Su Off,,,,,,,Capel Street,,,,,,,,,https://www.facebook.com/capelstreetpharmacy/,+353-1-551-0001,,,,,53.3479067,Dublin,yes,,,,Capel Street Pharmacy,,,,,,,,,pharmacy,,IE
,pharmacy,,-9.1452970,,,,,,,,,,,,,,,,,,,,https://www.careplus.ie,,,,,,,,,,,,,51.9365193,,yes,,,,CarePlus,,,,,,,,yes,pharmacy,,
,pharmacy,no,-7.7948123,,,,,,,,,,,,,,,,,,,,,,,,,,,,,,,,,55.1770240,,yes,,,,Carrigart Pharmacy,,,,,,,,yes,pharmacy,,
,pharmacy,,-6.4508600,,,,,,,,,,,,,,,,,,,,,,,,,,,,,,,,,52.3836195,,yes,,,,Castlebridge Pharmacy,,,,,,,,yes,pharmacy,,
,pharmacy,no,-7.8116967,,,,,,,,,,,,,,,,,,,,,,,,,,,,,,,,,52.6791315,,yes,,,,Catherine Maher,,,,,,,,yes,pharmacy,,
,pharmacy,no,-6.2654827,,,,,,,,,14,,Mo-Fr 09:00-21:00; Sa 11:00-19:00,,,,,,,Dame Street,,https://citypharmacy.ie/,,,,,,,,+353-1-670-4523,,,,,53.3440711,,,,,,City Pharmacy,,,,,,,,yes,pharmacy,,
,pharmacy,,-7.4847026,,,,,,,,,,,,,,,,,,,,,,,,,,,,,,,,,53.2630743,,yes,,,,Clonminch Pharmacy,,,,,,,,yes,,,
,pharmacy,no,-6.1964343,,,,,,,,,,,,,,,,,,Clontarf Road,,,,,,,,,,,,,,,53.3593750,,commercial,,,,Clontarf Pharmacy,,,,,,,,,,,
,pharmacy,,-8.0383913,http://cloughjordanpharmacy.ie/,,,,,,,,,,Mo-Fr 09:30-18:00; Sa 09:30-13:00,+353 505 42511,,,,,,,,,,,Cloughjordan,info@cloughjordanpharmacy.ie,,,,,,,,,52.9427155,,yes,+353 505 42783,,,Cloughjordan Pharmacy,,,,,,,,yes,,,
,pharmacy,no,-8.1212991,,,,,,,,,,,,,,,Survey,,,,,,,,,,,,,,,,,,51.8632007,Cloyne,yes,,,,Cloyne Pharmacy,,,,,,,,yes,pharmacy,,
,pharmacy,no,-8.7645186,,,,,,,,,,,,,,,,,,,,,,,,,,,,,,,,,53.7629652,,house,,,,Colleran's Pharmacy,,,,,,,,yes,pharmacy,,
,pharmacy,,-8.4930264,,,,,,,,,,,,,,,,,,,,,,,,,,,,,,,,,54.1840956,,yes,,,,Collooney Pharmacy,,,,,,,,,,,
,pharmacy,no,-7.9350231,,,,,,,,,,,,,,,,,,,,,,,,,,,,,,,,,53.4259380,,shop,,,,Cooley's The Crescent,,,,,,,,yes,pharmacy,,
,pharmacy,no,-6.1542756,,,,,,,,,105,3,Mo-Fr 09:00-19:00; Sa 09:00-18:00; Su Off,,,,,,,Monkstown Road,meds@cosgrovespharmacy.com,https://cosgrovespharmacy.com/,,,,,,,,+353-1-2801106,,,,,53.2935702,,retail,,,,Cosgrove's Pharmacy,,0,,no,,1994-12-02,,yes,pharmacy,,
,pharmacy,,-6.2304208,,,,,,,,,25,,,,,,,,,Marino Mart,,,,,,,,,,,,,,,53.3645155,,yes,,,,Costello's Pharmacy,,,,,,,,,pharmacy,,
,pharmacy,no,-9.2600587,,,,,,,,,,,,,,,,,,Main Street,,,,,,,,,,,,,,,51.6609696,Drimoleague,yes,,,,Crowley,,,,,,,,,pharmacy,,
,pharmacy,no,-8.7666880,,,,,,totalhealth,,,,,,,,,,,,,,,,,,,,,,,,,,,53.7638081,,yes,,,,Curleys Pharmacy,,,,,,,,yes,pharmacy,,
,pharmacy,,-8.5160234,,,,,,,,,,,,,,,local knowledge,,,O'Connell Street,,,,,,,,,,,,,,,54.0892841,Ballymote,yes,,,,Currid's Pharmacy,,,,,,,,yes,,,
,pharmacy,,-6.1030857,,,,,,,,,,,,,,,,,,,,,,,,,,,,,,,,,53.2767825,,retail,,,,Dalkey Pharmacy,,,,,,,,,,,
,pharmacy,no,-6.2850181,,,,,,,,,109,,,,,,,,,Cabra Road,,,,,,,,,,,,,,,53.3612766,Dublin,retail,,,,Daly's Pharmacy,,,,,,,,yes,pharmacy,,IE
,pharmacy,,-7.3180881,,,,,,,,,1,,,,,,,,,Brown Street,,,,,,,,,,+353-51-387108,,,,,52.2878155,,yes,,,,Dermot O'Neill Pharmacy,,,,,,,,,,,
,pharmacy,no,-7.8116111,,,,,,,,,,,,,,,survey,,,,,,,,,,,,,,,,,,52.6794334,,yes,,,,Devlins,,,,,,,,yes,pharmacy,,
,pharmacy,,-9.5234012,,,,,,,,,,,Mo-Fr 09:00-18:30; Sa 09:00-18:00; Su 12:30-14:00,,,,,,,High Street,,https://www.dohertyspharmacy.com/,,,,,,,,+353-98-25003,,,,,53.7984399,,yes,,,,Dohertys Pharmacy,,,,,,,,,pharmacy,,
,pharmacy,,-8.4592091,,,,,,,,,,,,,,,,,,,,,,,,,,,,,,,,no,51.8895861,,,,,,Douglas Road Pharmacy,,,,,,,,yes,pharmacy,,
,pharmacy,no,-6.2527420,,,,,,,,,6,,Mo-We 08:00-19:30; Th 08:00-20:00; Fr 08:00-19:30; Sa 09:00-18:30; Su Off,,,,,,,Baggot Street Lower,,,,,,,,,,,,,,,53.3379895,Dublin,retail,,,,Dowling's Pharmacy,,,,,,,,yes,pharmacy,,
,pharmacy,no,-6.1958972,,,,,,A. Doyle,,,3,,,,,,,,,Vernon Avenue,,,,,,,,,,+353-1-8333269,,,,,53.3593634,,commercial,,,,Doyle's Pharmacy,,,,,,,,,,,
,pharmacy,no,-7.4937039,,,,,,,,,,3,Mo-Sa 09:00-18:30,,,,,,,Patrick Street,,,,,,,,,,+353-57-9321540,,,,,53.2756620,,yes,,,,Fahey's Pharmacy,,,,,,,,yes,pharmacy,,
,pharmacy,no,-6.2172647,,,,,,,,,63,2,,,,,Bing,,,Clontarf Road,,,,,,,,,,,,,,,53.3624138,,commercial,,,,Foleys of Clontarf Pharmacy,,,,,,,,yes,pharmacy,,
,pharmacy,,-7.8865293,,,,,,,,,,,,,,,,,,,,,,,,,,,,,,,,,52.5174373,,yes,,,,Friary Pharmacy,,,,,,,,no,pharmacy,,
,pharmacy,,-7.7431803,,,,,,,,,,,,,,,,,,,,,,,,,,,,,,,,,54.9573610,,,,,,Glencar Pharmacy,,,,,,,,yes,,,
,pharmacy,no,-8.4590878,,,,,,,,,,,,,,,,,,,,,,,,,,,,,,,,,51.9191934,,retail,,,,Glenheights Pharmacy,,,,,,,,yes,pharmacy,,
,pharmacy,,-8.5294055,,,,,,,,,,,,,,,,,,,,,,,,,,,,,,,,,54.3891624,Grange,yes,,,,Grange Pharmacy,,,,,,,,yes,,,
,pharmacy,no,-6.3271674,,,,,,,,,3,,,,,,,,,Saint Peter's Road,,,,,,,,,,,,,,,53.3121239,,yes,,,,Greenhills Pharmacy,,,,,,,,yes,pharmacy,,
,pharmacy,no,-8.1999572,,,,,,,,,6-7,,,,,,,,,Mitchel Street,,,,,,,,,,+353-67-31447,,,,,52.8631826,Nenagh,yes,,,,Guierins,,,,,bing,,,yes,pharmacy,,IE
,pharmacy,no,-6.2591382,,,,,,,,,5,,Mo-Fr 07:30-21:00; Sa 09:00-21:00; Su 12:00-21:00,,,,,,,O'Connell Street Lower,hamiltonlong@allcarepharmacy.ie,http://www.allcarepharmacy.ie/pharmacies/hamilton-long-allcare-pharmacy-dublin-1,,,,,,,,+353 1 874 8456,,,,,53.3479529,Dublin,commercial,,,,Hamilton Long Allcare Pharmacy,,,,,,,,yes,pharmacy,,
,pharmacy,,-6.2856653,,,,,,,,,,,,,,,,,,,,,,,,,,,,,,,,,53.2983347,,yes,,,,Haven Pharmacy,,,,,,,,yes,pharmacy,,
,pharmacy,no,-6.2599455,,,,,,Hickey's,,,,,Mo-Fr 08:00-22:00; Sa 08:30-22:00; Su 10:00-22:00; Ph 10:00-22:00,,,,,,,O'Connell Street Lower,,https://www.hickeyspharmacies.ie/,,,,,,,,,,,,,53.3476235,Dublin,yes,,,,Hickey's Pharmacy,,,,,,,,yes,pharmacy,,
,pharmacy,no,-6.2599313,,,,,,,,,21,,Mo-We 08:30-20:00; Th 08:30-20:30; Fr 08:30-20:00; Sa 09:00-19:30; Su 10:30-18:00,,,,,,,Grafton Street,,https://www.hickeyspharmacies.ie/,,,,,,,,+353-1-679-0467,,,,,53.3418789,Dublin,,,,,Hickey's Pharmacy,,,,,,,,yes,pharmacy,,
,pharmacy,,-7.8139882,,,,,,,,,,,,,,,,,,,,,,,,,,,,,,,,,52.6787457,,yes,,,,Hickeys,,,,,,,,yes,pharmacy,,
,pharmacy,,-6.2854923,,,,,,,,,,,,,,,,,,,,,,,,,,,,,,,,,53.2993327,,yes,,,,Hiltons Pharmacy,,,,,,,,yes,pharmacy,,
,pharmacy,no,-6.1669670,,,,,,Hiltons Pharmacy,,,3,,"Mo-Fr 09:00-20:00; Sa 09:00-18:00; Su,PH 11:00-15:00",,,,,,,Magic Carpet Centre,,https://hiltons.ie/,,+353-1-2898892,,,,,,+353 1 289 8889,,,,,53.2691367,Cornelscourt,retail,,,,Hiltons Pharmacy,,,Dublin 18,,,,,yes,pharmacy,,
,pharmacy,,-6.1461601,,,,,,,,,,,,,,,,,,Johnstown Road,,,,,,,,,,,,,,,53.2685237,,yes,,,,Johnstown Pharmacy,,,,,,,,,pharmacy,,
,pharmacy,no,-7.8879033,,,,,,,,,,,,,,,,,,,,,,,,,,,,,,,,,52.5169235,,yes,,,,Kennedy's Pharmacy,,,,,,,,yes,pharmacy,,
,pharmacy,,-7.8655416,,,,,,,,,,,,,,,,,,,,,,,,,,,,,,,,,53.9216872,,yes,,,,Kieran's,,,,,,,,,,,
,pharmacy,no,-8.0935862,,,,,,,,,,,,,,,,,,,,,,,,,,,,,,,,,53.9465284,,yes,,,,Kierans,,,,,,,,yes,pharmacy,,
,pharmacy,,-9.1510721,,,,,,,,,,,,,,,,,,,,,,,,,,,,,,,,,54.1144460,,yes,,,,Kilroys Careplus Pharmacy,,,,,,,,,pharmacy,,
,pharmacy,,-8.2855651,,,,,,,,,,,,,,,,,,,,,,,,,,,,,,,,,54.4474807,,yes,,,,Kinlough Pharmacy,,,,,,,,,,,
,pharmacy,,-6.3183331,,,,,,,,,,,,,,,,,,,,,,,,,,,,,,,,,53.3690933,,retail,,,,Kinvara Pharmacy,,,,,,,,,,,
,pharmacy,no,-7.1388645,,,,,,,,,,,,,,,,,,,,,,,,,,,,,,,,,52.5255060,,retail,,,,Kissane's Pharmacy,,,,,,,,yes,pharmacy,,
,pharmacy,no,-6.2167005,,,,,,,,,7,,,,,,,,,Lakelands Road,,,,,,,,,,,,,,,53.2839400,,shop,,,,Lakelands Pharmacy,,,,,,,,yes,pharmacy,,
,pharmacy,no,-6.2543223,,,,,,,,,43,,,,,,,,,Ranelagh,,,,,,,,,,,,,,,53.3248837,Dublin,yes,,,,Leech Pharmacy,,,,yes,,,,yes,pharmacy,,IE
,pharmacy,no,-7.8108937,,,,,,,,,,,,,,,,,,,,,,,,,,,,,,,,,52.6792175,,yes,,,,Liberty Pharmacy,,,,,,,,yes,pharmacy,,
,pharmacy,no,-8.4126327,,,,,,,,,,,,,,,,,,,,,,,,,,,,,,,,,54.7620583,,retail,,,,Life Pharmacy,,,,,,,,yes,pharmacy,,
,pharmacy,no,-6.2845780,,,,,,,,en:LloydsPharmacy,103a,,,,,,,,Q6662870,New Cabra Road,,,,,,,,Lloyds Pharmacy,,,,,,,53.3613429,,retail,,,,Lloyds Pharmacy,,,,,,,,yes,pharmacy,,
,pharmacy,no,-7.4918369,,,,,,,,en:LloydsPharmacy,,3,Mo-Sa 09:30-18:00,,,,,,Q6662870,Colmcille Street,,,,,,,,Lloyds Pharmacy,,+353579321526,,,,,53.2757263,,yes,,,,Lloyds Pharmacy,,,,,,,,yes,pharmacy,,
,pharmacy,no,-6.2602839,,,,,,,,en:LloydsPharmacy,11b,,Mo-Fr 09:00-19:00; Sa 09:00-18:00; Su 11:00-15:00,,,,,,Q6662870,Braemor Road,,http://www.lloydspharmacy.com/,,,,,,Lloyds Pharmacy,,,,,,,53.2961156,,retail,,,,Lloyds Pharmacy,,,,yes,,,,yes,pharmacy,,
,pharmacy,no,-6.2751581,https://www.lloydspharmacy.ie/aspx/StoreDetails.aspx?store=357,,,,,,,en:LloydsPharmacy,8,,"Mo-Sa 09:00-18:00; PH,Su off",+353 1 490 5306,,,,,Q6662870,Terenure Road East,,,,,,,,Lloyds Pharmacy,,,,,,,53.3120521,Dublin,retail,,,,Lloyds Pharmacy,,,,,,,,yes,pharmacy,,
,pharmacy,no,-6.3681860,,,,,,Haven Pharmacy,,,,,,,,,,,,Manor Road,,,,,,,,,,,,,,,53.3513542,,retail,,,,Looby's,,,,,,,,yes,pharmacy,,
,pharmacy,no,-8.1761913,,,,,,,,,2,,,,,,,,,New Line,,,,,,,,,,,,,,,54.3052678,Manorhamilton,retail,,,,MacManus Pharmacy,,,,,,,,yes,pharmacy,,
,pharmacy,no,-7.7364516,,,,,,,,,,,Mo-Sa 09:00-18:00,,,,,,,,,,,,,,,,,,,,,,54.9501806,,yes,,,,Magees Pharmacy,,,,,,,,yes,pharmacy,,
,pharmacy,no,-6.2063815,,,,,,,,,,,,,,,,,,Howth Road,,,,,,,,,,,photographic_laboratory,,,,53.3707803,,commercial,,,,Magners Pharmacy,,,,,,,,yes,pharmacy,,
,pharmacy,no,-7.2532543,,,,,,,,,22/23,,,,,,Bing,,,High Street,,,,,,,,,,,,,,,52.6516520,Kilkenny,yes,,,,Mahony's Pharmacy,,,,,,,,yes,pharmacy,,
,pharmacy,,-7.5032518,,,,,,,,,,,,,,,,,,,,,,,,,,,,,,,,,52.5127931,,yes,,,,Mari Mina,,,,,,,,,,,
,pharmacy,,-8.2811194,,,,,,,,,,,,,,,,,,,,,,,,,,,,,,,,,52.0787068,,yes,,,,Mari Mina Pharmacy,,,,,,,,,,,
,pharmacy,no,-6.3824955,,,,,,Mark Ellis,,,8-9,,"Mo-Fr 08:30-18:30, Sa 09:00-18:00",,,,,,,Alderwood Avenue,info@markellispharmacy.ie,https://markellispharmacy.ie/,,+353-1-4940824,,,,,,+353-1-494 0818,,,,,53.2874378,,retail,,,,Mark Ellis Pharmacy,,,,,,,,yes,pharmacy,,
,pharmacy,,-9.0519100,,,,,,,,,,,,,,,,,,,,,,,,,,,,,,,,,53.2739724,,,,,,Matt O'Flaherty,,,,,,,,,pharmacy,,
,pharmacy,,-6.1034110,,,,,,,,,,,,,,,,,,Castle Street,,,,,,,,,,,,,,,53.2772945,,,,,,Maxwell's,,,,,,,,,,,
,pharmacy,no,-6.3212438,,,,,,,,,,,,,,,,,,,,,,,,,,,,,,,,,53.2991872,,yes,,,,Maxwells Pharmacy,,,,,,,,yes,pharmacy,,
,pharmacy,no,-6.5902267,,,,,,,,,,,,,,,,,,,,,,,,,,,,,,,,,53.3821726,,retail,,,,Mc Cormack's,,,,,,,,yes,pharmacy,,
,pharmacy,no,-6.1771106,,,,,,,,,,,,,,,,,,,,,,,,,,,,,,,,,53.3799134,,yes,,,,McArdle's Pharmacy,,,,,,,,yes,pharmacy,,
,pharmacy,no,-9.2898827,,,,,,,,,,,,,,,,,,Station Road,,,,,,,,,,,,,,,53.8501494,Castlebar,retail,,,,McAuliffes Pharmacy,,,,,,,,yes,pharmacy,,
,pharmacy,no,-6.2154806,,,,,pitched,,,,,1,,,,,,,,Sandyford Hall Avenue,,,,,,,tile,,,,,retail,,,53.2641335,,retail,,,,McCabes,,,,,,,,yes,pharmacy,brick,
,pharmacy,no,-6.1232228,,,,,,,,,65/66,,,,,,,,,"Glasthule Road, Sandycove",glasthule@smcc.ie,https://www.mccauley.ie/,,,,,,,,+353 01 280 3781,,,,,53.2872723,Dún Laoghaire,yes,,,,McCauley Health & Beauty Pharmacy,,,A96 K7D4,,,,,yes,pharmacy,,
,pharmacy,no,-7.4911494,,,,,,,,,,1,,,,,,,,,,,,,,,,,,+353579326675,,,,,53.2783506,,yes,,,,McCormack's Pharmacy,,,,,,,,yes,pharmacy,,
,pharmacy,no,-7.9347879,,,,,,,,,,,,,,,,,,,,,,,,,,,,,,,,,53.4259496,,shop,,,,McGorisks,,,,,,,,yes,pharmacy,,
,pharmacy,,-6.3440800,,,,,,,,,,,,,,,,,,Glenview Park,,,,,,,,,,,,,,,53.2887690,,retail,,,,Meaghers Pharmacy,,,,,,,,yes,pharmacy,,
,pharmacy,no,-6.2379739,,,,,,,,,2-4,,,,,,,,,Fairview Strand,morganspharmacyfairview@gmail.com,,,,,,,,https://www.facebook.com/pg/morganspharmacy/,+353-1-8881027,,,,,53.3625833,,yes,,,,Morgan's Pharmacy,,,,,,,,yes,pharmacy,,
,pharmacy,no,-6.2123218,,,,,,,,,71,,,,,,,,,Deerpark Road,,,,,,,,,,,,,,,53.2961965,Mount Merrion,yes,,,1954,Mount Merrion Pharmacy,,,,,,,,yes,pharmacy,,
,pharmacy,no,-7.9111304,,,,,,,,,,,,,,,,,,,,,,,,,,,,,,,,,53.0956662,,retail,,,,Mulhollands Pharmacy,,,,,,,,yes,pharmacy,,
,pharmacy,no,-7.1207573,,,,,,,,,,,,,,,,,,,,,,,,,,,,,,,,,52.2466308,,yes,,,,Mulligans Pharmacy,,,,,,,,yes,pharmacy,,
,pharmacy,no,-7.1614315,,,,,,,,,,,,,,,,,,,,,,,,,,,,,,,,,52.1644106,,,,,,Mulligans Pharmacy,,,,,,,,yes,pharmacy,,
,pharmacy,no,-7.1389079,,,,,,,,,,,,,,,,,,,,,,,,,,,,,,,,,52.5305807,,yes,,Size relative to supermarket is guesswork,,Mulligans Pharmacy,,,,,,,,yes,pharmacy,,
,pharmacy,no,-7.3438068,,,,,,,,,,,,,,,visual survey;bing,,,,,,,,,,,,,,,,,,53.5248724,,retail,,,,Mullingar Pharmacy,,,,,,,,yes,pharmacy,,
,pharmacy,no,-9.2935562,,,,,,,,,,,,,,,,,,Main Street,,http://totalhealth.ie,,,,,,totalhealth,https://www.facebook.com/pages/Total-Health/673661319313106,,,,https://twitter.com/totalhealthIRL,,52.9402629,,retail,,,,Murphy's Pharmacy,,,,yes,,,,yes,pharmacy,,
,pharmacy,,-8.5782530,,,,,,Totalhealth,,,,,,,,,,,,The Square,,,,,,,,,,,,,,,53.9019922,Ballaghaderreen,yes,,,,Murphys,,,,,,,,yes,pharmacy,,
,pharmacy,,-6.9593528,,,,,,,,,,,,,,,,,,,,,,,,,,,,,,,,,52.7022063,,yes,,,,Nolan's,,,,,,,,,pharmacy,,
,pharmacy,no,-6.2340162,,,,,,,,,4,2,,,,,,,,Bath Avenue,,,,,,,,,,,,,,,53.3373250,,house,,,,O'Connor's Pharmacy,,,,yes,,,,yes,pharmacy,,
,pharmacy,no,-6.1360652,,,,,,,,,4,2,Mo-Sa 09:00-18:00,,,,,,,George's Street Upper,,,,,,,,,,+35312801163,,,,,53.2921794,Dún Laoghaire,retail,,,,O'Mahoney & Ennis Pharmacy,,,,,,,,yes,pharmacy,,
,pharmacy,no,-8.3952147,,,,,,,,,,,,,,,,,,,,,,,,,,,,,,,,,51.8170005,,retail,,,,O'Regan's Pharmacy,,,,,,,,yes,pharmacy,,
,pharmacy,no,-8.4448324,,,,,,,,,,,,,,,,,,Ballinlough Road,,,,,,,,,,,,,,,51.8895381,Cork,yes,,,,O'Sullivan's Pharmacy,,,,,,,,yes,pharmacy,,
,pharmacy,no,-8.4703773,,,,,,,,,9,,Mo-Th 09:00-20:00; Fr 9:00-21:00; Sa 09:00-19:00; Su 12:00-19:00,,,,Bing,,,Saint Patrick's Street,,https://www.phelans.ie,,,,,,,,+353 21 427 2511,,,,,51.8995660,Cork,yes,,,,Patrick St. Pharmacy,,,,yes,,,,yes,pharmacy,,
,pharmacy,no,-7.9109963,,,,,,,,,,,,,,,,,,,,,,,,,,,,,,,,,53.0958604,,retail,,,,Pharmacy Plus,,,,,,,,yes,pharmacy,,
,pharmacy,no,-6.2050689,,,,,,Phelan's Pharmacy,,,3,,Mo-Fr 09:30-20:00; Sa 09:3-18:00; Su 11:00-18:00,,,,,,,Kilmacud Road Lower,,https://www.phelansmobilityaids.ie/,,,,,,,,+353-1-212-2662,,,,,53.2886009,,shop,,,,Phelan's Pharmacy,,0,,yes,,,,yes,pharmacy,,
,pharmacy,no,-6.3078076,,,,,,,,,631,,,,,,,,,South Circular Road,,,,,,,,,,,,,,,53.3401145,,yes,,,,Phelans Pharmacy,,,,,,,,yes,pharmacy,,
,pharmacy,no,-6.2521973,,,,,,,,,26,,,,,"Dublin City Council, Registry of Protected Structures (2010), no. 1897",Bing,,,Clare Street,,,,,,,,,,,,,,,53.3414304,Dublin,yes,,,,Prices Medical Hall,,,,no,,,,yes,pharmacy,,
,pharmacy,no,-7.4933342,,,,,,,,,,,"Mo-We,Sa 09:30-18:00, Th,Fr 09:30-19:00",,,,Bing,,,High Street,,,,,,,,,,+353579321128,,,,,53.2736382,Tullamore,yes,,,,Quirke's Medical Hall,,,,,,,,yes,pharmacy,,
chemist,pharmacy,no,-8.1987933,,,,,,,,,,,Mo-Fr 09:30-19:00,,7,,,,,Pearse Street,,,,,,,,,,+353-67-31249,,,,,52.8632263,Nenagh,yes,,,,Ray Walsh,,,,,,,,yes,pharmacy,,IE
,pharmacy,,-6.4744568,,,,,,,,,,,,,,,,,,,,,,,,,,,,,,,,,53.2813637,,yes,,,,Reidy's Pharmacy,,,,,,,,yes,pharmacy,,
,pharmacy,,-8.1978997,,,,,,,,,,3,,,20-21,,,,,Pearse Street,,,,+353 67 34540,,,,,,+353 67 31464,,retail,,,52.8640106,Nenagh,yes,,,,Ryans Pharmacy and Beauty Salon,,,,,,,,yes,pharmacy,,IE
,pharmacy,,-8.1979333,,,,,,,,,,3,,,20-21,,,,,Pearse Street,,,,+353 67 34540,,,,,,+353 67 31464,,retail,,,52.8639841,Nenagh,yes,,,,Ryans Pharmacy and Beauty Salon,,,,,,,,yes,pharmacy,,IE
,pharmacy,no,-6.3036109,,,,,,,,,184,,,,,,,,,Templeogue Road,,,,,,,,,,,,,,,53.2982184,,retail,,,,Shannons Pharmacy,,,,,,,,yes,pharmacy,,
,pharmacy,,-6.1841364,,,,,,,,,,,,,,,,,,Saint Gabriels Road,,,D03,,,,,,,,,,,,53.3646237,Dublin,yes,,,,St Gabriels Pharmacy,,,,,,,,,,,
,pharmacy,,-6.3271775,,,,,,,,,,,,,,,,,,,,,,,,,,,,,,,,,53.3098047,,yes,,,,St. Patricks Pharmacy,,,,,,,,,pharmacy,,
,pharmacy,,-6.8373853,,,,,,,,,,,,,,,,,,,,,,,,,,,,,,,,,52.9108755,,yes,,,,Stack's Pharmacy,,,,,,,,,,,
,pharmacy,no,-6.2719484,,,,,,Stacks Pharmacy,,,4-5,,"Mo-Th 09:00-19:00; Fr 09:00-18:00; Sa 10:00-14:00; Su, PH Closed",,,,,,,Finglas Road,,https://www.stackspharmacy.ie/locations/24,,,,,,,,+353-1-8305543,,,,,53.3661673,Dublin,yes,,,,Stacks Pharmacy,,,,,,,,yes,pharmacy,,
,pharmacy,no,-9.2980127,,,,,,,,,,,Mo-Th 09:30-19:00; Fr-Sa 09:30-18:00; Su off,,,,,,,,,,,,,,,,,,,,,,53.8592405,,retail,,,,Staunton's Allcare Pharmacy,,,,,,,,yes,pharmacy,,
,pharmacy,no,-8.6006346,,,,,,,,,,,,,,,,,,,,,,,,,,,,,,,,,54.2693226,,yes,,,,Strandhill Pharmacy,,,,,,,,yes,pharmacy,,
,pharmacy,,-6.7338812,,,,,,,,,,,,,,,,,,,,,,,,,,,,,,,,,53.4826937,,yes,,,,Summerhill Pharmacy,,,,,,,,,,,
,pharmacy,no,-7.8278405,,,,,,,,,,,,,,,,,,,,,,,,,,,,,,,,,53.2719569,,retail,,,,The Medical Hall,,,,,,,,yes,pharmacy,,
chemist,pharmacy,no,-6.2089109,,,,,pitched,,,,2,2,Mo-Sa 09:00-18:00,,,,,,,The Rise,,,,,,,,,,+353 1 288 2842,,,,,53.2993290,Mount Merrion,retail,,,,The Rise Pharmacy,Stiff inward opening door,,,yes,,,,yes,pharmacy,,
,pharmacy,no,-6.2644745,,,,,,,,,21,,"Mo-Th 09:30-20:00, Fr 09:30-20:00, Sa 10:00-20:00, Su 12:00-17:00",,,,,,,Essex Street East,,https://templebarpharmacy.com/,,,,,,,,+353 1 6709751,,,,,53.3455367,Dublin,yes,,,,The Temple Bar Pharmacy,,,,no,,,,yes,pharmacy,,
,pharmacy,no,-6.2570051,,,,,,,,,18,,,,,,,,,Eden Quay,,,,,,,,,,+353-1-8740179,,,,,53.3481952,Dublin,yes,,,,Tracey's Pharmacy,,,,,,,,yes,pharmacy,,
,pharmacy,no,-9.3002948,,,,,,,,,,,,,,,,,,,,,,,,,,,,,,,,,53.8560673,,yes,,,,Treacy and Durcan,,,,,,,,yes,pharmacy,,
,pharmacy,,-6.1721212,,,,,,,,,,,,,,,,,,,,,,,,,,,,,,,,,53.3801688,,yes,,,,Tullys Pharmacy,,,,,,,,,,,
,pharmacy,no,-7.7992894,,,,,,,,,,,,,,,,,,,,,,,,,,,,,,,,,53.7263147,,yes,,,,Ward,,,,,,,,yes,pharmacy,,
,pharmacy,no,-7.3419910,,,,,,,,,,,,,,,bing,,,,,,,,,,,,,,,,,,53.5256493,,retail,,,,Weir's Chemists,,,,,,,,yes,pharmacy,,
,pharmacy,,-9.0511767,,,,,,,,,,,,,,,,,,,,,,,,,,,,,,,,,53.2739078,,,,,,Whelan's,,,,,,,,,pharmacy,,
,pharmacy,no,-7.2521764,,,,,,,,,,,,,,,Bing,,,,,,,,,,,,,,,,,,52.6506522,,yes,,,,Whites Pharmacy,,,,,,,,yes,pharmacy,,
,pharmacy,no,-7.8509425,,,,,,,,,149,,Mo-Sa 09:30-18:00,,,,,,,North Main Street,,https://www.youghalpharmacy.com/,,+353-24-90007,,,,,,+353-24-90073,,,,,51.9562963,Youghal,commercial,,,,Youghal Pharmacy,,,,,,,,yes,pharmacy,,
