shop,roof:levels,amenity,drive_through,building:part,addr:housename,contact:website,roof:colour,indoor,addr:suburb,height,ref:UID,wikidata,alt_name,payment:notes,operator,payment:credit_cards,addr:housenumber,townhall:type,payment:american_express,payment:debit_cards,room,addr:district,area,building:levels,opening_hours,image,contact:phone,wikipedia,name,note,source,lon,roof:material,heritage,ref:ogdsteiermark,payment:coins,email,website,fax,at_bev:addr_date,contact:email,building:material,payment:cash,former:amenity,payment:visa,phone,former:name,old_name,lat,payment:maestro,payment:jcb,tourism,addr:street,building,building:colour,fixme,ref:FB,contact:fax,addr:city,payment:mastercard,roof:shape,addr:postcode,wheelchair,level,addr:place,payment:visa_electron,start_date,Leibnitz_lädt_ein,roof:orientation,payment:diners_club,dispensing,healthcare,toilets:wheelchair,addr:country
,,pharmacy,,,,,,,,,,,,,,,11,,,,,,,,,,,,Activ Apotheke Tribuswinkel,,geoimage.at,16.2703517,,,,,,https://www.activ-apotheke.at/,,,,,,,,,,,48.0076170,,,,Pfarrgasse,yes,,,,,,,,2512,yes,,,,,,,,yes,,,
,,pharmacy,,,,,,,,,,,,,,,72,,,,yes,,,,,,,,Aesculap-Apotheke,,,15.3919740,,,,,,,,,,,,,,+43 316 574477,,,47.0621665,,,,Burenstraße,,,,,,Graz,,,8052,yes,0,,,,,,,yes,,,AT
,,pharmacy,,,,,,,,,,,,,Mag Elfriede Kaiser,,1,,,,,,,,"Mo-Fr 08:00-12:00, 14:00-18:00; Sa 08:00-12:00",,,,Aeskulap Apotheke,,,16.2614281,,,,,,,,,,,,,,,,,48.0087735,,,,Mühlgasse,yes,,,,,Pfaffstätten,,,2511,,,,,,,,,,,,AT
,,pharmacy,,,,http://www.aichfeldapotheke.at/,,,,,,,,,,,24,,,,,Murtal,,,Mo-Fr 08:00-18:00; Sa 08:00-12:00,,+43 3577 221 45,,Aichfeld Apotheke,,,14.7563471,,,160,,,,,,,,,,,,,,47.1907517,,,,Bahnhofstraße,yes,,,,,Zeltweg,,,8740,,,,,,,,,yes,pharmacy,,AT
,,pharmacy,,,,,,,,,,,,,Mag. pharm. Gertrude Meixner,,28,,,,,,,,,,,,Aktiv-Apotheke,,,16.4195472,,,,,,,,2018-04-02,,,,,,,,,48.0992561,,,,Hauptstraße,yes,,,,,Maria-Lanzendorf,,,2326,,,,,,,,,yes,,,AT
,,pharmacy,,,,,,,,,,,,,,,30,,,,,,,,,,,,Almtal Apotheke Vorchdorf,,GeoImage,13.9212223,,,,,,,,,,,,,,,,,47.9999077,,,,Bahnhofstraße,yes,,,,,Vorchdorf,,,4655,,,,,,,,,,,,AT
,,pharmacy,,,,,,,,,,,,,,,28,,,,,,,,,,,,Alpenland Apotheke,,,16.0109705,,,,,,http://www.apotheke-alpenland.at/,,,,,,,,+43 (2630) 37244,,,47.7004259,,,,Franz-Samwald-Straße,yes,,,,,Ternitz,,,2630,,,,,,,,,yes,,,AT
,,pharmacy,,,,,,,,,,,,,,,87,,,,,,,,"Mo-Fr 08:00-18:00; Sa 08:00-12:00; Su,PH off",,+43 316 69 13 77,,Antonius-Apotheke,,geoimage.at,15.5632546,,,108,,,,,,,,,,,,,,46.7705795,,,,Marburger Straße,house,,,,,Wagna,,,8435,,,,,,,,,,,,
,,pharmacy,,,,,,,Maria Anzbach,,,,,yes,,,600,,yes,,,,,,,,,,Apotheke,,,15.9367482,,,,yes,,,,2019-10-01,,,,,yes,,,,48.1892345,yes,yes,,Hauptstraße,yes,,,,,Maria-Anzbach,yes,,3034,,,,yes,,,,yes,,,,AT
,,pharmacy,,,,,,,,,,,,,,,5,,,,,,,,,,,,Apotheke,,,15.6599282,,,,,,,,2016-10-02,,,,,,,,,48.5965382,,,,Hauptplatz,yes,,,,,Gars am Kamp,,,3571,,,,,,,,,yes,,,AT
,,pharmacy,,,,,,,,,,,,,,,,,,,,,,,,,,,"Apotheke ""Am Schöpfwerk""",,geoimage.at;survey,16.3249802,,,,,,,,,,,,,,,,,48.1611392,,,,,yes,,,,,,,,,yes,,,,,,,,,,no,
,,pharmacy,,,,,,,,,,,,,,,38,,,,,,,,Mo-Fr 08:00-18:00;Sa 08:00-12:00,,,,"Apotheke ""Zum Weinberg""",,personal observation,16.3553519,,,,,debettignies@apoweinberg.at,http://www.apoweinberg.at,,,,,,,,+43 1 3700070,,,48.2539850,,,,Grinzinger Straße,yes,,,,,Wien,,,1190,,,,,,,,,,,,AT
,,pharmacy,,,,,,,,,,,,,,,2,,,,,,,,,,,,Apotheke 8052,,,15.3950071,,,,,,,,,,,,,,+43 316 225484,,,47.0567596,,,,Lissäckerstraße,retail,,,,,Graz,,,8052,yes,,,,,,,,yes,pharmacy,,AT
,,pharmacy,,,,,,,,,,,,,,,21,,,,,,,,Mo-Fr 08:00-12:00; Mo-Fr 15:00-18:00; Sa 08:00-12:00,,,,Apotheke Bad Erlach,,geoimage.at,16.2124871,,,,,,,,,,,,,,+43 2627 488 50,,,47.7314003,,,,Wiener Neustädter Straße,yes,,,,,Bad Erlach,,,2822,,,,,,,,,yes,,,AT
,,pharmacy,,,,,,,,,,,,,,,57,,,,,,,,"Mo-Fr 08:00-12:30,14:30-18:00; Sa 08:00-12:00",,,,Apotheke Blindenmarkt KG,,,14.9821660,,,,,,https://www.apotheke-blindenmarkt.at,,,,,,,,+43 7473  2325,,,48.1269891,,,,Hauptstraße,yes,,,,,Blindenmarkt,,,3372,,,,,,,,,yes,,,AT
,,pharmacy,,,,,,,,,,,,,Apotheke Bürmoos KG,,,,,,,,,,,,,,Apotheke Bürmoos,,,12.9211226,,,,,,,,,,,,,,,,,47.9834657,,,,,yes,,,,,,,,,,,,,,,,,,pharmacy,,
,,pharmacy,,,,,,,,,,,,,,,30,,,,,,,,"Mo-Fr 08:00-12:00;Mo,We 14:00-19:00;Tu,Th,Fr 14:00-18:00;Sa 08:00-12:00",,,,Apotheke Dr. Gerhart Riehs,,,16.0284240,,,,,,,,,,,,,,+43 2630 30936,,,47.7005665,,,,Bundesstraße,yes,,,,,Wimpassing,,,2632,,,,,,,,,yes,,,AT
,,pharmacy,,,,,,,Göß,5,,,,,,,7,,,,,,,1,,,+43 3842 222 84,,Apotheke Göß,,geoimage.at,15.0971217,,,154,,,,,,,,,,,,,,47.3622108,,,,Turmgasse,yes,,,,,Leoben,,,8700,yes,,,,,,,,,,,AT
,,pharmacy,,,,,,,,,,,,,,,6,,,,,,,,,,,,Apotheke Holler/ Bandagist Heindl,,,14.2386679,,,,,,,,,,,,,,,,,48.2201839,,,,Heinrich Gruber-Straße,yes,,,,,Traun,,,4050,,,,,,,,,,,,AT
,,pharmacy,,,,,,,,,,,,,,,2,,,,,,,,"Mo-Fr 08:00-18:00, Sa 08:00-12:00",,,,Apotheke Jedlesee,,,16.3858604,,,,,post@apothekejedlesee.at,http://www.apothekejedlesee.at/,,,,,,,,+43 1 270 33 37,,,48.2663607,,,,Jeneweingasse,yes,,,,,Wien,,,1210,,,,,,,,,yes,pharmacy,,AT
,,pharmacy,,,,,,,,,,,,,Mag. Michael Eckstein,,40,,,,,,,,,,,,Apotheke Lenzing,,geoimage.at,13.6090076,,,,,office@apotheke-lenzing.at,http://m.apotheke-lenzing.at/,,2017-04-07,,,,,,07672 93200,,,47.9756268,,,,Attersee Straße,yes,,,,,Lenzing,,,4860,yes,,,,,,,,yes,,,AT
,,pharmacy,no,,,,,,,,,,,,,,18,,,,,,,,Mo 08:00-19:30; Tu-Fr 08:00-18:00; Sa 09:00-13:00,,,,Apotheke Mauerbach,,,16.1815542,,,,,info@apotheke-mauerbach.at,http://www.apotheke-mauerbach.at/,,,,,,,,,,,48.2382910,,,,Kreuzbrunn,yes,,,,,Mauerbach,,,3001,,,,,,,,,,pharmacy,,AT
,,pharmacy,,,,,,,,,,,,,,,3,,,,,,,,,,,,Apotheke Naturalis,,,16.4523214,,,,,,http://www.apotheke-naturalis.at/,,,,,,,,,,,48.2489136,,,,Breitenleer Straße,yes,,,,,Wien,,,1220,,,,,,,,,yes,,,AT
,,pharmacy,,,,,,,,,,,,,,,152,,,,,,,,,,+43 316 272188,,Apotheke Neuhart,,,15.4148388,,,,,,,,,,,,,,,,,47.0471073,,,,Kärntner Straße,yes,,,,,Graz,,hipped,8053,,,,,,,,,yes,,,AT
,,pharmacy,,,,,,,,,,,,,,,50,,,,,,,,Mo-Th 08:00-19:00; Fr 08:00-18:00; Sa 08:00-12:00,,,,"Apotheke Niklasdorf ""Die Wohlfühl-Werkstatt""",,,15.1577265,,,,,,,,,,,,,,,,,47.3951986,,,,Leobnerstraße,yes,,,,,Niklasdorf,,,8712,,,,,,,,,,,,
,,pharmacy,,,,,,,,,,,,,,,9,,,,,,,,,,,,Apotheke Pernitz,,,15.9562428,,,,,,,,,,,,,,,,,47.8964802,,,,Bahnstraße,yes,,,,,Pernitz,,,2763,,,,,,,,,,pharmacy,,
,,pharmacy,,,,,,,,,,,,,,,373,,,,,,,,Mo-Fr 08:00-18:00; Sa 08:00-12:00,,,,Apotheke Puntigam,,,15.4337892,,,,,,,,,,,,,,+43 316 291055,,,47.0278361,,,,Triester Straße,yes,,,,,Graz,,,8055,yes,,,,,,,,yes,pharmacy,,AT
,,pharmacy,,,,,,,,,,,,,,,330,,,,,,,,,,+43 3115 22065,,Apotheke St. Margarethen,,,15.7467337,,,95,,,,,2017-04-07,,,,,,,,,47.0457413,,,,,commercial,,,,,St. Margarethen an der Raab,,,8321,,,St. Margarethen an der Raab,,,,,,,,,AT
,,pharmacy,,,,http://www.apotheke-leopoldsdorf.at,,,,,,,,,Familie Burdis,,16,,,,,,,,"Mo-Fr 08:00-12:00, 14:00-18:00; Sa 08:00-12:00",,,,Apotheke St. Nikolaus,,,16.3950448,,,,,,,,,,,,,,,,,48.1084387,,,,Hauptstraße,yes,,,,,Leopoldsdorf,,,2333,,,,,,,,,,,,
,,pharmacy,,,,,,,,,,,,,,,308,,,,,,,,,,,,Apotheke Thondorf Zum Heiligen Chirstophorus,,GeoImage.at High-Res,15.4714636,,,,,,,,,,,,,,+43 316 406033,,,47.0202613,,,,Liebenauer Hauptstraße,yes,,,,,Graz,,,8041,yes,,,,,,,,yes,,,AT
,,pharmacy,,,,,,,,,,,,,,,1,,,,,,,,,,,,Apotheke Walding,,,14.1381034,,,,,,,,,,,,,,,,,48.3588197,,,,Rohrbacherstraße,yes,,,,,Walding,,,4112,,,,,,,,,yes,,,AT
,,pharmacy,,,,,,,,,,,,,,,23,,,,,,,,Mo-Fr 08:00-18:00; Sa 08:00-12:00,,,,Apotheke Waldstern,vormals Laurentius,,16.1520626,,,,,office@apowaldstern.at,https://www.apowaldstern.at/,+43 2231 6764030,,,,,,,+43 2231 67640,,,48.2280414,,,,Hauptstraße,commercial,,,,,Gablitz,,,3003,,,,,,,,,,,,AT
,,pharmacy,,,,,,,,,,,,,,,15,,,,,,,,,,,,Apotheke Westendorf,,,12.2154370,,,,,,,,,,,,,,,,,47.4329543,,,,Dorfstraße,yes,,,,,Westendorf,,,6363,,,,,,,,,yes,pharmacy,,AT
,,pharmacy,no,,Apotheke Wies,,,,,,,,,,,yes,31,,,yes,,,,,"Mo-Th 08:00-12:30, 14:30-18:30; Fr 08:00-12:30, 14:30-18:00; Sa 08:00-12:00; Su,PH off",,,,Apotheke Wies,,,15.2554127,,,,,,https://www.apowies.at/,,,,,yes,,,0043 3465 3611,,,46.7184003,,,,Altenmarkt,yes,,,,,Wies,,,8551,yes,,,,,,,,yes,pharmacy,,
,,pharmacy,,,,,,,,,,,,,,,31,,,,,,,,"Mo-Fr 08:00-18:00, Sa 08:00-12:00",,,,Apotheke Zu Maria Trost,,survey,15.4592916,,,,,,,,,,,,,,+43 316 323047,,,47.0896992,,,,Mariatroster Straße,yes,,,,,Graz,,,8043,,,,,,,,,yes,,,AT
,,pharmacy,,,,,,,,,,,Apotheke der Barmherzigen Brüder,,,,4,,,,,,,,,,,,Apotheke Zum Granatapfel,,GeoImage.at,15.4319372,,,,,,,,,,,,,,+43 316 713289,,,47.0712504,,,,Annenstraße,yes,,,,,Graz,,,8020,yes,,,,,,,,yes,pharmacy,,AT
,,pharmacy,,,,,,,,,,,,,,,8,,,,,,,,"Mo-Fr 08:00-12:00,14:30-18:00; Sa 08:00-12:00",,,,Apotheke Zum Heiligen Leopold,,,16.0799270,,,,,,http://www.apotheke-neunkirchen.at,,,,,,,,+43 2635 624410,,,47.7214569,,,,Holzplatz,yes,,,,,,,,2620,,,,,,,,,yes,,,AT
,,pharmacy,,,,,,,,,,,,,,,6,,,,,,,,Mo-Fr 08:00-18:00; Sa 08:00-12:00,,,,Apotheke Zum Schutzengel,,,16.1776757,,,,,,http://www.apo-purkersdorf.at/,,,,,,,,,,,48.2067433,,,,Wiener Straße,commercial,,,,,Purkersdorf,,,3002,,,,,,,,,yes,pharmacy,,AT
,,pharmacy,,,,,,,,,,,,,,,5,,,,,,,,"Mo-Fr 08:00-12:00,14:00-18:00;Sa 08:00-12:00",,+43 2672 82426,,Apotheke Zum heiligen Antonius,,,16.0949003,,,,,,,,,apotheke.pottenstein@aon.at,,,,,,,,47.9589342,,,,Hainfelder Straße,yes,,,,+43 2672 82426 5,Pottenstein,,,2563,,,,,,,,,,,,AT
,,pharmacy,,,,,,,,,,,,,,,34,,,,,,,,,,,,Apotheke Zum heiligen Florian,,geoimage.at,13.1000020,,,,,,,,,,,,,,,,,47.6980189,,,,Halleiner Landesstraße,yes,,,,,Oberalm,,,5411,no,,,,,,,,yes,,,AT
,,pharmacy,,,,,,,,,,,Hofmühlapotheke,,Mag. parm. Johannes Jatschka,,3,,,,,,,,,,,,Apotheke Zur Hofmühle,,basemap.at,14.8147058,,,,,office@hofmuehlapo.at,http://www.hofmuehlapo.at,+437475523834,,,,,,,+43747552383,,,48.0764688,,,,Theresienthalstraße,yes,,,,,Hausmening,,,3363,no,,,,,,,,,,,AT
,,pharmacy,,,,,,,,,,,,,,,4,,,,,,,,,,,,Apotheke Zur Mariahilf,,,16.0126588,,,,,,,,,,,,,,,,,48.2548700,,,,Hauptplatz,yes,,,,,,,,3443,,,,,,,,,yes,,,
,,pharmacy,,,,,,,,,,,,,,,2,,,,,,,,Mo-Fr 08:00-18:00; Sa 08:00-12:00,,,,Apotheke am Grünanger,,GeoImage.at,15.4493451,,,,,,,,,,,,,,+43 316 472118,,,47.0444352,,,,Ziehrerstraße,yes,,,,,Graz,,,8041,yes,,,,,,,,yes,pharmacy,no,AT
,,pharmacy,,,,,,,,,,,,,,,1a,,,,,,,,"Mo-Fr 08:00-12:30, 14:30-18:00; Sa 08:00-12:00",,+43 7252 864 02,,Apotheke am Resthof,,,14.4213553,,,,,,http://www.apothekeamresthof.at/kontakt/,,,,,,,,,,,48.0600687,,,,Werner-von-Siemens-Straße,yes,,,,,,,,,yes,,,,,,,,yes,,,
,,pharmacy,,,,http://www.hatlerdorf-apotheke.at,,,,,,,,,,,25,,,,,,,,"Mo-Fr 08:00-12:00, 14:00-18:00; Sa 08:00-12:00",,+43 5572 31809,,Apotheke im Hatlerdorf,,,9.7378010,,,,,,,,,info@hatlerdorf-apotheke.at,,,,,,,,47.4019076,,,,Hatlerstraße,yes,,,,+43 5572 31809 4,Dornbirn,,,6850,,,,,,,,,,,,AT
,,pharmacy,,,,,,,,,,,,,Mag. pharm. Dorit Waldbauer,,2,,,,,,,,"Mo-Th 08:00-12:30,14:30-18:00; Fr 08:00-18:00; Sa 08:00-12:00",,,,Apotheke im Sonnengarten,,,14.3446640,,,,,office@apotheke-im-sonnengarten.at,http://www.apotheke-im-sonnengarten.at,+43 7230 70959 11,,,,,,,+43 7230 70959,,,48.3743287,,,,Wagnerweg,office,,,,,Altenberg bei Linz,,,4203,,,,,,,,,yes,,,AT
,,pharmacy,,,,,,,,,,,,,,,,,,,,,,,"Mo-Fr 07:30-12:00, 14:30-18:00, Sa 07:30-12:00",,,,Apotheke zum Auge Gottes,,local knowledge,15.7206893,,,,,,,,,,,,,,,,,48.4618557,,,,,yes,,,,,,,,,yes,,,,,,,,yes,pharmacy,,
,,pharmacy,,,,,,,,,,,,,,,33,,,,,,,,,,+43 316 40 65 50,,Apotheke zum Chiron,,GeoImage.at High Res,15.4949650,,,67,,,,,,,,,,,,,,47.0314989,,,,Josef-Krainer-Straße,yes,,,,,Raaba,,,8074,yes,,,,,,,,yes,,,AT
,,pharmacy,,,,,,,,,,,,,Mag. pharm. Alfred Szczepanski,,1,,,,,,,,"Mo-Fr 8:00-13:00, 14:00-18:00, Sa 8:00-12:00",,,,Apotheke zum Mohren,,basemap.at,16.5036820,,,,,,apotheke-oberpullendorf.at,,2017-10-01,,,,,,+43 2612 42339,,,47.5027164,,,,Schloßplatz,yes,,,,,Oberpullendorf,,,7350,,,,,,,,,,pharmacy,,AT
,,pharmacy,,,,,,,,,,,,,,,7,,,,,,,,,,,,Apotheke zum guten Hirten,,,13.4901298,,,,,,,,2016-10-02,,,,,,,,,48.0676474,,,,Hauptstraße,yes,,,,,Frankenburg am Hausruck,,,4873,yes,,,,,,,,yes,,,AT
,,pharmacy,,,,,,,,,,,,,,,,,,,,,,,,,,,Apotheke zum heiligen Geist,,,13.0745098,,,,,,,,,,,,,,,,,47.7901931,,,,,yes,,,,,,,,,,,,,,,,,,,,
,,pharmacy,,,,http://www.apothekepoellau.at/,,,,,,,Apotheke Pöllau,,,,128,,,,,,,,"Mo-Fr 08:00-12:30, 15:00-18:00; Sa 08:00-12:00",,+43 3335 23 15,,Apotheke zum schwarzen Adler,,"geoimage.at, survey",15.8350611,,,85,,,,,2019-04-01,office@apothekepoellau.at,,,,,,,,47.3027192,,,,Sparkassenplatz,yes,,,,,Pöllau,,,8225,,,,,,,,,,,,AT
,,pharmacy,,,,,,,,,,,,,,,15,,,,,,,,"Mo-Tu 08:00-12:00,14:30-18:00; We 08:00-12:00; Th-Fr 08:00-12:00,14:30-18:00; Sa 08:00-12:00",,,,Apotheke zum weißen Adler,,Bing,14.0009452,,,,,,http://www.apotheke-neufelden.at,+43 7282 626413,,,,,,,+43 7282 6264,,,48.4845626,,,,Markt,yes,,,,,Neufelden,,,4120,,,,,,,,,yes,,,AT
,,pharmacy,,,,,,,,,,,,,,,43,,,,,,,,,,,,Apotheke zur Gemse,,geoimage.at,13.1682243,,,,,,,,,,,,,,,,,47.5988322,,,,Markt,yes,,,,,Golling an der Salzach,,,5440,,,,,,,,,,,,AT
,,pharmacy,,,,http://www.apotheke-hinterbruehl.at,,,,,,,,,,,5,,,,,,,,"Mo-Fr 08:00-12:00, 15:00-18:00; Sa 08:00-12:00",,,,Apotheke zur Heiligen Dreifaltigkeit,,,16.2393473,,,,,,,,,,,,,,,,,48.0989590,,,,Perchtoldsdorfer Straße,yes,,,,,Gießhübl,,,2372,,,,,,,,,,,,AT
,,pharmacy,,,,,,,,,,,Bürgerhaus,,Mag. pharm. Gabriela Krb,,4,,,,,,,,,,,,Apotheke zur Mutter Gottes,,,15.7431371,,,,,,http://www.apotheke-traismauer.at/,,,,,,,,,,,48.3501613,,,,Hauptplatz,house,,,,,Traismauer,,,3133,,,,,,,,,,,,AT
,,pharmacy,,,,,,,,,,,,,,,1a,,,,,,,,,,,,Armonia Apotheke,,,16.3015080,,,,,,,,,,,,,,+43 (1) 4862414,,,48.2284488,,,,Vollbadgasse,yes,,,,,Wien,,,1170,,,,,,,,,yes,pharmacy,,AT
,,pharmacy,,,,,,,,,,,,,,,7,,,,,,,,,,,,Arnika Apotheke,,Geoimage.at,13.0904342,,,,,,https://www.arnika.apo.or.at,,2018-04-02,,,,,,,,,47.7145478,,,,Halleiner Landesstraße,yes,,,,,Puch bei Hallein,,,5412,,,,,,,,,,,,AT
,,pharmacy,,,,,,,,,,,,,,,27a,,,,,,,,Mo-Fr 08:00-18:00; Sa 08:00-12:00,,,,Atrium Apotheke,,,13.7682137,,,,,,https://www.atrium-apotheke.at/,,2017-10-01,,,,,,,,,48.0512843,,,,Salzburger Straße,yes,,,,,Schwanenstadt,,,4690,,,,,,,,,,,,AT
,,pharmacy,,,,,,,,,,,,,,,11,,,,,,,,,,,,Augustiner Apotheke,,,16.0722842,,,,,,,,,,,,,,+43 3382 52934,,,47.0562387,,,,Ledergasse,yes,,,,,Fürstenfeld,,,8280,,,,,,,,,yes,pharmacy,,
,,pharmacy,,,,,,,,,,,,,,,8,,,,,,yes,,Mo-Sa 08:00-18:00,,,,Auwald Apotheke,,,16.5116916,,,,,,https://www.apotheke-auwald.at/,,,,,,,,,,,48.2145695,,,,Esslinger Hauptstraße,yes,,,,,Wien,,,1220,,,,,,,,,yes,pharmacy,,
,,pharmacy,,,,,,,,,,,,,,,,,,,,,,,,,,,Bachapotheke,,geoimage.at,16.2017281,,,,,,,,,,,,,,,,,47.2913268,,,,,yes,,,,,,,,,no,,,,,,,,,pharmacy,,
,,pharmacy,,,,,,,,,,,,,,,8,,,,,,,,"Mo-Sa 08:00-12:00, Mo-Fr 15:00-18:00",,+43 3852 23610,,Berg Apotheke,,,15.6754040,,,,,,,,2016-10-02,,,,,,,,,47.6073415,,,,Untere Berggasse,yes,,,,,Mürzzuschlag,,,8680,no,,,,,,,,,pharmacy,,AT
,,pharmacy,,,,,,,,,,,,,,,8,,,,,,,,Mo-Fr 08:00-18:00; Sa 08:00-12:00,,,,Birken Apotheke,,,16.2847399,,,,,birkenapotheke@aon.at,http://www.birken-apotheke.at/,,,,,,,,+43 1 8885144,,,48.1464551,,,,Khemetergasse,yes,,,,,Wien,,,1230,,,,,,,,,yes,,,AT
,,pharmacy,,,,,,,,,,,,,,,13,,,,,,,,"Mo-Fr 08:00-12:00, 14:00-18:00; Sa 08:00-12:00",,+43 5577 820210,,Braun Apotheke,,GeoImage.at,9.6596354,,,,,,,,,,,,,,,,,47.4280235,,,,Maria-Theresien-Straße,yes,,,,,Lustenau,,,6890,yes,,,,,,,,yes,,,AT
,,pharmacy,,,,,,,,,,,,,,,73,,,,,,,,,,,,Bären Apotheke,,geoimage.at,14.3012755,,,,,,,,,,,,,,,,,46.6121744,,,,Rosentaler Straße,yes,,,,,Klagenfurt am Wörthersee,,,,,,,,,,,,,,,AT
,,pharmacy,,,,www.christopherus-apotheke.at,,,,,,,,,,,47,,,,,,,,"Mo-Fr 08:00-12:00, 14:00-18:00; Sa 08:00-12:00",,+43 5572 208640,,Christopherus Apotheke,,,9.7309695,,,,,,,,,info@christopherus-apotheke.at,,,,,,,,47.4231017,,,,Rohrbach,yes,,,,+43 5572 208640 15,Dornbirn,,,6850,yes,,,,,,,,,,,AT
,,pharmacy,no,,,,,,,,,,,,,,13,,,,,,,,,,,,Die Apotheke,,,16.3698327,,,,,,https://www.dieapotheke.co.at/,,,,,,,,,,,47.8777176,,,,Hauptstraße,yes,,,,,Ebenfurth,,,2490,,,,,,,,,yes,pharmacy,,AT
,,pharmacy,,,,,,,,,,,,,,,35,,,,,,,,Mo-Fr 08:00-18:00; Sa 08:00-12:00,,,,Die Apotheke am Liesingbach,,,16.3829112,,,,,liesingbach@apothekenoberlaa.at,https://www.apothekeamliesingbach.at/,,,,,,,,+43 1 6884900,,,48.1410987,,,,Himberger Straße,yes,,,,,Wien,,,1100,,,,,,,,,yes,,,AT
,,pharmacy,,,,,,,,,,,,,,,153,,,,,,,,,,,,Die Blaue Apotheke,,,16.2726309,,,,,,http://www.blaueapotheke.at/,,,,,,,,,,,48.3088338,,,,Hauptstraße,yes,,,,,Klosterneuburg,,,3400,,,,,,,,,,pharmacy,,AT
,,pharmacy,,,,,,,,,,,,,Mag. pharm. Sabine Rieder e.U.,,22,,,,,,,,"Mo-Fr 08:00-12:00, 14:00-18:00; Sa 08:00-12:00; Su,PH off",,,,Die Ruster Apotheke,,,16.6722536,,,,,,,,2019-04-01,,,,,,,,,47.8034716,,,,Oggauerstraße,commercial,,,,,Rust,,,7071,yes,,,,,,,,yes,,,AT
,1,pharmacy,,,,http://www.donauapo.at,,,,,,,,,Mag. pharm. Harald Buchrucker,,15,,,,,,,2,Mo-Fr 08:00-18:00; Sa 08:00-12:00,,+43 732 783484,,Donau-Apotheke,,,14.3041775,,,,,,,,,donau.apo@gmx.net,,,,,,,,48.3102295,,,,Holzstraße,house,,,,+43 732 783484-40,Linz,,,4020,,,,,,,,,yes,pharmacy,,
,,pharmacy,,,,http://www.apobrunn.com,,,,,,,,,,,98,,,,,,,,Mo-Fr 08:00-18:00; Sa 08:00-12:00,,+43 (2236) 31 24 45,,Drei Löwen Apotheke,,,16.2980970,,,,,,,,,,,,,,,,,48.1116864,,,,Wiener Straße,yes,,,,,Brunn am Gebirge,,,2345,,,,,,,,,,,,AT
,,pharmacy,,,,,,,,,,,,,,,4a,,,,,,,,,,,,Edelweiss Apotheke,,,13.4842159,,,,,,,,,,,,,,,,,48.0025873,,,,Hauptstraße,yes,,,,,Vöcklamarkt,,,4870,yes,,,,,,,,,,,AT
,,pharmacy,no,,,,,,,,,,,,Mag. pharm. Elisabeth Prokes,,16b,,,,,,,,Mo-Fr 08:00-18:00; Sa 08:00-12:00,,,,Feld Apotheke,,,16.3579465,,,,,,http://www.feldapotheke.at/,,2018-04-02,,,,,,,,,48.0852092,,,,Siegfried Marcus-Straße,yes,,,,,Biedermannsdorf,,,2362,yes,,,,,,,,yes,pharmacy,,AT
,,pharmacy,,,,,,,,,,,,,,,28,,,,,,,,Mo-Fr 08:00-18:00; Sa 08:00-12:00,,,,Flötzersteig Apotheke,,,16.2890077,,,,,,,,,,,,,,+43 (1) 9141497,,,48.2023293,,,,Staargasse,yes,,,,,Wien,,,1140,no,,,,,,,,yes,,,AT
,,pharmacy,,,,,,,,,,,,,,,30,,,,,,,,Mo-Fr 08:00-18:00; Sa 08:00-12:00,,,,Franziskus-Apotheke,,,16.4540399,,,,,,,,,,,,,,,,,48.1581356,,,,Thürnlhofstraße,,,,,,Wien,,,1110,yes,,,,,,,,yes,pharmacy,no,AT
,,pharmacy,,,,,,,,,,,,,,,36,,,,,,,,"Mo-Fr 08:00-18:00, Sa 08:00-13:00",,,,Fürnitz-Apotheke,,,13.8025261,,,,,,http://www.fuernitz-apotheke.at/,+43 4257 20700-20,2017-10-01,,,,,,+43 4257 20700,,,46.5613193,,,,Oberrainer Straße,yes,,,,,Fürnitz,,,9586,,,,,,,,,,,,AT
,,pharmacy,,,Georg-Apotheke,,,,,,,,,,,,49,,,,,,,,Mo-Fr 08:00-18:00; Sa 08:00-12:00,,+43 2236 24139,,Georg-Apotheke,,,16.2892475,,,,,,,,,office@georgapotheke.at,,,,,,,,48.0777307,,,,Badstraße,yes,,,,+43 2236 241394,Mödling,,,2340,,,,,,,,,,,,AT
,,pharmacy,,,,,,,,,,,,,,,9,,,,,,,,,,,,Gerlitzen Apotheke,,basemap.at,13.8817480,,,,,,,,2016-10-02,,,,,,,,,46.6564620,,,,Eichrainweg,yes,,,,,Treffen am Ossiacher See,,,9521,yes,,,,,,,,,,,AT
,,pharmacy,,,,,,,,,,,,,,,53,,,,,,,,"Mo-Fr 08:00-12:00, 14:00-18:00; Sa 08:00-12:00",,+43 5572 58870,,Heilquell Apotheke,,,9.7641838,,,,,,,,,,,,,,,,,47.4467059,,,,Hofsteigstraße,yes,,,,,Schwarzach,,,6858,,,,,,,,,,,,AT
,,pharmacy,,,,,,,,,,,,,,,4,,,,,,,,"Mo-Fr 08:00-12:00,14:00-18:00; We,Sa 08:00-12:00",,,,Herz-Jesu-Apotheke,,,15.4307547,,,,,,,,,,,,,,,,,48.0257328,,,,Sankt Pöltner Straße,yes,,,,,Kirchberg an der Pielach,,,3204,,,,,,,,,yes,,,AT
,,pharmacy,,,,,,,,,,,,,,,,,,,,,,,,,,,Hubertus-Apotheke,,bing,13.4945384,,,,,,,,,,,,,,,,,46.7991151,,,,,commercial,,,,,,,,,yes,,,,,,,,yes,,,
,,pharmacy,,,,,,,,,,,,,,,50,,,,,,,,,,,,Jakobus Apotheke,,bing,13.5135194,,,,,,,,2017-04-07,,,,,,,,,46.8170659,,,,Hauptstraße,commercial,,,,,Seeboden am Millstätter See,,,9871,,,,,,,,,,,,AT
,,pharmacy,,,,,,,,,,,,,,,56,,,,,,,,,,,,Job,,basemap.at,16.5260786,,,,,,,,,,,,,,,,,47.8467407,,,,Hauptstraße,yes,,,,,Eisenstadt,,,,,,,,,,,,,,,AT
,,pharmacy,,,,,,,,,,,,,,,2,,,,,,,,Mo-Fr 08:00-18:00; Sa 08:00-12:30,,,,Kamptal Apotheke,,survey,15.6857202,,,,,,,,,,,,,,,,,48.4712572,,,,Hartriegelstraße,yes,,,,,Langenlois,,,3550,,,,,,,,,yes,,,AT
,,pharmacy,,,,,,,,,,,,,,,17,,,,,,,,"Mo-Fr 08:00-12:00,14:30-18:30; Sa 08:00-12:30",,,,Karwendelapotheke,,,11.7732768,,,,,,https://www.karwendel-apotheke.at/,,,,,,,,,,,47.3926549,,,,Postgasse,yes,,,,,Jenbach,,,6200,,,,,,,,,,,,AT
,,pharmacy,,,,,,,,,,,,,,,5,,,,,,,,"Mo-Fr 08:00-12:00, 14:00-18:00; Sa 08:00-12:00",,+43 5576 72335,,Kaulfus Apotheke,,,9.6898409,,,,,,,,,apo.kaulfus@aon.at,,,,,,,,47.3621842,,,,Schloßplatz,yes,,,,,Hohenems,,,6845,,,,,,,,,,,,AT
,,pharmacy,,,,,,,,,,,,,,,,,,,,,,,Mo-Fr 08:00-18:00;Sa 08:00-12:00,,,,Kreisapotheke,,,14.4118902,,,,,,,,,,,,,,,,,48.3500814,,,,,yes,,,,,,,,,,,,,,,,,yes,,,
,,pharmacy,,,,,,,,,,,,,,,16,,,,,,,,"Mo-Fr 08:00-12:30, 14:30-18:00; Sa 08:00-12:00",,,,Kreuzapotheke Peuerbach,,,13.7715562,,,,,,,,,,,,,,,,,48.3444053,,,,Hauptstraße,yes,,,,,Peuerbach,,,4722,,,,,,,,,yes,,,AT
,,pharmacy,,,,,,,,,,,,,,,2,,,,,,,,,,,,Kronburg Apotheke,GASTHAUS ZUM HIRSCHEN,geoimage.at,10.5900333,,,,,,,,2018-04-02,,,,,,,,,47.1578085,,,,Hauptplatz,yes,,,,,Zams,,,6511,,,,,,,,,,,,AT
,,pharmacy,no,,,,,,,,,,,,,,104,,,,,,,,,,,,Kurapotheke,,,13.7838404,,,,,,,,2018-10-01,,,,,,,,,47.6086012,,,,Oppauerplatz,yes,,,,,Bad Aussee,,,8990,yes,,,,,,,,yes,pharmacy,,AT
,,pharmacy,,,,,,,,,,,,,,,1c,,,,,,,,"Mo-Fr 08:30-12:00,14:30-18:30; Sa 08:30-12:00",,,,Kurapotheke,,,13.1339546,,,,,,,,,,,,,,,,,47.1093958,,,,Böcksteiner Bundesstraße,retail,,,,,Bad Gastein,,,5640,yes,,,,,,,,,,,AT
,,pharmacy,,,,,,,,,,,,,,,15,,,,,,,,Mo-Fr 08:00-18:00; Sa 08:00-12:00,,,,LEBENSKREIS APOTHEKE KG,,,14.7428939,,,,,info@lebenskreis-apotheke.at,https://www.lebenskreis-apotheke.at/,,,,,,,,+43 3577/242 55,,,47.1920862,,,,Tischlerstraße,yes,,Es gibt noch kein aktuelles Satellitenbild davon. (30.04.2019),,,Zeltweg,,,8740,yes,,,,,,,,yes,pharmacy,,AT
,,pharmacy,,,,,,,,,,,,,,,22,,,,,,,,,,,,Lebens Apotheke,,geoimage.at MaxRes,13.6443327,,,,,,https://www.lebens-apotheke.at/,,2018-04-02,,,,,,,,Binderhaus,48.3517295,,,,Hauptstraße,yes,,,,,Raab,,,4760,,,,,,,,,,,,AT
,,pharmacy,,,,http://www.lebensquell.at,,,,,,,,,,,29a,,,,,,,,Mo-Fr 08:00-18:00; Sa 08:00-12:00,,+43 5572 201120,,Lebensquell Apotheke,,,9.7545028,,,,,,,,,info@lebensquell.at,,,,,,,,47.4297070,,,,Haselstauderstraße,yes,,,,+43 5572 201120 3,Dornbirn,,,6850,yes,,,,,,,,yes,,,AT
,,pharmacy,,,,,,,,,,,,,,,2a,,,,,,,,,,+43 3452 822 33,,Linden Apotheke,,,15.5412269,,,107,,,,,,,,,,,,,,46.7831004,,,,Kaspar Harb-Gasse,yes,,,,,Leibnitz,,,8430,yes,,,,,yes,,,,,,AT
,,pharmacy,,,,,,,,,,,,,,,,,,,,,,,,,,,Linden Apotheke,,,10.7180840,,,,,,,,,,,,,,,,,47.4890906,,,,,yes,,,,,,,,,no,,,,,,,,yes,,,
,,pharmacy,,,,http://www.lotos-apotheke.at,,,,,,,,,,,127,,,,,,,,"Mo-Fr 08:00-12:00, 14:00-18:00; Sa 08:00-12:00",,+43 5574 62570,,Lotus Apotheke,,geoimage.at,9.7093736,,,,,,,,,,,,,,,,,47.4875647,,,,Hofsteigstraße,yes,,,,,Hard,,,6971,,,,,,,,,yes,,,AT
,,pharmacy,,,,,,,,,,,,,,,16,,,,,,,,,,+43 316 71 46 91,,Löwenapotheke,,"Adressdaten: © Österreichisches Adressregister, Stichtagsdaten vom 02.10.2016",14.2411484,,,179,,,,,,,,,,,,,,47.5691808,,,,Ausseer Straße,yes,,,,,Liezen,,,8940,,,,,,,,,yes,,,AT
,,pharmacy,,,,,,,,,,,,,Mag. Irmgard Huschka KG,,48,,,,,,,,,,,,Löwenapotheke,,,16.2252911,,,,,,,,,,,,,,,,,48.3865082,,,,Eduard-Rösch-Straße,yes,,,,,Stockerau,,,2000,yes,,,,,,,,,,,AT
,,pharmacy,,,,,,,,,,,,,,,,,,,,,,,,,,,Malchus-Apotheke,,,13.5033722,,,,,,,,,,,,,,,,,46.7950782,,,,,yes,,,,,,,,,,,,,,,,,,,,
,,pharmacy,,,,,,,,,,,,,,,22,,,,,,,,"Mo 08:00-12:00,14:00-18:30; Tu-Sa 08:00-12:00; Tu-Fr 14:00-18:00",,,,Maria Schutz Apotheke,,Bing,14.2944933,,,,,,,,,,,,,,,,,48.5216803,,,,Hauptplatz,yes,,,,,Bad Leonfelden,,,4190,yes,,,,,,,,,,,AT
,,pharmacy,,,,http://www.apotheke-baden.at,,,,,,,,,,,11,,,,,,,,Mo-Fr 08:00-18:00; Sa 08:00-12:00,,,,Marien Apotheke,,,16.2450280,,,,,,,,,,,,,,,,,48.0027710,,,,Leesdorfer Hauptstraße,yes,,,,,Baden,,,,,,,,,,,,,,,AT
,,pharmacy,,,,,,,,,,,,,,,36,,,,,,,,,,,,Marien Apotheke,,,13.8682116,,,,,,,,,,,,,,,,,46.6036572,,,,Maria-Gailer-Straße,yes,,,,,Villach,,,9500,yes,,,,,,,,yes,,,AT
,,pharmacy,,,,,,,,,,,,,,,3,,,,,,,,,,,,Marien Apotheke,,,11.5861147,,,,,,,,,,,,,,,,,47.2949063,,,,Karwendelstraße,yes,,,,,Wattens,,,6112,,,,,,,,,,pharmacy,,AT
,,pharmacy,,,,,,,,,,,,,Mag. Pharm. Loibersbeck,,5,,,,,,,,"Mo-Tu 07:30-12:00, 14:30-18:00; We 07:30-12:00; Th-Fr 07:30-12:00, 14:30-18:00; Sa 08:00-12:00; Su,PH off",,,,Marien Apotheke,,,15.8490419,,,,,,,,,,,,,,+43 2958 82424,,,48.5510918,,,,Hauptstraße,yes,,,,,Ravelsbach,,,3720,,,,,,,,,,,,
,,pharmacy,,,,,,,,,,,,,,,5,,,,,,,,"Mo-Fr 08:00-12:00,14:30-18:00; Sa 08:00-12:00",,,,Marien-Apotheke,,,15.5455416,,,,,,https://www.apotheke-obergrafendorf.at/,,,,,,,,,,,48.1503344,,,,Hauptstraße,yes,,,,,Ober-Grafendorf,,,3200,,,,,,,,,,,,
,,pharmacy,,,,,,,,,,,,,,,84,,,,,,,,,,,,Marien-Apotheke,,geoimage.at,16.2200904,,,,,,,,,,,,,,+43 (1) 9791051,,,48.2099126,,,,Hauptstraße,yes,,,,,Wien,,,1140,,,,,,,,,yes,,,AT
,,pharmacy,,,,,,,,,,,,,,,13,,,,,,,,,,+43 3117 279 88,,Marien-Apotheke,,geoimage.at,15.3168128,,,119,,,,,,,,,,,,,,46.8218422,,,,Marktstraße,house,,,,,Groß Sankt Florian,,,8522,,,,,,,,,,,,
,,pharmacy,,,,http://www.martin-apotheke.at,,,,,,,,,,,25,,,,,,,,"Mo-Fr 08:00-12:00, 14:00-18:00; Sa 08:00-12:00",,+43 5574 44202,,Martin-Apotheke,,,9.7462002,,,,,,,,2017-10-01,info@martin-apotheke.at,,,,,,,,47.5300574,,,,Bahnhofstraße,yes,,,,+43 5574 44202 83,Lochau,,,6911,limited,,,,,,,,,,,AT
,,pharmacy,,,,,#9C8B84,,,,,,,,Mag. Manfred Naderhirn,,17,,,,,,,1,,,+43 732 6715861,,Maximilian-Apotheke,,,14.2704217,tar_paper,,,,,,,,,plaster,,,,,,,48.2719572,,,,Welser Straße,yes,#ffffff,,,+43 732 67158611,Leonding,,flat,4060,,,,,,,,,yes,,,AT
,,pharmacy,,,,,,,,,,,,,,,62,,,,,,,,,,,,Narzissen-Apotheke,,,13.7757301,,,,,,,,,,,,,,,,,47.6141546,,,,Altausseer Straße,yes,,,,,Obertressen,,,8990,,,,,,,,,,,,
,,pharmacy,,,,,,,,,,,,,Mag.-pharm. Anton Past,,6,,,,,,,,Mo-Fr 8:00-12:00;Mo-Fr 14:00-18:30;Sa 8:00-12:00;Su 9:00-12:00,,,,Nibelungen-Apotheke,,plan.at 2009,14.1223587,,,,,,,,2017-04-07,,,,,,,,,48.2889547,,,,Edelweißstraße,yes,,,,,Alkoven,,,4072,,,,,,,,,,,,AT
,,pharmacy,,,,,,,,,,,,,,,17,,,,,,,,,,,,Nikolausaptheke Steinakirchen,,,15.0495171,,,,,,http://www.nikolausapotheke.at/,,2018-04-02,,,,,,,,,48.0666478,,,,Unterer Markt,yes,,,,,Steinakirchen am Forst,,,3261,,,,,,,,,,pharmacy,,AT
,,pharmacy,,,,,,,,,,,,,,,8,,,,,,,,,,,,Nordost-Apotheke,,,16.4722780,,,,,,,,,,,,,,+43 (1) 2825137,,,48.2352170,,,,Emichgasse,,,,,,Wien,,,1220,,,,,,,,,yes,,,AT
,,pharmacy,,,,,,,,,,,,,,,35,,,,,,,,"Mo-Fr 08:00-12:00, 14:00-18:00; Sa 08:00-12:00",,+43 5572 24431,,Oswald-Apotheke,,,9.7340346,,,,,,,,,,,,,,,,,47.4103933,,,,Moosmahdstraße,yes,,,,+43 5572 24431 6,Dornbirn,,,6850,limited,,,,,,,,yes,pharmacy,,AT
,,pharmacy,,,,,,,,,,,,,Mag.pharm. Walter Strauss,,17,,,,,,,,Mo-Fr 8:00-12:30 und 14:30-18:00 Sa 8:00-12:00,,,,Paracelsus Apotheke,,,13.0183227,,,,,,,,,,,,,,+43 662 431154,,,47.8182680,,,,Münchner Bundesstraße,yes,,,,,Salzburg,,,5020,,,,,,,,,yes,pharmacy,,
,,pharmacy,,,,,,,,,,,,,,,87a,,,,,,,,,,,,Paracelsus Apotheke,,GeoImage.at,15.4289301,,,,,,,,,,,,,,+43 316 271596,,,47.0512285,,,,Triester Straße,yes,,,,,Graz,,,8020,yes,,,,,,,,yes,pharmacy,,AT
,,pharmacy,,,,,,,,,,,,,,,26,,,,,,,,,,,,Paracelsus-Apotheke,,,14.8764444,,,,,,,,2017-04-07,,,,,,,,,46.8696773,,,,,yes,,,,,Frantschach-St. Gertraud,,,9413,,,St. Gertraud,,,,,,,,,AT
,,pharmacy,,,,,,,,,,,,,,,11,,,,,,,,,,,,Perau Apotheke,,,13.8430668,,,,,,,,,,,,,,,,,46.6044769,,,,Ossiacher Zeile,yes,,,,,Villach,,,9500,,,,,,,,,yes,,,
,,pharmacy,,,,www.apothekegraz.at,,,,,ATU27580506,,,,,,101,,,,,,,,,,+43 316 284156,,Peter Rosegger Apotheke,,Stadt Graz - data.graz.gv.at,15.3982990,,,,,,,,,info@apothekegraz.at,,,,,,,,47.0506427,,,,Peter-Rosegger-Straße,yes,,,FN 9859 z. Graz,+43 316 28 41 56-4,Graz,,,8052,yes,,,,,,,,yes,,,AT
,,pharmacy,,,,,,,,,,,,,,,21,,,,,,,,Mo-Fr 08:00-18:00; Sa 08:00-12:00,,,,Petrifelder Apotheke,,survey;GeoImage.at High-Res,15.4704261,,,,,,,,,,,,,,+43 316 473447,,,47.0523850,,,,Petrifelderstraße,yes,,,,,Graz,,,8042,,,,,,,,,yes,pharmacy,,AT
,,pharmacy,,,,,,,,,,,,,,,2,,,,,,,,"Mo,Tu,Th,Fr 08:00-12:00,14:00-18:00; We,Sa 08:00-12:00; PH off",,+43 7487 2673,,Petrus-Apotheke,,,15.0246702,,,,,,,,2017-04-07,,,,,,,,,47.9874152,,,,Wieselburger Straße,yes,,,,,Gresten,,,3264,,,,,,,,,yes,,,AT
,,pharmacy,,,,,,,,,,,,,,,4,,,,,,,,,,,,Porcia Apotheke,,bing,13.4968781,,,,,,,,,,,,,,,,,46.7978050,,,,Hauptplatz,commercial,,,,,Spittal an der Drau,,,9800,,,,,,,,,,pharmacy,,AT
,,pharmacy,,,,,,,,,,,,,,,1,,,,,,,,"Mo-Fr 08:00-12:00, 14:00-18:00; Sa 08:00-12:00",,+43 5577 833440,,Rheintal Apotheke,,,9.6570231,,,,,,,,,,,,,,,,,47.4375216,,,,Hofsteigstraße,yes,,,,,Lustenau,,,6890,,,,,,,,,yes,,,AT
,,pharmacy,,,,http://www.rosenegg.at,,,,,,,,,,,2a,,,,,,,,"Mo-Fr 08:30-12:15, 14:00-18:15; Sa 08:30-12:30",,+43 5552 66323,,Rosenegg Apotheke,,,9.8110433,,,,,,,,,apo@rosenegg.at,,,,,,,,47.1502971,,,,Aulandweg,yes,,,,+43 5552 66323 3,Bürs,,,6706,,,,,,,,,yes,,,AT
,,pharmacy,,,,,,,,,,,,,,,,,,,,,,,,,,,Rupertusapotheke,,,13.0245343,,,,,,,,,,,,,,,,,47.7966236,,,,,yes,,,,,,,,,,,,,,,,,yes,,,
,,pharmacy,,,,,,,,,,,,,,,84,,,,,,,,"Mo-Fr 07:30-18:00, Sa 07:30-12:00",,,,Römer-Apotheke,,,16.6110291,,,,,info@römer-apotheke.at,http://www.römer-apotheke.at/,,,,,,,,+43 2680 21115,,,47.8039377,,,,Hauptstraße,yes,,,,,St. Margarethen,,,,yes,,,,,,,,yes,,,AT
,,pharmacy,,,,,,,,,,,,,,,6,,,,,,,,,,,,Salvator Apotheke,,basemap.at,16.5210497,,,,,,,,,,,,,,,,,47.8458859,,,,Hauptstraße,yes,,,,,Eisenstadt,,,,,,,,,,,,yes,pharmacy,,AT
,,pharmacy,no,,,,,,,,,,,,Dr. Wrann OHG,,17,,,,,,,,"Mo - Fr: 8.00 - 12.00 Uhr, 14.30 - 18.00 Uhr, Sa: 8.00 - 12.00 Uhr",,,,Salvator Apotheke Dr. Wrann OHG,,,15.2086186,,,,,,,,2017-10-01,,,,,,,,,48.2118061,,,,Regensburgerstraße,yes,,,,,Pöchlarn,,,3380,,,,,,,,,,,,AT
,,pharmacy,,,,,,,,,,Q1855170,Apothekerhaus,,,,2,,,,,,,,,https://upload.wikimedia.org/wikipedia/commons/f/f9/Apothekerhaus%2C_Bruck_an_der_Mur%2C_Austria.jpg,+43 316 83 01 12,de:Liste der denkmalgeschützten Objekte in Bruck an der Mur,Salvator-Apotheke,,"geoimage.at, survey",15.2683140,,2,134,,,,,,,,,,,,,,47.4103322,,,attraction,Koloman-Walisch-Platz,yes,,,,,Bruck an der Mur,,,8600,yes,,,,,,,,,pharmacy,,AT
,,pharmacy,,,,,,,,,,,,,,,7,,,,,,,,"Mo-Fr 08:00-12:00,15:00-18:00; We,Sa 08:00-12:00",,,,Sankt Hubertus-Apotheke,,,15.6177440,,,,,,,,,,,,,,,,,47.9116517,,,,Alte Hauptstraße,yes,,,,,Hohenberg,,,3192,,,,,,,,,,,,
,,pharmacy,,,,,,,,,,,,,,,11,,,,,,,,,,,,Scheutz,,,15.1401238,,,,,,,,2017-10-01,,,,,,,,,48.1315200,,,,Bahnhofstraße,yes,,,,,Wieselburg,,,3250,,,,,,,,,,,,AT
,,pharmacy,,,,,,,,,,,,,,,4,,,,,,,,,,,,Schlossapotheke Anif,,,13.0669821,,,,,,http://www.schlossapothekeanif.at/,,2017-10-01,,,,,,,,,47.7465646,,,,Salzachtalbundesstraße,yes,,,,,Anif,,,5081,,,,,,,,,,,,AT
,,pharmacy,,,,,,,,,,,,,,,29,,,,,,,,,,,,Schloßapotheke Lackenbach,,geoimage.at,16.4675322,,,,,,,,,,,,,,,,,47.5879203,,,,Schloßgasse,yes,,,,,Lackenbach,,,7322,,,,,,,,,,,,AT
,,pharmacy,,,,,,,,,,,,,,,20,,,,,,,,,,,,Schutzengel Apotheke,,,14.0253861,,,,,,,,,,,,,,+43 7242 47098,,,48.1688741,,,,Eferdinger Straße,yes,,,,,Wels,,,4600,yes,,,,,,,,yes,,,AT
,,pharmacy,,,,,,,,,,,,,Mag. pharm. Wolfgang Bencic,,16,,,,,,,,,,,,Schutzengel-Apotheke,,,16.6487466,,,,,,,,,,,,,,,,,47.8957250,,,,Neusiedler Straße,yes,,,,,Donnerskirchen,,,7082,,,,,,,,,yes,,,AT
chemist,,pharmacy,,,,,,,,,,,,,,,34,,,,,,,,,,,,Schutzengel-Apotheke,,,16.3763125,,,,,,www.schutzengel-apo.at,,,,,,,,,,,47.8676910,,,,Hauptstraße,house,,,,,Neufeld,,,2491,,,,,,,,,,,,
,,pharmacy,,,,,,,,,,,,,Mag.pharm. Nadja Frischling,,19,,,,,,,,,,,,Schutzengel-Apotheke,,geoimage.at,13.4909964,,,,,,https://www.schutzengel-apotheke.com/,,,,,,,,+43 7667 6251,,,47.9333379,,,,Attergaustraße,house,,,,,St. Georgen im Attergau,,,4880,,,,,,,,,yes,,,AT
,,pharmacy,,,,,,,,,,,,,,,2,,,,,,,,,,,,Seering Apotheke,,geoimage.at,13.5053521,,,,,,,,,,,,,,,,,47.9289706,,,,Am See Ring,house,,,,,St. Georgen im Attergau,,,4880,,,,,,,,,yes,,,AT
,,pharmacy,,,,,,,,,,,,,,,11,,,,,,,,,,,,Sonnen Apotheke,,,13.8390388,,,,,,,,,,,,,,,,,46.5986740,,,,Kärntner Straße,yes,,,,,Villach,,,9500,,,,,,,,,yes,,,AT
,,pharmacy,,,,,,,,,,,,,,,2,,,,,,,,,,,,Sonnen Apotheke,,,16.0589582,,,,,,,,2017-10-01,,,,,,,,,48.3228706,,,,Prof.-Grossmann-Straße,yes,,,,,Tulln an der Donau,,,3430,,,,,,,,,,,,AT
,,pharmacy,,,,,#A8A7A2,,,,,,,,,,6,,,,,,,2,"Mo-Fr 08:00-19:00, Sa 08:00-12:30,15:00-18:00, Su 09:00-12:00,15:00-18:00",,,,Sonnen-Apotheke,,geoimage.at,14.0420808,,,,,,,,,,,,,,,,,46.6134479,,,,Karawankenplatz,yes,#999396,,,,Velden am Wörther See,,,9220,yes,,,,,,,,yes,,,
,,pharmacy,,,,,,,,,,,,,,,,,,,,,,,,,,,Sonnen-Apotheke,,,13.1889936,,,,,info@sonnenapotheke-werfen.at,,+43 6468 52822,,,,,,,+43 06468 5282,,,47.4770980,,,,,yes,,,,,,,,5452,,,,,,,,,,,,
,,pharmacy,,,,,,,,,,,,,,,187,,,,,,,,,,,,Sonnenapotheke,,,14.3382139,,,,,,,,,,,,,,,,,46.6372878,,,,Pischeldorfer Straße,yes,,,,,Klagenfurt am Wörthersee,,,,,,,,,,,,,,,AT
,,pharmacy,,,,,,,,,,,,,,,178,,,,,,,,,,+43 316 82 31 59,,Sonnenapotheke,,,15.2333925,,,140,,,,,,,,,,,,,,47.5231718,,,,Palbersdorf,yes,,,,,Thörl,,,8621,yes,,,,,,,,yes,,,
,,pharmacy,no,,,,,,,,,,,,,,5,,,,,,,,"Mo-Fr 08:00-12:00, 14:00-18:00; Sa 08:00-12:00",,,,St Georg-Apotheke,,,14.4491166,,,,,,,,,,,,,,,,,48.2710342,,,,Färbergasse,yes,,,,,St. Georgen an der Gusen,,,4222,,,,,,,,,yes,pharmacy,,AT
,,pharmacy,,,,,,,,,,,,,"Mag. pharm. Bernd Edler, BA",,44,,,,,,,,"Mo-Fr 08:00-13:00,14:00-18:00; Sa 08:00-12:30",,,,St Martin Apotheke,,geoimage.at,13.8318377,,,,,info@stmartin-apotheke.at,https://www.stmartin-apotheke.at,+4342425951220,2017-04-07,,,,,,+43424259512,,,46.6178246,,,,St.Martiner-Straße,yes,,,,,Villach,,,9500,yes,,,,1.Juli 2016,,,,yes,,,AT
,,pharmacy,,,,,,,,,,,,,,,42,,,,,,,,"Mo-Fr 08:00-12:30, 14:00-18:00; Sa 08:00-12:30",,+43 5574 71798,,St. Gebhard Apotheke,,GeoImage.at,9.7277527,,,,,,,,,,,,,,,,,47.4961833,,,,Heldendankstraße,yes,,,,+43 5574 71798 7,Bregenz,,,6900,,,,,,,,,,pharmacy,,AT
,,pharmacy,,,,,,,,,,,,,,,25,village,,,,,,,"Mo-Fr 08:00-12:00, 14:00-18:00;Sa 08:00-12:00",,,,St. Hubertus Apotheke,,plan.at 2009,16.2435659,,,,,,,,,,,,post_office,,+43 2628 62222,2603 Felixdorf,,47.8825519,,,,Hauptstraße,residential,,,,,Felixdorf,,,2603,,,,,,,,,yes,,,AT
,,pharmacy,,,,,,,,,,,,,,,12,,,,,,,,,,,,St. Hubertus Apotheke,,,14.0262033,,,,,,,,,,,,,,,,,48.3684040,,,,Kurzwernhartplatz,yes,,,,,Aschach an der Donau,,,4082,yes,,,,,,,,yes,,,AT
,,pharmacy,,,,,,,,,,,,,,,139,,,,,,,,,,,,St. Josef Apotheke,,,15.6615563,,,,,,,,,,,,,,,,,46.9324966,,,,,retail,,,,,Kirchbach-Zerlach,,,8082,,,Kirchbach in Steiermark,,,,,,,,,
,,pharmacy,,,,,,,,,,,,,,,95,,,,,,,,,,,,St. Thomas-Apotheke,,,15.4026232,,,,,,,,2018-10-01,,,,,,,,,46.9768264,,,,Hauptstraße,yes,,,,,Premstätten,,,8141,,,,,,,,,,pharmacy,,AT
,,pharmacy,,,,,,,,,,,,,G.u.J. Kleewein,,2b,,,,,,,,"Mo-Fr 08:30-12:30,14:30-18:00; Sa 08:30-12:30",,,,St.Barbara Apotheke,,geoimage.at MaxRes,11.8787898,,,,,,,,,,,,,,+43 5337 62900,,,47.4320494,,,,Burglechnerweg,yes,,,,,Brixlegg,,,6230,,,,,,,,,,,,AT
,,pharmacy,,,,,,,,,,,,,,,"15,16",,,,,,,,"Mo-Fr 08:00-12:00,14:00-18:00;Sa 08:00-12:00",,+43 7612 87125,,Stadt-Apotheke Altmünster,,geoimage.at,13.7644305,,,,,,,,,,,,,,,,,47.9008321,,,,Marktstraße,yes,,,,+43 7612 87125-90,Altmünster,,,4813,yes,,,,,,,,yes,,,AT
,,pharmacy,,yes,,,,yes,,,,,,,,,1,,,,,,,,,,,,Stadtapotheke,,,14.2449654,,,,,,,,2017-04-07,,,,,,,,,47.5619860,,,,Salzburger Straße,,,,,,Liezen,,,8940,yes,0,,,,,,,,,,AT
,,pharmacy,,,,,,,,,,,,,,,7,,,,,,,,Mo-Fr 08:00-18:00; Sa 08:00-12:00,,,,Stadtapotheke,,geoimage.at,13.0944177,,,,,,https://www.stadtapotheke-hallein.at/,,,,,,,,+43 6245 80622,,,47.6821793,,,,Bayrhamer Platz,yes,,,,,Hallein,,,5400,yes,,,,,,,,yes,,,AT
,,pharmacy,,,,http://www.apotheke-altheim.at/,,,,,,,,,,,25,,,,,,,,"Mo,Tu,Th,Fr 08:00-12:00,14:00-18:00; We 08:00-13:00; Sa 08:00-11:00",,+43 7723 42218,,Stadtapotheke Altheim,,geoimage.at,13.2338059,,,,,,,,,bestellung@apotheke-altheim.at,,,,,,,,48.2517896,,,,Bahnhofstraße,yes,,,,+43 7723 42218-20,Altheim,,,4950,no,,,,,,,,yes,,no,AT
,,pharmacy,,,,,,,,,,,,,,,6,,,,,,,,,,,,Stadtapotheke Friesach,,,14.4145729,,,,,,http://www.stadtapotheke-friesach.at/,,2018-04-02,,,,,,,,,46.9523949,,,,Industriestraße,yes,,,,,Friesach,,,9360,,,,,,,,,,,,AT
,,pharmacy,,,,,,,,,,,,,,,15,,,,,,,,,,,,Stadtapotheke Mag.pharm Alexander Rizy,,bing,14.0238845,,,,,,,,2017-10-01,,,,,,,,,48.3086872,,,,Stadtplatz,yes,,,,,Eferding,,,4070,yes,,,,,,,,yes,,,AT
,,pharmacy,,,,,,,,,,,,,,,444,,,,,,,,"Mo-Fr 08:00-12:30,14:30-18:30; Sa 08:00-12:00",,,,Steinbock,,,11.8621772,,,,,,,,,,,,,,,,,47.1660312,,,,Hauptstraße,yes,,,,,Mayrhofen,,,6290,,,,,,,,,,,,AT
,,pharmacy,,,,,,,,,,,,,,,80,,,,,,,,,,,,Steinbock Apotheke,,geoimage.at,14.0414008,,,,,,,,,,,,,,+43 7242 47404,,,48.1674373,,,,Hans-Sachs-Straße,yes,,,,,Wels,,,4600,yes,,,,,,,,yes,,,AT
,,pharmacy,,,,,,,Kaindorf an der Sulm,,,,,,,,100,,,,,,,,Mo-Fr 08:00-18:30; Sa 08:00-12:30,,+43 3452 832 34,,Sulmtal Apotheke,,geoimage.at,15.5384337,,,105,,sulmtal-apotheke@inode.at,https://sulmtal-apotheke.at/,,,,,,,,,,,46.7908434,,,,Grazer Straße,yes,,,,,Leibnitz,,,8430,yes,,,,,,,,,,,AT
,,pharmacy,,,,,,yes,,,,,,,,,,,,,,,,,"Mo-Fr 07:00-18:00, Sa 08:00-12:00",,,,Time Apotheke,,,14.2912442,,,,,,,,,,,,,,,,,48.2904196,,,,,,,,,,,,,,,0,,,,,,,,,,
,,pharmacy,,,,,,,,,,,,,,,391,,,,,,,,,,+43 3453 73 22,,Urbani-Apotheke,,geoimage.at,15.5557387,,,110,,,,,,,,,,,,,,46.7214375,,,,Untere Hauptstraße,yes,,,,,Gamlitz,,,8462,,,,,,,,,,,,
,,pharmacy,,,,http://www.vital-apotheke.at,,,,,,,,,,,,,,,,,,,Mo-Fr 8:00-19:00;Sa 8:00-18:00,,+43 1 8860323,,Vital Apotheke,,,16.2907162,,,,,,,,,info@vital-apotheke.at,,,,,,,,48.1519310,,,,,yes,,,,+43 1 88603234,,,,,,,,,,,,,,,,
,,pharmacy,,,,,,,,,,,,,,,1,,,,,,,,"Mo-Fr 08:00-12:30, 14:30-18:00; Sa 08:00-12:00",,,,Vitus Apotheke,,,15.2521304,,,,,,https://vitusapotheke.at/,,,,,,,,,,,47.4095510,,,,Rudolf-Burgstaller-Gasse,yes,,,,,Bruck an der Mur,,,8600,,,,,,,,,,,,AT
,,pharmacy,,,,,,,,,,,,,Mag. pharm. Barbara Hofer,,11,,,,,,,,,,,,Vulkanland Apotheke,,,15.9149457,,,,,,,,,,,,,,+43 3152 67032,,,46.9471356,,,,"Mühldorf, Industriepark",retail,,,,,Feldbach,,,8330,,,,,,,,,yes,pharmacy,,
,,pharmacy,,,,,,,,,,,,,,,23a,,,,,,,,,,,,Völkendorf Apotheke,,,13.8363581,,,,,,,,,,,,,,,,,46.6101944,,,,Völkendorfer Straße,yes,,,,,Villach,,,,,,,,,,,,yes,,,AT
,,pharmacy,,,,,,,,,,,,,,,96,,,,,,,,,,,,Wald-Apotheke Wagrain,,,13.2972845,,,,,,https://waldapowagrain.at/,,,,,,,,,,,47.3343921,,,,Markt,yes,,,,,Wagrain,,,5602,,,,,,,,,,,,AT
,,pharmacy,,,,http://www.walgau-apotheke.at,,,,,,,,,,,8,,,,,,,,"Mo-We 08:00-12:00, 14:30-18:30; Th 08:00-24:00; Fr 00:00-12:00, 14:30-18:30; Sa 08:00-12:00",,+43 5522 51136 0,,Walgau Apotheke,,,9.6326323,,,,,,,,,walgau-apotheke@aon.at,,,,,,,,47.2214316,,,,Auf Kasal,yes,,,,+43 5522 51136 8,Frastanz,,,6820,,,,,,,,,,,,AT
,,pharmacy,,,,,,,,,,,,,,,151-153,,,,,,,,Mo-Fr 08:00-18:00; Sa 08:00-12:00,,,,Wienerwaldapotheke,,basemap.at,16.2027000,,,,,,,,,,,,,,,,,48.1379389,,,,Hauptstraße,yes,,,,,Breitenfurt bei Wien,,,2384,,,,,,,,,,,,AT
,,pharmacy,,,,,,,,,,,,,,,65,,,,,,,,,,,,Wipptal-Apotheke,,,11.4522692,,,,,,,,,,,,,,,,,47.1324255,,,,Matrei am Brenner,yes,,,,,Matrei am Brenner,,,6143,,,,,,,,,yes,,,AT
,,pharmacy,,,,,,,,,,,,,,,7,,,,,,,,,,,,Zum Auge Gottes,,,16.6060155,,,,,,,,,,,,,,,,,48.1176171,,,,Klein Neusiedler Straße,yes,,,,,,,,2401,,,,,,,,,,,,
,,pharmacy,,,,,,,,,,,,,,,164,,,,,,,,"Mo-Fr 08:00-12:30,15:00-18:00; Sa 08:00-12:00",,,,Zum Heiligen Georg,,,16.1849464,,,,,,,,,,,,,,+43 2627 82288,,,47.7167006,,,,Eduard Huebmer-Gasse,yes,,,,,Pitten,,,2823,,,,,,,,,yes,,,AT
,,pharmacy,,,,,,,,,,,,,,,24,,,,,,,,,,+43 3476 23 39,,Zum Mohren,,,15.9864082,,,114,,,,,,,,,,,,,,46.6880386,,,,Langgasse,yes,,,,,Bad Radkersburg,,,8490,limited,,,,,,,,,,,
,,pharmacy,,,,,,,,,,,,,,,6,,,,,,,,,,,,Zur göttlichen Vorsehung,,,16.2073086,,,,,,,,2019-04-01,,,,,,,,,47.3496811,,,,Gottlieb August Wimmer Platz,yes,,,,,Oberschützen,,,7432,,,,,,,,,yes,,,AT
,,pharmacy,,,,,,,,,,,,,,,256,,,,,,,,,,,,Zur heiligen Dreifaltigkeit,,,16.4205836,,,,,,,,,,,,,,+43-1-2922660,,,48.2970009,,,,Brünner Straße,yes,,,,,Wien,,,1210,,,,,,,,,yes,,,AT
,,pharmacy,,,,,,,,,,,,,"Mag. pharm. Dina Hotter-Rahman, MSc (TCM)",,47,,,,,,,,Mo-Fr 08:00-18:00; Sa 08:00-12:30,,+43 316 693703,,purpur,,survey,15.4303895,,,,,,https://www.purpurapotheke.at/,,,apotheke@purpurapotheke.at,,,,,,,,47.1103145,,,,Radegunder Straße,yes,,,,+43 316 693703-30,Graz,,,8045,yes,,,,,,,,yes,,,AT
,,pharmacy,,,,,,,,,,,,,,,10,,,,,,,,"Mo-Fr 08:00-12:00, 14:30-18:00; Sa 08:00-12:00",,,,Ötscherland Apotheke,,geoimage.at,15.0893486,,,,,,,,,,,,,,+43 7485 97224,,,47.9284942,,,,Im Markt,house,,,,,Gaming,,,3292,,,,,,,,,yes,pharmacy,,
